QTD. EXPEDIÇÃO,Séria,CARREGAMENTO,BOOKING,NF,GP PRODUTO,VALOR NF,PESO,QTD. BOBINAS,TRANSPORTADOR,MODAL,TIPO,EMISSÃO,FATURAMENTO,ORIGEM,DESTINO,UF DEST,CLIENTE,PROG. COLETA,PREV. HORA,DATA CARREG,HORA CHEGADA VELD,HORA SAÍDA VELD,ATT AGENDA,ATT HORÁRIO,TEMPO CARREG,FREE,PERF CARREG,CONTÊINER,LACRE,INÍCIO DE VIAGEM,NAVIO,PREVISÃO /DESEMBARQUE,DT ENTREGA,STATUS CARGA,DIAS PO ORIGEM,DIAS NAVEGAÇÃO,DIAS PO DESTINO,DIAS OPERAÇÃO,L.T PRAZO,STATUS PRAZO L.T,FATURA,CT-E,VALOR DO FRETE,ADV,BAF,INFRAEST. PEDAGIO,IMPOSTOS,VLR ADICIONAL,CUSTO TRANSP.,% TRANSP / FATUR,MOTIVO/ OBS.,Emissão Fatura frete,VENCIMENTO FATURA,ENC PARA ADM?,FRETE/ BOBINA,FRETE/ KG,DIAS/ FATUR,MÊS DA FATURA,MÊS DO CARREGAMENTO,CUSTO DCI,% DCI/ NF ,CUSTO TOTAL ,% TOTAL C/F,CUSTO/ BOBINA,CUSTO/ KG,CHEGADA DESTINO PO,ENTRG REAL,VCTO FTR,PAGTO x ENTG,Ano entrega,STATUS LOGÍSTICA
1,2024,147492820241474928,1031,52024,5,245593.2,24697.0,512,ID CARGO BRASIL,Cabotagem,PA/ PA,2024-01-18 00:00:00,Anterior,Manaus AM,ANTA GORDA,RS,DIAMAJU AGRICOLA LTDA,2024-01-18 00:00:00,08:00:00,2024-01-18 00:00:00,08:00:00,10:00:00,PERFORMANCE,DENTRO DO HR,02:00:00,03:00:00,PERFORMANCE,14749282024,1474928,2024-02-04 00:00:00,ENT. REALIZADA,2024-02-24 00:00:00,2024-02-27 00:00:00,ENT. REALIZADA,17,20,3,40,30.0,PERFORMANCE,,1704,9780.44,,,,,,9780.44,0.039823741048204915,,,,,Antes,0.3960173300400859,0.3960173300400859,-45309,janeiro,janeiro,1288.22,0.005245340669041325,11068.66,0.04506908171724624,21.6184765625,10:45:22.607000,2024-02-24 00:00:00,2024-02-27 00:00:00,3,Venceu antes da chegada,2024
1,2024,119302720241193027,11930271193027,622024,62,269890.08,20465.58,30,LOG-IN,Cabotagem,PA/ PA,2024-02-01 00:00:00,Anterior,Manaus AM,Carazinho,RS,EXTRAPLAST,2024-02-01 00:00:00,08:00:00,2024-02-01 00:00:00,08:00:00,10:00:00,PERFORMANCE,DENTRO DO HR,02:00:00,03:00:00,PERFORMANCE,11930272024,1193027,2024-02-04 00:00:00,ENT. REALIZADA,2024-02-24 00:00:00,2024-02-27 00:00:00,ENT. REALIZADA,3,20,3,26,30.0,PERFORMANCE,,21086,15856.42,,,,,,15856.42,0.058751399829145255,,,,,Antes,0.7747847849902127,0.7747847849902127,-45323,fevereiro,fevereiro,1205.46,0.004466485022346875,17061.88,0.06321788485149213,568.7293333333333,20:00:30.523000,2024-02-24 00:00:00,2024-02-27 00:00:00,5,Venceu antes da chegada,2024
1,2024,AMFU883556620241471402,AMFU88355661471402,702024,70,293969.9,19136.0,42,LOG-IN,Cabotagem,PA/ PA,2024-02-07 00:00:00,Anterior,Manaus AM,Carazinho,RS,EXTRAPLAST,2024-02-07 00:00:00,08:00:00,2024-02-07 00:00:00,08:00:00,10:00:00,PERFORMANCE,DENTRO DO HR,02:00:00,03:00:00,PERFORMANCE,AMFU88355662024,1471402,2024-02-10 00:00:00,ENT. REALIZADA,2024-03-01 00:00:00,2024-03-04 00:00:00,ENT. REALIZADA,3,20,3,26,30.0,PERFORMANCE,,21542,13316.65,,,,,,16718.63,0.056871911035789716,,,,,Antes,0.8736742265886288,0.6958951714046823,-45329,fevereiro,fevereiro,2236.87,0.007609180395679965,18955.5,0.06448109143146968,451.32142857142856,23:46:25.033000,2024-03-01 00:00:00,2024-03-04 00:00:00,6,Venceu antes da chegada,2024
0,2024,AMFU883556620241471402,AMFU88355661471402,712024,71,59027.3,4105.0,4,LOG-IN,Cabotagem,PA/ PA,2024-02-07 00:00:00,Anterior,Manaus AM,ANTA GORDA,RS,DIAMAJU AGRICOLA LTDA,2024-02-07 00:00:00,08:00:00,2024-02-07 00:00:00,08:00:00,10:00:00,PERFORMANCE,DENTRO DO HR,02:00:00,03:00:00,PERFORMANCE,AMFU88355662024,1471402,2024-02-10 00:00:00,ENT. REALIZADA,2024-03-01 00:00:00,2024-03-04 00:00:00,ENT. REALIZADA,3,20,3,26,30.0,PERFORMANCE,,21543,2841.98,,,,,,,0.0,,,,,Antes,0.0,0.6923215590742996,-45329,fevereiro,fevereiro,284.81,0.004825055525155309,284.81,0.004825055525155309,71.2025,01:39:54.539000,2024-03-01 00:00:00,2024-03-04 00:00:00,6,Venceu antes da chegada,2024
1,2024,DFSU650647420241471413,DFSU65064741471413,722024,72,377654.6,24489.2,55,LOG-IN,Cabotagem,PA/ PA,2024-02-08 00:00:00,Anterior,Manaus AM,Carazinho,RS,EXTRAPLAST,2024-02-08 00:00:00,08:00:00,2024-02-08 00:00:00,08:00:00,10:00:00,PERFORMANCE,DENTRO DO HR,02:00:00,03:00:00,PERFORMANCE,DFSU65064742024,1471413,2024-02-11 00:00:00,ENT. REALIZADA,2024-03-02 00:00:00,2024-03-05 00:00:00,ENT. REALIZADA,3,20,3,26,30.0,PERFORMANCE,,21315,16248.29,,,,,,16248.29,0.04302420783435446,,,,,Antes,0.6634879865410058,0.6634879865410058,-45330,fevereiro,fevereiro,,0.0,16248.29,0.04302420783435446,295.42345454545455,15:55:25.362000,2024-03-02 00:00:00,2024-03-05 00:00:00,6,Venceu antes da chegada,2024
1,2024,CIPU502038920241471420,CIPU50203891471420,732024,73,383714.9,24755.8,56,LOG-IN,Cabotagem,PA/ PA,2024-02-09 00:00:00,Anterior,Manaus AM,Carazinho,RS,EXTRAPLAST,2024-02-09 00:00:00,08:00:00,2024-02-09 00:00:00,08:00:00,10:00:00,PERFORMANCE,DENTRO DO HR,02:00:00,03:00:00,PERFORMANCE,CIPU50203892024,1471420,2024-02-12 00:00:00,ENT. REALIZADA,2024-03-03 00:00:00,2024-03-06 00:00:00,ENT. REALIZADA,3,20,3,26,30.0,PERFORMANCE,,21590,16270.33,,,,,3005.68,19276.01,0.050235239757434484,,,,,Antes,0.7786462162402346,0.6572330524563941,-45331,fevereiro,fevereiro,,0.0,19276.01,0.050235239757434484,344.21446428571426,18:41:15.033000,2024-03-03 00:00:00,2024-03-06 00:00:00,6,Venceu antes da chegada,2024
1,2024,AMFU891623020241470838,AMFU89162301470838,762024,76,383293.3,24728.6,45,LOG-IN,Cabotagem,PA/ PA,2024-02-15 00:00:00,Anterior,Manaus AM,Carazinho,RS,EXTRAPLAST,2024-02-15 00:00:00,08:00:00,2024-02-15 00:00:00,08:00:00,10:00:00,PERFORMANCE,DENTRO DO HR,02:00:00,03:00:00,PERFORMANCE,AMFU89162302024,1470838,2024-02-18 00:00:00,ENT. REALIZADA,2024-03-09 00:00:00,2024-03-12 00:00:00,ENT. REALIZADA,3,20,3,26,30.0,PERFORMANCE,,22385,15473.34,,,,,653.41,16126.75,0.042074176616184004,,,,,Antes,0.652149737550852,0.62572648674005,-45337,fevereiro,fevereiro,,0.0,16126.75,0.042074176616184004,358.3722222222222,15:39:05.737000,2024-03-09 00:00:00,2024-03-12 00:00:00,7,Venceu antes da chegada,2024
1,2024,MSNU742570620241469225,MSNU74257061469225,772024,77,386590.15,24941.3,45,LOG-IN,Cabotagem,PA/ PA,2024-02-16 00:00:00,Anterior,Manaus AM,Carazinho,RS,EXTRAPLAST,2024-02-16 00:00:00,08:00:00,2024-02-16 00:00:00,08:00:00,10:00:00,PERFORMANCE,DENTRO DO HR,02:00:00,03:00:00,PERFORMANCE,MSNU74257062024,1469225,2024-02-19 00:00:00,ENT. REALIZADA,2024-03-10 00:00:00,2024-03-13 00:00:00,ENT. REALIZADA,3,20,3,26,30.0,PERFORMANCE,,21748,16280.78,,,,,,16280.78,0.042113799329858766,,,,,Antes,0.652763889612811,0.652763889612811,-45338,fevereiro,fevereiro,,0.0,16280.78,0.042113799329858766,361.7951111111111,15:39:58.800000,2024-03-10 00:00:00,2024-03-13 00:00:00,7,Venceu antes da chegada,2024
1,2024,CAIU483305420241474870,CAIU48330541474870,802024,80,386044.55,24906.1,56,LOG-IN,Cabotagem,PA/ PA,2024-02-17 00:00:00,Anterior,Manaus AM,Carazinho,RS,EXTRAPLAST,2024-02-17 00:00:00,08:00:00,2024-02-17 00:00:00,08:00:00,10:00:00,PERFORMANCE,DENTRO DO HR,02:00:00,03:00:00,PERFORMANCE,CAIU48330542024,1474870,2024-02-20 00:00:00,ENT. REALIZADA,2024-03-11 00:00:00,2024-03-14 00:00:00,ENT. REALIZADA,3,20,3,26,30.0,PERFORMANCE,,22450,15483.34,,,,,,15483.34,0.04010765078797253,,,,,Antes,0.6216685872135742,0.6216685872135742,-45339,fevereiro,fevereiro,2890.23,0.0074867784042023135,18373.57,0.04759442919217484,328.0994642857143,17:42:18.460000,2024-03-11 00:00:00,2024-03-14 00:00:00,7,Venceu antes da chegada,2024
1,2024,TCLU870182820241474853,TCLU87018281474853,812024,81,381193.05,24593.1,56,LOG-IN,Cabotagem,PA/ PA,2024-02-17 00:00:00,Anterior,Manaus AM,Carazinho,RS,EXTRAPLAST,2024-02-17 00:00:00,08:00:00,2024-02-17 00:00:00,08:00:00,10:00:00,PERFORMANCE,DENTRO DO HR,02:00:00,03:00:00,PERFORMANCE,TCLU87018282024,1474853,2024-02-20 00:00:00,ENT. REALIZADA,2024-03-11 00:00:00,2024-03-14 00:00:00,ENT. REALIZADA,3,20,3,26,30.0,PERFORMANCE,,22451,15465.7,,,,,,15465.7,0.04057183099219674,,,,,Antes,0.6288633803790494,0.6288633803790494,-45339,fevereiro,fevereiro,,0.0,15465.7,0.04057183099219674,276.1732142857143,15:05:33.796000,2024-03-11 00:00:00,2024-03-14 00:00:00,7,Venceu antes da chegada,2024
1,2024,TEMU850002920241474851,TEMU85000291474851,792024,79,378054.3,24390.6,55,LOG-IN,Cabotagem,PA/ PA,2024-02-17 00:00:00,Anterior,Manaus AM,Carazinho,RS,EXTRAPLAST,2024-02-17 00:00:00,08:00:00,2024-02-17 00:00:00,08:00:00,10:00:00,PERFORMANCE,DENTRO DO HR,02:00:00,03:00:00,PERFORMANCE,TEMU85000292024,1474851,2024-02-20 00:00:00,ENT. REALIZADA,2024-03-11 00:00:00,2024-03-14 00:00:00,ENT. REALIZADA,3,20,3,26,30.0,PERFORMANCE,,22449,15454.29,,,,,,15454.29,0.040878492851423726,,,,,Antes,0.6336166391970678,0.6336166391970678,-45339,fevereiro,fevereiro,,0.0,15454.29,0.040878492851423726,280.9870909090909,15:12:24.478000,2024-03-11 00:00:00,2024-03-14 00:00:00,7,Venceu antes da chegada,2024
1,2024,MSMU485229620241474776,MSMU48522961474776,842024,84,385658.6,24881.2,45,LOG-IN,Cabotagem,PA/ PA,2024-02-20 00:00:00,Anterior,Manaus AM,Carazinho,RS,EXTRAPLAST,2024-02-20 00:00:00,08:00:00,2024-02-20 00:00:00,08:00:00,10:00:00,PERFORMANCE,DENTRO DO HR,02:00:00,03:00:00,PERFORMANCE,MSMU48522962024,1474776,2024-02-23 00:00:00,ENT. REALIZADA,2024-03-14 00:00:00,2024-03-17 00:00:00,ENT. REALIZADA,3,20,3,26,30.0,PERFORMANCE,,22427,15481.94,,,,,,15481.94,0.040144158590006813,,,,,Antes,0.6222344581451056,0.6222344581451056,-45342,fevereiro,fevereiro,2945.07,0.0076364691465456765,18427.010000000002,0.04778062773655249,409.48911111111113,17:46:27.817000,2024-03-14 00:00:00,2024-03-17 00:00:00,8,Venceu antes da chegada,2024
1,2024,AMFU89421372024474766,AMFU8942137474766,832024,83,385643.1,24880.2,50,LOG-IN,Cabotagem,PA/ PA,2024-02-20 00:00:00,Anterior,Manaus AM,Carazinho,RS,EXTRAPLAST,2024-02-20 00:00:00,08:00:00,2024-02-20 00:00:00,08:00:00,10:00:00,PERFORMANCE,DENTRO DO HR,02:00:00,03:00:00,PERFORMANCE,AMFU89421372024,474766,2024-02-23 00:00:00,ENT. REALIZADA,2024-03-14 00:00:00,2024-03-17 00:00:00,ENT. REALIZADA,3,20,3,26,30.0,PERFORMANCE,,22452,15481.88,,,,,,15481.88,0.040145616503964414,,,,,Antes,0.6222570558114484,0.6222570558114484,-45342,fevereiro,fevereiro,2944.95,0.007636464907579054,18426.829999999998,0.04778208141154347,368.53659999999996,17:46:29.763000,2024-03-14 00:00:00,2024-03-17 00:00:00,8,Venceu antes da chegada,2024
1,2024,TCLU829286420241474740,TCLU82928641474740,872024,87,386597.9,24941.8,51,LOG-IN,Cabotagem,PA/ PA,2024-02-21 00:00:00,Anterior,Manaus AM,Carazinho,RS,EXTRAPLAST,2024-02-21 00:00:00,08:00:00,2024-02-21 00:00:00,08:00:00,10:00:00,PERFORMANCE,DENTRO DO HR,02:00:00,03:00:00,PERFORMANCE,TCLU82928642024,1474740,2024-02-24 00:00:00,ENT. REALIZADA,2024-03-15 00:00:00,2024-03-18 00:00:00,ENT. REALIZADA,3,20,3,26,30.0,PERFORMANCE,,22531,15485.36,,,,,2482.95,17968.31,0.046478033119165936,,,,,Antes,0.720409513347072,0.6208597615248298,-45343,fevereiro,fevereiro,2941.71,0.007609223950776763,20910.02,0.0540872570699427,410.00039215686274,20:07:13.655000,2024-03-15 00:00:00,2024-03-18 00:00:00,8,Venceu antes da chegada,2024
1,2024,TCLU816881120241474729,TCLU81688111474729,862024,86,385782.6,24889.2,45,LOG-IN,Cabotagem,PA/ PA,2024-02-21 00:00:00,Anterior,Manaus AM,Carazinho,RS,EXTRAPLAST,2024-02-21 00:00:00,08:00:00,2024-02-21 00:00:00,08:00:00,10:00:00,PERFORMANCE,DENTRO DO HR,02:00:00,03:00:00,PERFORMANCE,TCLU81688112024,1474729,2024-02-24 00:00:00,ENT. REALIZADA,2024-03-15 00:00:00,2024-03-18 00:00:00,ENT. REALIZADA,3,20,3,26,30.0,PERFORMANCE,,22453,15482.3,,,,,,15482.3,0.0401321884398104,,,,,Antes,0.6220489208170612,0.6220489208170612,-45343,fevereiro,fevereiro,2929.26,0.007593032967272242,18411.559999999998,0.04772522140708264,409.1457777777777,17:45:13.617000,2024-03-15 00:00:00,2024-03-18 00:00:00,8,Venceu antes da chegada,2024
1,2024,MSMU73679102024474665,MSMU7367910474665,922024,92,382786.45,24695.9,45,LOG-IN,Cabotagem,PA/ PA,2024-02-22 00:00:00,Anterior,Manaus AM,Carazinho,RS,EXTRAPLAST,2024-02-22 00:00:00,08:00:00,2024-02-22 00:00:00,08:00:00,10:00:00,PERFORMANCE,DENTRO DO HR,02:00:00,03:00:00,PERFORMANCE,MSMU73679102024,474665,2024-02-25 00:00:00,ENT. REALIZADA,2024-03-16 00:00:00,2024-03-19 00:00:00,ENT. REALIZADA,3,20,3,26,30.0,PERFORMANCE,,22480,15471.5,,,,,2090.91,17562.41,0.04588043803535888,,,,,Antes,0.7111467895480625,0.6264805089103859,-45344,fevereiro,fevereiro,2907.23,0.007594913560811779,20469.64,0.05347535159617066,454.8808888888889,19:53:34.191000,2024-03-16 00:00:00,2024-03-19 00:00:00,8,Venceu antes da chegada,2024
1,2024,PMG3639 2024MAO454984,1032,912024,91,436966.7,28191.4,54,BERTOLINI,Rodoviário,PA/ PA,2024-02-22 00:00:00,Anterior,Manaus AM,Carazinho,RS,EXTRAPLAST,2024-02-22 00:00:00,08:00:00,2024-02-22 00:00:00,08:00:00,10:00:00,PERFORMANCE,DENTRO DO HR,02:00:00,03:00:00,PERFORMANCE,PMG3639 2024,MAO454984,2024-02-25 00:00:00,ENT. REALIZADA,2024-03-07 00:00:00,2024-03-10 00:00:00,ENT. REALIZADA,3,11,3,17,20.0,PERFORMANCE,58037,58037,22228.29,,,,,,22228.29,0.05086952850182863,,,,,Antes,0.7884776917783437,0.7884776917783437,-45344,fevereiro,fevereiro,3325.71,0.007610900327187403,25554.0,0.05848042882901603,473.22222222222223,21:45:16.990000,2024-03-07 00:00:00,2024-03-10 00:00:00,8,Venceu antes da chegada,2024
1,2024,RAA4J732024MAO454983,1032,902024,90,303987.55,19612.1,35,BERTOLINI,Rodoviário,PA/ PA,2024-02-22 00:00:00,Anterior,Manaus AM,Carazinho,RS,EXTRAPLAST,2024-02-22 00:00:00,08:00:00,2024-02-22 00:00:00,08:00:00,10:00:00,PERFORMANCE,DENTRO DO HR,02:00:00,03:00:00,PERFORMANCE,RAA4J732024,MAO454983,2024-02-25 00:00:00,ENT. REALIZADA,2024-03-07 00:00:00,2024-03-10 00:00:00,ENT. REALIZADA,3,11,3,17,20.0,PERFORMANCE,58036,58036,21774.95,,,,,,21774.95,0.07163105857460281,,,,,Antes,1.1102814079063437,1.1102814079063437,-45344,fevereiro,fevereiro,2313.62,0.007610903801816883,24088.57,0.0792419623764197,688.2448571428571,1900-01-01 05:28:40.836000,2024-03-07 00:00:00,2024-03-10 00:00:00,8,Venceu antes da chegada,2024
1,2024,PMZ4B962024MAO454985,1034,942024,94,295137.05,19041.1,45,BERTOLINI,Rodoviário,PA/ PA,2024-02-23 00:00:00,Anterior,Manaus AM,Carazinho,RS,EXTRAPLAST,2024-02-23 00:00:00,08:00:00,2024-02-23 00:00:00,08:00:00,10:00:00,PERFORMANCE,DENTRO DO HR,02:00:00,03:00:00,PERFORMANCE,PMZ4B962024,MAO454985,2024-02-26 00:00:00,ENT. REALIZADA,2024-03-08 00:00:00,2024-03-11 00:00:00,ENT. REALIZADA,3,11,3,17,20.0,PERFORMANCE,58226,58226,21744.78,,,,,,21744.78,0.07367689010918825,,,,,Antes,1.141991796692418,1.141991796692418,-45345,fevereiro,fevereiro,2219.22,0.007519286378989015,23964.0,0.08119617648817727,532.5333333333333,1900-01-01 06:12:17.920000,2024-03-08 00:00:00,2024-03-11 00:00:00,8,Venceu antes da chegada,2024
1,2024,TEMU825863520241474680,TEMU82586351474680,932024,93,387047.4,24970.8,49,LOG-IN,Cabotagem,PA/ PA,2024-02-23 00:00:00,Anterior,Manaus AM,Carazinho,RS,EXTRAPLAST,2024-02-23 00:00:00,08:00:00,2024-02-23 00:00:00,08:00:00,10:00:00,PERFORMANCE,DENTRO DO HR,02:00:00,03:00:00,PERFORMANCE,TEMU82586352024,1474680,2024-02-26 00:00:00,ENT. REALIZADA,2024-03-17 00:00:00,2024-03-20 00:00:00,ENT. REALIZADA,3,20,3,26,30.0,PERFORMANCE,,22530,15486.99,,,,,,15486.99,0.04001316117870834,,,,,Antes,0.6202039982699793,0.6202039982699793,-45345,fevereiro,fevereiro,2929.69,0.007569331301540845,18416.68,0.047582492480249185,375.85061224489795,17:42:02.474000,2024-03-17 00:00:00,2024-03-20 00:00:00,8,Venceu antes da chegada,2024
1,2024,EJY61332024MAO454988,1034,952024,95,449898.05,29241.7,60,BERTOLINI,Rodoviário,PA/ PA,2024-02-24 00:00:00,Anterior,Manaus AM,Carazinho,RS,EXTRAPLAST,2024-02-24 00:00:00,08:00:00,2024-02-24 00:00:00,08:00:00,10:00:00,PERFORMANCE,DENTRO DO HR,02:00:00,03:00:00,PERFORMANCE,EJY61332024,MAO454988,2024-02-27 00:00:00,ENT. REALIZADA,2024-03-09 00:00:00,2024-03-12 00:00:00,ENT. REALIZADA,3,11,3,17,20.0,PERFORMANCE,58277,58277,22272.38,,,,,,22272.38,0.049505393499705105,,,,,Antes,0.7616650194756119,0.7616650194756119,-45346,fevereiro,fevereiro,3406.5,0.007571715414192171,25678.88,0.05707710891389727,427.98133333333334,21:04:32.991000,2024-03-09 00:00:00,2024-03-12 00:00:00,8,Venceu antes da chegada,2024
1,2024,CIPU502253020241276822,CIPU50225301276822,962024,96,356839.2,24609.6,67,LOG-IN,Cabotagem,PA/ PA,2024-02-26 00:00:00,Anterior,Manaus AM,Carazinho,RS,EXTRAPLAST,2024-02-26 00:00:00,08:00:00,2024-02-26 00:00:00,08:00:00,10:00:00,PERFORMANCE,DENTRO DO HR,02:00:00,03:00:00,PERFORMANCE,CIPU50225302024,1276822,2024-02-29 00:00:00,ENT. REALIZADA,2024-03-20 00:00:00,2024-03-23 00:00:00,ENT. REALIZADA,3,20,3,26,30.0,PERFORMANCE,,23269,15377.14,,,,,4363.64,19740.78,0.05532122031436008,,,,,Antes,0.8021576945582212,0.6248431506404005,-45348,fevereiro,fevereiro,2859.16,0.008012460514427786,22599.94,0.06333368082878786,337.3125373134328,22:02:24.435000,2024-03-20 00:00:00,2024-03-23 00:00:00,9,Venceu antes da chegada,2024
1,2024,CIPU502475920241472719,CIPU50247591472719,982024,98,358872.1,24749.8,64,LOG-IN,Cabotagem,PA/ PA,2024-02-27 00:00:00,Anterior,Manaus AM,Carazinho,RS,EXTRAPLAST,2024-02-27 00:00:00,08:00:00,2024-02-27 00:00:00,08:00:00,10:00:00,PERFORMANCE,DENTRO DO HR,02:00:00,03:00:00,PERFORMANCE,CIPU50247592024,1472719,2024-03-01 00:00:00,ENT. REALIZADA,2024-03-21 00:00:00,2024-03-24 00:00:00,ENT. REALIZADA,3,20,3,26,30.0,PERFORMANCE,,22799,15384.53,,,,,,15384.53,0.04286911688035933,,,,,Antes,0.6216021947652103,0.6216021947652103,-45349,fevereiro,fevereiro,2669.26,0.00743791451048995,18053.79,0.05030703139084928,282.09046875,17:30:24.649000,2024-03-21 00:00:00,2024-03-24 00:00:00,9,Venceu antes da chegada,2024
1,2024,MSDU584130520241276824,MSDU58413051276824,992024,99,357108.9,24628.2,69,LOG-IN,Cabotagem,PA/ PA,2024-02-28 00:00:00,Anterior,Manaus AM,Carazinho,RS,EXTRAPLAST,2024-02-28 00:00:00,08:00:00,2024-02-28 00:00:00,08:00:00,10:00:00,PERFORMANCE,DENTRO DO HR,02:00:00,03:00:00,PERFORMANCE,MSDU58413052024,1276824,2024-03-02 00:00:00,ENT. REALIZADA,2024-03-22 00:00:00,2024-03-25 00:00:00,ENT. REALIZADA,3,20,3,26,30.0,PERFORMANCE,,23268,15378.12,,,,,3272.73,18650.850000000002,0.05222734577603639,,,,,Antes,0.7572965137525277,0.6244110410017785,-45350,fevereiro,fevereiro,1670.07,0.004676640654993476,20320.920000000002,0.05690398643102986,294.50608695652176,19:48:09.314000,2024-03-22 00:00:00,2024-03-25 00:00:00,9,Venceu antes da chegada,2024
1,2024,HASU41957202024BR3494413,4AIBAK020R,1012024,101,280159.77,24792.9,18,ALIANÇA,Cabotagem,PA/ PA,2024-02-29 00:00:00,Anterior,Manaus AM,CAMACARI,BA,ANTILHAS BA,2024-02-29 00:00:00,08:00:00,2024-02-29 00:00:00,08:00:00,10:00:00,PERFORMANCE,DENTRO DO HR,02:00:00,03:00:00,PERFORMANCE,HASU41957202024,BR3494413,2024-03-03 00:00:00,ENT. REALIZADA,2024-03-23 00:00:00,2024-03-26 00:00:00,ENT. REALIZADA,3,20,3,26,30.0,PERFORMANCE,757864,417197,10501.77,,,,,,10501.77,0.037484932258475226,,,,,Antes,0.4235797345207701,0.4235797345207701,-45351,fevereiro,fevereiro,1618.11,0.005775668647929001,12119.880000000001,0.043260600906404226,673.3266666666667,11:43:56.190000,2024-03-23 00:00:00,2024-03-26 00:00:00,9,Venceu antes da chegada,2024
1,2024,SEGU411788520241472787,SEGU41178851472787,1032024,103,357396.0,24648.0,54,LOG-IN,Cabotagem,PA/ PA,2024-02-29 00:00:00,Anterior,Manaus AM,Carazinho,RS,EXTRAPLAST,2024-02-29 00:00:00,08:00:00,2024-02-29 00:00:00,08:00:00,10:00:00,PERFORMANCE,DENTRO DO HR,02:00:00,03:00:00,PERFORMANCE,SEGU41178852024,1472787,2024-03-03 00:00:00,ENT. REALIZADA,2024-03-23 00:00:00,2024-03-26 00:00:00,ENT. REALIZADA,3,20,3,26,30.0,PERFORMANCE,,23552,15379.17,,,,,,15379.17,0.043031175502803616,,,,,Antes,0.6239520447906524,0.6239520447906524,-45351,fevereiro,fevereiro,2844.59,0.007959210511589385,18223.760000000002,0.050990386014393006,337.47703703703706,17:44:40.756000,2024-03-23 00:00:00,2024-03-26 00:00:00,9,Venceu antes da chegada,2024
1,2024,LOGIN2024LOGIN,LOGINLOGIN,1022024,102,281586.96,24919.2,18,LOG-IN,Cabotagem,PA/ PA,2024-02-29 00:00:00,Anterior,Manaus AM,CAMACARI,BA,ANTILHAS BA,2024-02-29 00:00:00,08:00:00,2024-02-29 00:00:00,08:00:00,10:00:00,PERFORMANCE,DENTRO DO HR,02:00:00,03:00:00,PERFORMANCE,LOGIN2024,LOGIN,2024-03-03 00:00:00,ENT. REALIZADA,2024-03-23 00:00:00,2024-03-26 00:00:00,ENT. REALIZADA,3,20,3,26,30.0,PERFORMANCE,,999999,15400.0,,,,,,15400.0,0.054690032521392325,,,,,Antes,0.6179973674917333,0.6179973674917333,-45351,fevereiro,fevereiro,,0.0,15400.0,0.054690032521392325,855.5555555555555,14:49:54.973000,2024-03-23 00:00:00,2024-03-26 00:00:00,9,Venceu antes da chegada,2024
1,2024,SEGU404715520241472846,SEGU40471551472846,1052024,105,361545.9,24934.2,49,LOG-IN,Cabotagem,PA/ PA,2024-03-05 00:00:00,Stenio,Manaus AM,Carazinho,RS,EXTRAPLAST,2024-03-05 00:00:00,08:00:00,2024-03-05 00:00:00,08:00:00,10:00:00,PERFORMANCE,DENTRO DO HR,02:00:00,03:00:00,PERFORMANCE,SEGU40471552024,1472846,2024-03-08 00:00:00,ENT. REALIZADA,2024-03-28 00:00:00,2024-03-31 00:00:00,ENT. REALIZADA,3,20,3,26,30.0,PERFORMANCE,,23602,15394.26,,,,,,15394.26,0.042578992044993456,,,,,Antes,0.6173953846524051,0.6173953846524051,-45356,março,março,2877.72,0.007959487301612325,18271.98,0.050538479346605776,372.8975510204082,17:35:14.607000,2024-03-28 00:00:00,2024-03-31 00:00:00,10,Venceu antes da chegada,2024
1,2024,MSDU627166920241472847,MSDU62716691472847,1042024,104,354722.2,24463.6,56,LOG-IN,Cabotagem,PA/ PA,2024-03-05 00:00:00,Stenio,Manaus AM,Carazinho,RS,EXTRAPLAST,2024-03-05 00:00:00,08:00:00,2024-03-05 00:00:00,08:00:00,10:00:00,PERFORMANCE,DENTRO DO HR,02:00:00,03:00:00,PERFORMANCE,MSDU62716692024,1472847,2024-03-08 00:00:00,ENT. REALIZADA,2024-03-28 00:00:00,2024-03-31 00:00:00,ENT. REALIZADA,3,20,3,26,30.0,PERFORMANCE,,23558,15369.44,,,,,1568.18,16937.62,0.047748970884821974,,,,,Antes,0.6923600778299187,0.6282574927647607,-45356,março,março,2823.31,0.007959214280921802,19760.93,0.05570818516574379,352.87375000000003,19:23:11.214000,2024-03-28 00:00:00,2024-03-31 00:00:00,10,Venceu antes da chegada,2024
1,2024,SUDU 66037782024BR3494427,4AIBAK021P,1072024,107,359602.9,24800.2,49,ALIANÇA,Cabotagem,PA/ PA,2024-03-07 00:00:00,Stenio,Manaus AM,Carazinho,RS,EXTRAPLAST,2024-03-07 00:00:00,08:00:00,2024-03-07 00:00:00,08:00:00,10:00:00,PERFORMANCE,DENTRO DO HR,02:00:00,03:00:00,PERFORMANCE,SUDU 66037782024,BR3494427,2024-03-10 00:00:00,ENT. REALIZADA,2024-04-02 00:00:00,2024-04-05 00:00:00,ENT. REALIZADA,3,23,3,29,30.0,PERFORMANCE,757891,417361,14841.36,,,,,,14841.36,0.04127152478470001,,,,,Antes,0.5984371093781502,0.5984371093781502,-45358,março,março,1880.33,0.00522890666343347,16721.690000000002,0.046500431448133484,341.2589795918368,16:10:55.741000,2024-04-02 00:00:00,2024-04-05 00:00:00,10,Venceu antes da chegada,2024
1,2024,PONU82214042024BR3494779,4AIBAK021Q,1082024,108,356006.9,24552.2,47,ALIANÇA,Cabotagem,PA/ PA,2024-03-08 00:00:00,Stenio,Manaus AM,Carazinho,RS,EXTRAPLAST,2024-03-08 00:00:00,08:00:00,2024-03-08 00:00:00,08:00:00,10:00:00,PERFORMANCE,DENTRO DO HR,02:00:00,03:00:00,PERFORMANCE,PONU82214042024,BR3494779,2024-03-11 00:00:00,ENT. REALIZADA,2024-04-03 00:00:00,2024-04-06 00:00:00,ENT. REALIZADA,3,23,3,29,30.0,PERFORMANCE,757890,417578,14837.28,,,,,,14837.28,0.04167694502550372,,,,,Antes,0.604315702869804,0.604315702869804,-45359,março,março,2792.43,0.00784375246659545,17629.71,0.04952069749209916,375.10021276595745,17:13:59.530000,2024-04-03 00:00:00,2024-04-06 00:00:00,10,Venceu antes da chegada,2024
1,2024,MRKU56979512024BR3555509,4AIBAK021R,1102024,110,357425.0,24650.0,59,ALIANÇA,Cabotagem,PA/ PA,2024-03-08 00:00:00,Stenio,Manaus AM,Carazinho,RS,EXTRAPLAST,2024-03-08 00:00:00,08:00:00,2024-03-08 00:00:00,08:00:00,10:00:00,PERFORMANCE,DENTRO DO HR,02:00:00,03:00:00,PERFORMANCE,MRKU56979512024,BR3555509,2024-03-11 00:00:00,ENT. REALIZADA,2024-04-03 00:00:00,2024-04-06 00:00:00,ENT. REALIZADA,3,23,3,29,30.0,PERFORMANCE,759824,419041,14838.89,,,,,,14838.89,0.04151609428551444,,,,,Antes,0.6019833671399594,0.6019833671399594,-45359,março,março,1621.39,0.00453630831643002,16460.28,0.04605240260194446,278.9877966101695,16:01:34.450000,2024-04-03 00:00:00,2024-04-06 00:00:00,10,Venceu antes da chegada,2024
1,2024,MSKU14993692024  BR3492229,4AIBAK021S,1112024,111,386842.8,24957.6,55,ALIANÇA,Cabotagem,PA/ PA,2024-03-11 00:00:00,Stenio,Manaus AM,Carazinho,RS,EXTRAPLAST,2024-03-11 00:00:00,08:00:00,2024-03-11 00:00:00,08:00:00,10:00:00,PERFORMANCE,DENTRO DO HR,02:00:00,03:00:00,PERFORMANCE,MSKU14993692024,  BR3492229,2024-03-14 00:00:00,ENT. REALIZADA,2024-04-06 00:00:00,2024-04-09 00:00:00,ENT. REALIZADA,3,23,3,29,30.0,PERFORMANCE,759827,419051,14872.32,,,,,,14872.32,0.03844538401645319,,,,,Antes,0.5959034522550245,0.5959034522550245,-45362,março,março,2897.14,0.007489191992199416,17769.46,0.04593457600865261,323.0810909090909,17:05:15.584000,2024-04-06 00:00:00,2024-04-09 00:00:00,11,Venceu antes da chegada,2024
1,2024,MRSU54067502024BR3555520,4AIBAK021U,1132024,113,387155.9,24977.8,50,ALIANÇA,Cabotagem,PA/ PA,2024-03-11 00:00:00,Stenio,Manaus AM,Carazinho,RS,EXTRAPLAST,2024-03-11 00:00:00,08:00:00,2024-03-11 00:00:00,08:00:00,10:00:00,PERFORMANCE,DENTRO DO HR,02:00:00,03:00:00,PERFORMANCE,MRSU54067502024,BR3555520,2024-03-14 00:00:00,ENT. REALIZADA,2024-04-06 00:00:00,2024-04-09 00:00:00,ENT. REALIZADA,3,23,3,29,30.0,PERFORMANCE,759828,419059,14872.68,,,,,,14872.68,0.03841522239490603,,,,,Antes,0.5954359471210435,0.5954359471210435,-45362,março,março,2950.79,0.007621710013976281,17823.47,0.04603693240888231,356.4694,17:07:32.660000,2024-04-06 00:00:00,2024-04-09 00:00:00,11,Venceu antes da chegada,2024
1,2024,MRSU51099422024BR3555524,4AIBAK021V,1152024,115,383721.1,24756.2,51,ALIANÇA,Cabotagem,PA/ PA,2024-03-12 00:00:00,Stenio,Manaus AM,Carazinho,RS,EXTRAPLAST,2024-03-12 00:00:00,08:00:00,2024-03-12 00:00:00,08:00:00,10:00:00,PERFORMANCE,DENTRO DO HR,02:00:00,03:00:00,PERFORMANCE,MRSU51099422024,BR3555524,2024-03-15 00:00:00,ENT. REALIZADA,2024-04-07 00:00:00,2024-04-10 00:00:00,ENT. REALIZADA,3,23,3,29,30.0,PERFORMANCE,759825,419067,14868.77,,,,,,14868.77,0.038748898614123645,,,,,Antes,0.6006079285189164,0.6006079285189164,-45363,março,março,2943.16,0.007670049939917299,17811.93,0.04641894855404095,349.2535294117647,17:16:04.256000,2024-04-07 00:00:00,2024-04-10 00:00:00,11,Venceu antes da chegada,2024
1,2024,MRSU55535772024BR3495830,4AIBAK020T,1172024,117,304550.24,25232.0,18,ALIANÇA,Cabotagem,PA/ PA,2024-03-13 00:00:00,Stenio,Manaus AM,CAMACARI,BA,ANTILHAS BA,2024-03-13 00:00:00,08:00:00,2024-03-13 00:00:00,08:00:00,10:00:00,PERFORMANCE,DENTRO DO HR,02:00:00,03:00:00,PERFORMANCE,MRSU55535772024,BR3495830,2024-03-16 00:00:00,ENT. REALIZADA,2024-04-08 00:00:00,2024-04-11 00:00:00,ENT. REALIZADA,3,23,3,29,30.0,PERFORMANCE,759789,418723,10598.78,,,,,,10598.78,0.034801417329370685,,,,,Antes,0.42005310716550415,0.42005310716550415,-45364,março,março,1660.24,0.005451448667385716,12259.02,0.0402528659967564,681.0566666666667,11:39:37.621000,2024-04-08 00:00:00,2024-04-11 00:00:00,11,Venceu antes da chegada,2024
1,2024,MSKU16188952024BR3492028,4AIBAK021Y,1182024,118,384186.1,24786.2,44,ALIANÇA,Cabotagem,PA/ PA,2024-03-14 00:00:00,Stenio,Manaus AM,Carazinho,RS,EXTRAPLAST,2024-03-14 00:00:00,08:00:00,2024-03-14 00:00:00,08:00:00,10:00:00,PERFORMANCE,DENTRO DO HR,02:00:00,03:00:00,PERFORMANCE,MSKU16188952024,BR3492028,2024-03-17 00:00:00,ENT. REALIZADA,2024-04-09 00:00:00,2024-04-12 00:00:00,ENT. REALIZADA,3,23,3,29,30.0,PERFORMANCE,759826,418995,14869.31,,,,,,14869.31,0.03870340441780689,,,,,Antes,0.5999027684760068,0.5999027684760068,-45365,março,março,2944.65,0.007664644816665674,17813.96,0.04636804923447257,404.8627272727272,17:14:56.092000,2024-04-09 00:00:00,2024-04-12 00:00:00,11,Venceu antes da chegada,2024
1,2024,MRSU52070502024BR3558595,4AIBAK143K,1342024,134,379354.2,25014.8,41,ALIANÇA,Cabotagem,PA/ PA,2024-03-25 00:00:00,Stenio,Manaus AM,Carazinho,RS,EXTRAPLAST,2024-03-25 00:00:00,08:00:00,2024-03-25 00:00:00,08:00:00,10:00:00,PERFORMANCE,DENTRO DO HR,02:00:00,03:00:00,PERFORMANCE,MRSU52070502024,BR3558595,2024-03-28 00:00:00,ENT. REALIZADA,2024-04-20 00:00:00,2024-04-23 00:00:00,ENT. REALIZADA,3,23,3,29,30.0,PERFORMANCE,767947,421901,14863.81,,,,,,14863.81,0.039181878044318476,,,,,Antes,0.5942006332251307,0.5942006332251307,-45376,março,março,2378.31,0.006269365147400503,17242.12,0.045451243191718976,420.5395121951219,16:32:33.511000,2024-04-20 00:00:00,2024-04-23 00:00:00,13,Venceu antes da chegada,2024
1,2024,HASU43726982024BR3557723,4AIBAK152M,1362024,136,389922.65,25156.3,42,ALIANÇA,Cabotagem,PA/ PA,2024-03-26 00:00:00,Stenio,Manaus AM,Carazinho,RS,EXTRAPLAST,2024-03-26 00:00:00,08:00:00,2024-03-26 00:00:00,08:00:00,10:00:00,PERFORMANCE,DENTRO DO HR,02:00:00,03:00:00,PERFORMANCE,HASU43726982024,BR3557723,2024-03-29 00:00:00,ENT. REALIZADA,2024-04-21 00:00:00,2024-04-24 00:00:00,ENT. REALIZADA,3,23,3,29,30.0,PERFORMANCE,767948,421907,14875.82,,,,,,14875.82,0.038150694759588856,,,,,Antes,0.5913357687736273,0.5913357687736273,-45377,março,março,2391.77,0.00613396015850836,17267.59,0.044284654918097216,411.1330952380952,16:28:26.010000,2024-04-21 00:00:00,2024-04-24 00:00:00,13,Venceu antes da chegada,2024
1,2024,MRSU56053102024BR3494311,4AIBAK143N,1352024,135,376615.9,24297.8,42,ALIANÇA,Cabotagem,PA/ PA,2024-03-26 00:00:00,Stenio,Manaus AM,Carazinho,RS,EXTRAPLAST,2024-03-26 00:00:00,08:00:00,2024-03-26 00:00:00,08:00:00,10:00:00,PERFORMANCE,DENTRO DO HR,02:00:00,03:00:00,PERFORMANCE,MRSU56053102024,BR3494311,2024-03-29 00:00:00,ENT. REALIZADA,2024-04-21 00:00:00,2024-04-24 00:00:00,ENT. REALIZADA,3,23,3,29,30.0,PERFORMANCE,767946,421903,14860.7,,,,,,14860.7,0.03945850400899165,,,,,Antes,0.6116068121393707,0.6116068121393707,-45377,março,março,2310.14,0.006133941769319882,17170.84,0.045592445778311536,408.82952380952383,16:57:37.403000,2024-04-21 00:00:00,2024-04-24 00:00:00,13,Venceu antes da chegada,2024
1,2024,MSKU92965212024BR3493288,4AIBAK152N,1382024,138,391196.75,25238.5,42,ALIANÇA,Cabotagem,PA/ PA,2024-03-27 00:00:00,Stenio,Manaus AM,Carazinho,RS,EXTRAPLAST,2024-03-27 00:00:00,08:00:00,2024-03-27 00:00:00,08:00:00,10:00:00,PERFORMANCE,DENTRO DO HR,02:00:00,03:00:00,PERFORMANCE,MSKU92965212024,BR3493288,2024-03-30 00:00:00,ENT. REALIZADA,2024-04-22 00:00:00,2024-04-25 00:00:00,ENT. REALIZADA,3,23,3,29,30.0,PERFORMANCE,767950,422681,14877.27,,,,,,14877.27,0.0380301472340964,,,,,Antes,0.5894672821284942,0.5894672821284942,-45378,março,março,2404.01,0.006145270889903866,17281.28,0.04417541812400026,411.45904761904757,16:25:59.720000,2024-04-22 00:00:00,2024-04-25 00:00:00,13,Venceu antes da chegada,2024
1,2024,SUDU58322402024BR3493535,4AIBAK143O,1372024,137,390066.8,25165.6,43,ALIANÇA,Cabotagem,PA/ PA,2024-03-27 00:00:00,Stenio,Manaus AM,Carazinho,RS,EXTRAPLAST,2024-03-27 00:00:00,08:00:00,2024-03-27 00:00:00,08:00:00,10:00:00,PERFORMANCE,DENTRO DO HR,02:00:00,03:00:00,PERFORMANCE,SUDU58322402024,BR3493535,2024-03-30 00:00:00,ENT. REALIZADA,2024-04-22 00:00:00,2024-04-25 00:00:00,ENT. REALIZADA,3,23,3,29,30.0,PERFORMANCE,767949,421905,14875.99,,,,,,14875.99,0.038137031913508146,,,,,Antes,0.5911239946593763,0.5911239946593763,-45378,março,março,2493.15,0.006391597541754387,17369.14,0.044528629455262536,403.933488372093,16:33:52.741000,2024-04-22 00:00:00,2024-04-25 00:00:00,13,Venceu antes da chegada,2024
1,2024,DFSU620556820243498174,DFSU6205568,62024,6,261036.0,22853.4,17,ALIANÇA,Cabotagem,PA/ PA,2024-03-28 00:00:00,Anterior,Manaus AM,ANTA GORDA,RS,DIAMAJU AGRICOLA LTDA,2024-03-28 00:00:00,08:00:00,2024-03-28 00:00:00,08:00:00,10:00:00,PERFORMANCE,DENTRO DO HR,02:00:00,03:00:00,PERFORMANCE,DFSU62055682024,3498174,2024-04-01 00:00:00,ENT. REALIZADA,2024-04-20 00:00:00,2024-04-20 00:00:00,ENT. REALIZADA,4,19,0,23,30.0,PERFORMANCE,,427127,15568.23,,,,,,15568.23,0.059640164575001146,,,,,Antes,0.6812216125390532,0.6812216125390532,-45379,março,março,1746.28,0.006689805237591749,17314.51,0.0663299698125929,1018.500588235294,18:10:59.567000,2024-04-20 00:00:00,2024-04-20 00:00:00,13,Venceu antes da chegada,2024
1,2024,MRKU37320822024BR3494368,4AIBAK152R,1402024,140,368126.55,25933.5,61,ALIANÇA,Cabotagem,PA/ PA,2024-03-28 00:00:00,Stenio,Manaus AM,Carazinho,RS,EXTRAPLAST,2024-03-28 00:00:00,08:00:00,2024-03-28 00:00:00,08:00:00,10:00:00,PERFORMANCE,DENTRO DO HR,02:00:00,03:00:00,PERFORMANCE,MRKU37320822024,BR3494368,2024-03-31 00:00:00,ENT. REALIZADA,2024-04-23 00:00:00,2024-04-26 00:00:00,ENT. REALIZADA,3,23,3,29,30.0,PERFORMANCE,770208,423823,14873.78,,,,,,14873.78,0.04040398607489735,,,,,Antes,0.5735353885900476,0.5735353885900476,-45379,março,março,2499.61,0.0067900834645042586,17373.39,0.0471940695394016,284.8096721311475,16:04:41.154000,2024-04-23 00:00:00,2024-04-26 00:00:00,13,Venceu antes da chegada,2024
1,2024,GCXU5724418 2024BR3494334,4AIBAK152O,1412024,141,356277.35,24256.5,69,ALIANÇA,Cabotagem,PA/ PA,2024-03-28 00:00:00,Stenio,Manaus AM,Carazinho,RS,EXTRAPLAST,2024-03-28 00:00:00,08:00:00,2024-03-28 00:00:00,08:00:00,10:00:00,PERFORMANCE,DENTRO DO HR,02:00:00,03:00:00,PERFORMANCE,GCXU5724418 2024,BR3494334,2024-03-31 00:00:00,ENT. REALIZADA,2024-04-23 00:00:00,2024-04-26 00:00:00,ENT. REALIZADA,3,23,3,29,30.0,PERFORMANCE,770207,424313,14860.32,,,,,,14860.32,0.04170997679195717,,,,,Antes,0.6126324902603426,0.6126324902603426,-45379,março,março,1735.35,0.004870783955252839,16595.67,0.04658076074721,240.5169565217391,16:25:12.646000,2024-04-23 00:00:00,2024-04-26 00:00:00,13,Venceu antes da chegada,2024
1,2024,MSKU15002642024BR3493333,4AIBAK143P,1392024,139,389164.7,25107.4,45,ALIANÇA,Cabotagem,PA/ PA,2024-03-28 00:00:00,Stenio,Manaus AM,Carazinho,RS,EXTRAPLAST,2024-03-28 00:00:00,08:00:00,2024-03-28 00:00:00,08:00:00,10:00:00,PERFORMANCE,DENTRO DO HR,02:00:00,03:00:00,PERFORMANCE,MSKU15002642024,BR3493333,2024-03-31 00:00:00,ENT. REALIZADA,2024-04-23 00:00:00,2024-04-26 00:00:00,ENT. REALIZADA,3,23,3,29,30.0,PERFORMANCE,770211,423819,14897.68,,,,,,14897.68,0.03828116990055881,,,,,Antes,0.5933581334586616,0.5933581334586616,-45379,março,março,2391.52,0.006145264460008834,17289.2,0.044426434360567646,384.20444444444445,16:31:35.881000,2024-04-23 00:00:00,2024-04-26 00:00:00,13,Venceu antes da chegada,2024
1,2024,CAAU648900620241475663,CAAU64890061475663,1432024,143,364502.6,24916.8,51,LOG-IN,Cabotagem,PA/ PA,2024-04-03 00:00:00,Stenio,Manaus AM,Carazinho,RS,EXTRAPLAST,2024-04-03 00:00:00,08:00:00,2024-04-03 00:00:00,08:00:00,10:00:00,PERFORMANCE,DENTRO DO HR,02:00:00,03:00:00,PERFORMANCE,CAAU64890062024,1475663,2024-04-06 00:00:00,ENT. REALIZADA,2024-04-26 00:00:00,2024-04-29 00:00:00,ENT. REALIZADA,3,20,3,26,30.0,PERFORMANCE,,26343,15405.01,,,,,,15405.01,0.04226310045525053,,,,,Antes,0.6182579624991974,0.6182579624991974,-45385,abril,abril,2328.98,0.006389474313763469,17733.99,0.048652574769014,347.7252941176471,17:04:53.319000,2024-04-26 00:00:00,2024-04-29 00:00:00,14,Venceu antes da chegada,2024
1,2024,CAIU778230420241475662,CAIU77823041475662,1422024,142,354258.1,24949.0,52,LOG-IN,Cabotagem,PA/ PA,2024-04-03 00:00:00,Stenio,Manaus AM,Carazinho,RS,EXTRAPLAST,2024-04-03 00:00:00,08:00:00,2024-04-03 00:00:00,08:00:00,10:00:00,PERFORMANCE,DENTRO DO HR,02:00:00,03:00:00,PERFORMANCE,CAIU77823042024,1475662,2024-04-06 00:00:00,ENT. REALIZADA,2024-04-26 00:00:00,2024-04-29 00:00:00,ENT. REALIZADA,3,20,3,26,30.0,PERFORMANCE,,26344,15367.76,,,,,,15367.76,0.04338012313621058,,,,,Antes,0.6159669726241532,0.6159669726241532,-45385,abril,abril,2334.45,0.0065896870106851475,17702.21,0.04996981014689572,340.4271153846154,17:01:43.898000,2024-04-26 00:00:00,2024-04-29 00:00:00,14,Venceu antes da chegada,2024
1,2024,MSMU6381172320241472306,MSMU638117231472306,1452024,145,352703.55,24410.7,41,LOG-IN,Cabotagem,PA/ PA,2024-04-04 00:00:00,Stenio,Manaus AM,Carazinho,RS,EXTRAPLAST,2024-04-04 00:00:00,08:00:00,2024-04-04 00:00:00,08:00:00,10:00:00,PERFORMANCE,DENTRO DO HR,02:00:00,03:00:00,PERFORMANCE,MSMU638117232024,1472306,2024-04-07 00:00:00,ENT. REALIZADA,2024-04-27 00:00:00,2024-04-30 00:00:00,ENT. REALIZADA,3,20,3,26,30.0,PERFORMANCE,,26342,15362.1,,,,,,15362.1,0.043555274677558535,,,,,Antes,0.6293182907495484,0.6293182907495484,-45386,abril,abril,1814.52,0.005144603733078388,17176.62,0.04869987841063692,418.9419512195122,16:53:15.470000,2024-04-27 00:00:00,2024-04-30 00:00:00,14,Venceu antes da chegada,2024
1,2024,TRHU704204920241472318,TRHU70420491472318,1442024,144,386416.55,24930.1,50,LOG-IN,Cabotagem,PA/ PA,2024-04-04 00:00:00,Stenio,Manaus AM,Carazinho,RS,EXTRAPLAST,2024-04-04 00:00:00,08:00:00,2024-04-04 00:00:00,08:00:00,10:00:00,PERFORMANCE,DENTRO DO HR,02:00:00,03:00:00,PERFORMANCE,TRHU70420492024,1472318,2024-04-07 00:00:00,ENT. REALIZADA,2024-04-27 00:00:00,2024-04-30 00:00:00,ENT. REALIZADA,3,20,3,26,30.0,PERFORMANCE,,26341,15484.7,,,,,,15484.7,0.04007255900400747,,,,,Antes,0.6211246645621158,0.6211246645621158,-45386,abril,abril,2387.71,0.006179109046959816,17872.41,0.04625166805096728,357.4482,17:12:20.234000,2024-04-27 00:00:00,2024-04-30 00:00:00,14,Venceu antes da chegada,2024
1,2024,CXDU110735520241472211,CXDU11073551472211,1472024,147,362202.75,24979.5,64,LOG-IN,Cabotagem,PA/ PA,2024-04-05 00:00:00,Stenio,Manaus AM,Carazinho,RS,EXTRAPLAST,2024-04-05 00:00:00,08:00:00,2024-04-05 00:00:00,08:00:00,10:00:00,PERFORMANCE,DENTRO DO HR,02:00:00,03:00:00,PERFORMANCE,CXDU11073552024,1472211,2024-04-08 00:00:00,ENT. REALIZADA,2024-04-28 00:00:00,2024-05-01 00:00:00,ENT. REALIZADA,3,20,3,26,30.0,PERFORMANCE,,26339,15396.65,,,,,,15396.65,0.04250837410814799,,,,,Antes,0.6163714245681459,0.6163714245681459,-45387,abril,abril,2007.92,0.005543635436230123,17404.57,0.04805200954437811,271.94640625,16:43:19.558000,2024-04-28 00:00:00,2024-05-01 00:00:00,14,Venceu antes da chegada,2024
1,2024,CAAU638168620241472229,CAAU63816861472229,1482024,148,366787.15,24493.1,50,LOG-IN,Cabotagem,PA/ PA,2024-04-05 00:00:00,Stenio,Manaus AM,Carazinho,RS,EXTRAPLAST,2024-04-05 00:00:00,08:00:00,2024-04-05 00:00:00,08:00:00,10:00:00,PERFORMANCE,DENTRO DO HR,02:00:00,03:00:00,PERFORMANCE,CAAU63816862024,1472229,2024-04-08 00:00:00,ENT. REALIZADA,2024-04-28 00:00:00,2024-05-01 00:00:00,ENT. REALIZADA,3,20,3,26,30.0,PERFORMANCE,,26340,15413.32,,,,,,15413.32,0.0420225190549887,,,,,Antes,0.6292923313096341,0.6292923313096341,-45387,abril,abril,2346.86,0.006398424808502697,17760.18,0.0484209438634914,355.2036,17:24:09.463000,2024-04-28 00:00:00,2024-05-01 00:00:00,14,Venceu antes da chegada,2024
1,2024,HASU401463120243498365,4AIBAK257J,1562024,156,358799.6,24744.8,55,ALIANÇA,Cabotagem,PA/ PA,2024-04-10 00:00:00,Stenio,Manaus AM,Carazinho,RS,EXTRAPLAST,2024-04-10 00:00:00,08:00:00,2024-04-10 00:00:00,08:00:00,10:00:00,PERFORMANCE,DENTRO DO HR,02:00:00,03:00:00,PERFORMANCE,HASU40146312024,3498365,2024-04-13 00:00:00,ENT. REALIZADA,2024-05-06 00:00:00,2024-05-09 00:00:00,ENT. REALIZADA,3,23,3,29,30.0,PERFORMANCE,774644,425999,14863.18,,,,,,14863.18,0.04142473960394605,,,,,Antes,0.6006587242572177,0.6006587242572177,-45392,abril,abril,2358.08,0.006572136646752115,17221.260000000002,0.04799687625069817,313.1138181818182,16:42:10.487000,2024-05-06 00:00:00,2024-05-09 00:00:00,15,Venceu antes da chegada,2024
1,2024,MRKU27209762024BR3498183,4AIBAK258G,1582024,158,381231.1,26291.8,53,ALIANÇA,Cabotagem,PA/ PA,2024-04-11 00:00:00,Stenio,Manaus AM,Carazinho,RS,EXTRAPLAST,2024-04-11 00:00:00,08:00:00,2024-04-11 00:00:00,08:00:00,10:00:00,PERFORMANCE,DENTRO DO HR,02:00:00,03:00:00,PERFORMANCE,MRKU27209762024,BR3498183,2024-04-14 00:00:00,ENT. REALIZADA,2024-05-07 00:00:00,2024-05-10 00:00:00,ENT. REALIZADA,3,23,3,29,30.0,PERFORMANCE,774647,426420,14888.67,,,,,,14888.67,0.03905418524354388,,,,,Antes,0.5662856860313862,0.5662856860313862,-45393,abril,abril,2172.09,0.005697567695814954,17060.760000000002,0.04475175293935884,321.90113207547176,15:34:24.996000,2024-05-07 00:00:00,2024-05-10 00:00:00,15,Venceu antes da chegada,2024
1,2024,MRKU23359592024BR3497941,4AIBAK258H,1602024,160,364622.8,25146.4,61,ALIANÇA,Cabotagem,PA/ PA,2024-04-12 00:00:00,Stenio,Manaus AM,Carazinho,RS,EXTRAPLAST,2024-04-12 00:00:00,08:00:00,2024-04-12 00:00:00,08:00:00,10:00:00,PERFORMANCE,DENTRO DO HR,02:00:00,03:00:00,PERFORMANCE,MRKU23359592024,BR3497941,2024-04-15 00:00:00,ENT. REALIZADA,2024-05-08 00:00:00,2024-05-11 00:00:00,ENT. REALIZADA,3,23,3,29,30.0,PERFORMANCE,774646,426348,14869.8,,,,,,14869.8,0.04078132250643679,,,,,Antes,0.5913291763433334,0.5913291763433334,-45394,abril,abril,2331.01,0.006392935384183326,17200.809999999998,0.04717425789062011,281.98049180327865,16:24:59.910000,2024-05-08 00:00:00,2024-05-11 00:00:00,15,Venceu antes da chegada,2024
1,2024,SUDU88806902024BR3498837,4AIBAK300T,1642024,164,326570.45,24676.5,44,ALIANÇA,Cabotagem,PA/ PA,2024-04-14 00:00:00,Stenio,Manaus AM,Carazinho,RS,EXTRAPLAST,2024-04-14 00:00:00,08:00:00,2024-04-14 00:00:00,08:00:00,10:00:00,PERFORMANCE,DENTRO DO HR,02:00:00,03:00:00,PERFORMANCE,SUDU88806902024,BR3498837,2024-04-17 00:00:00,ENT. REALIZADA,2024-05-10 00:00:00,2024-05-13 00:00:00,ENT. REALIZADA,3,23,3,29,30.0,PERFORMANCE,776999,427147,14826.56,,,,,,14826.56,0.04540080096040532,,,,,Antes,0.6008372338054424,0.6008372338054424,-45396,abril,abril,2236.01,0.0068469452762795905,17062.57,0.05224774623668491,387.7856818181818,16:35:41.294000,2024-05-10 00:00:00,2024-05-13 00:00:00,16,Venceu antes da chegada,2024
1,2024,TRHU704750220241474096,TRHU70475021474096,1622024,162,348771.9,24593.4,52,LOG-IN,Cabotagem,PA/ PA,2024-04-15 00:00:00,Stenio,Manaus AM,Carazinho,RS,EXTRAPLAST,2024-04-15 00:00:00,08:00:00,2024-04-15 00:00:00,08:00:00,10:00:00,PERFORMANCE,DENTRO DO HR,02:00:00,03:00:00,PERFORMANCE,TRHU70475022024,1474096,2024-04-18 00:00:00,ENT. REALIZADA,2024-05-08 00:00:00,2024-05-11 00:00:00,ENT. REALIZADA,3,20,3,26,30.0,PERFORMANCE,,26775,15347.81,,,,,,15347.81,0.04400529400447685,,,,,Antes,0.6240621467548203,0.6240621467548203,-45397,abril,abril,2058.91,0.0059033138850922325,17406.72,0.049908607889569086,334.74461538461543,16:59:12.204000,2024-05-08 00:00:00,2024-05-11 00:00:00,16,Venceu antes da chegada,2024
1,2024,MRSU56615662024MLBR3491100,4AIBAK446O,1682024,168,244978.65,23331.3,46,ALIANÇA,Cabotagem,PA/ PA,2024-04-30 00:00:00,Stenio,Manaus AM,Carazinho,RS,EXTRAPLAST,2024-05-09 00:00:00,08:00:00,2024-04-30 00:00:00,08:00:00,10:00:00,PERFORMANCE,DENTRO DO HR,02:00:00,03:00:00,PERFORMANCE,MRSU56615662024,MLBR3491100,2024-05-13 00:00:00,ENT. REALIZADA,2024-06-02 00:00:00,2024-06-12 00:00:00,ENT. REALIZADA,13,20,10,43,30.0,PERFORMANCE,788875,431413,14817.93,,,,,,14817.93,0.060486617915479574,,,2024-05-15 00:00:00,2024-06-03 00:00:00,SIM 23/05,0.6351094881125355,0.6351094881125355,34,abril,abril,471.55,0.0019248616154917992,15289.48,0.06241147953097137,332.38,15:43:39.694000,2024-06-02 00:00:00,2024-06-12 00:00:00,18,Venceu depois chegada,2024
1,2024,MRKU 48491342024MLBR3495470,4AIBAK446P,1672024,167,239035.65,22765.3,45,ALIANÇA,Cabotagem,PA/ PA,2024-04-30 00:00:00,Stenio,Manaus AM,Carazinho,RS,EXTRAPLAST,2024-05-10 00:00:00,08:00:00,2024-04-30 00:00:00,08:30:00,10:00:00,PERFORMANCE,FORA DO HR,01:30:00,03:00:00,PERFORMANCE,MRKU 48491342024,MLBR3495470,2024-05-19 00:00:00,ENT. REALIZADA,2024-06-12 00:00:00,2024-06-21 00:00:00,ENT. REALIZADA,19,24,9,52,30.0,NÃO PERF.,792343,432098,14811.18,,,,,,14811.18,0.06196222195308524,,,2024-05-22 00:00:00,2024-06-10 00:00:00,SIM 23/05,0.650603330507395,0.650603330507395,41,abril,abril,460.11,0.0019248593253767797,15271.29,0.06388708127846203,339.362,16:05:58.360000,2024-06-12 00:00:00,2024-06-21 00:00:00,18,Venceu antes da chegada,2024
1,2024,MIEU 30522962024ML BR 3490408,4AIBAK446Q,1692024,169,245037.45,23336.9,41,ALIANÇA,Cabotagem,PA/ PA,2024-04-30 00:00:00,Stenio,Manaus AM,Carazinho,RS,EXTRAPLAST,2024-05-13 00:00:00,08:00:00,2024-04-30 00:00:00,08:00:00,10:00:00,PERFORMANCE,DENTRO DO HR,02:00:00,03:00:00,PERFORMANCE,MIEU 30522962024,ML BR 3490408,2024-05-19 00:00:00,ENT. REALIZADA,2024-06-12 00:00:00,2024-06-21 00:00:00,ENT. REALIZADA,19,24,9,52,30.0,PERFORMANCE,792344,432099,14818.0,,,,,,14818.0,0.06047238901645442,,,2024-05-15 00:00:00,2024-06-10 00:00:00,SIM 23/05,0.6349600846727714,0.6349600846727714,41,abril,abril,1199.99,0.00489716979996323,16017.99,0.06536955881641765,390.6826829268293,16:28:23.264000,2024-06-12 00:00:00,2024-06-21 00:00:00,18,Venceu antes da chegada,2024
1,2024,MSCU 53344552024147275,LA0360641,1772024,177,358019.5,24691.0,62,LOG-IN,Cabotagem,PA/ PA,2024-05-15 00:00:00,Lúcio,Manaus AM,Carazinho,RS,EXTRAPLAST,2024-05-15 00:00:00,08:00:00,2024-05-15 00:00:00,08:00:00,10:00:00,PERFORMANCE,DENTRO DO HR,02:00:00,03:00:00,PERFORMANCE,MSCU 53344552024,147275,2024-05-24 00:00:00,ENT. REALIZADA,2024-06-09 00:00:00,2024-06-17 00:00:00,ENT. REALIZADA,9,16,8,33,30.0,PERFORMANCE,29218,29218,15381.43,,,,,,15381.43,0.04296254812936167,,,2024-05-22 00:00:00,2024-06-06 00:00:00,45436,0.6229569478757442,0.6229569478757442,22,maio,maio,3315.3,0.009260110133665905,18696.73,0.05222265826302757,301.5601612903226,18:10:24.546000,2024-06-09 00:00:00,2024-06-17 00:00:00,20,Venceu antes da chegada,2024
1,2024, FFAU 379824220241472425,LA0360641,1792024,179,311243.35,25446.3,54,LOG-IN,Cabotagem,PA/ PA,2024-05-16 00:00:00,Lúcio,Manaus AM,Carazinho,RS,EXTRAPLAST,2024-05-16 00:00:00,08:00:00,2024-05-16 00:00:00,08:00:00,10:00:00,PERFORMANCE,DENTRO DO HR,02:00:00,03:00:00,PERFORMANCE, FFAU 37982422024,1472425,2024-05-24 00:00:00,ENT. REALIZADA,2024-06-09 00:00:00,2024-06-17 00:00:00,ENT. REALIZADA,8,16,8,32,30.0,PERFORMANCE,29491,29491,15211.34,,,,,,15211.34,0.04887281929075754,,,2024-05-22 00:00:00,2024-06-06 00:00:00,45436,0.5977819958107858,0.5977819958107858,21,maio,maio,2208.0,0.007094127472924322,17419.34,0.055966946763681864,322.58037037037036,16:25:45.376000,2024-06-09 00:00:00,2024-06-17 00:00:00,20,Venceu antes da chegada,2024
1,2024,TCLU 828806220241472530,LA0360641,1802024,180,338631.3,24493.6,47,LOG-IN,Cabotagem,PA/ PA,2024-05-16 00:00:00,Lúcio,Manaus AM,Carazinho,RS,EXTRAPLAST,2024-05-17 00:00:00,08:00:00,2024-05-16 00:00:00,08:00:00,10:00:00,PERFORMANCE,DENTRO DO HR,02:00:00,03:00:00,PERFORMANCE,TCLU 82880622024,1472530,2024-05-24 00:00:00,ENT. REALIZADA,2024-06-09 00:00:00,2024-06-17 00:00:00,ENT. REALIZADA,8,16,8,32,30.0,PERFORMANCE,29490,29490,15310.93,,,,,,15310.93,0.045214160652012975,,,2024-05-22 00:00:00,2024-06-06 00:00:00,45436,0.6250992095894439,0.6250992095894439,21,maio,maio,2262.16,0.006680303917564619,17573.09,0.051894464569577595,373.89553191489364,17:13:08.233000,2024-06-09 00:00:00,2024-06-17 00:00:00,20,Venceu antes da chegada,2024
1,2024,TGHU789020120241530703,LA0363379,1832024,183,385171.9,24849.8,42,LOG-IN,Cabotagem,PA/ PA,2024-05-28 00:00:00,Lúcio,Manaus AM,Carazinho,RS,EXTRAPLAST,2024-05-28 00:00:00,08:00:00,2024-05-28 00:00:00,08:00:00,10:00:00,PERFORMANCE,DENTRO DO HR,02:00:00,03:00:00,PERFORMANCE,TGHU78902012024,1530703,2024-06-09 00:00:00,ENT. REALIZADA,2024-06-21 00:00:00,2024-06-27 00:00:00,ENT. REALIZADA,12,12,6,30,30.0,PERFORMANCE,30514,30514,15480.17,,,,,160.0,15640.17,0.04060568800579689,Ultrapassou o tempo na entrega das 8h as 15h,Ultrapassou o tempo na entrega das 8h as 15h,2024-06-05 00:00:00,2024-06-20 00:00:00,SIM,0.6293881640898519,0.6229494804787161,23,maio,maio,3234.28,0.008396978076541928,18874.45,0.04900266608233882,449.3916666666667,18:13:44.370000,2024-06-21 00:00:00,2024-06-27 00:00:00,22,Venceu antes da chegada,2024
1,2024,FBLU00909820241530652,LA0363379,1852024,185,393472.15,25385.3,43,LOG-IN,Cabotagem,PA/ PA,2024-05-29 00:00:00,Stenio,Manaus AM,Carazinho,RS,EXTRAPLAST,2024-05-29 00:00:00,08:00:00,2024-05-29 00:00:00,08:30:00,11:00:00,PERFORMANCE,FORA DO HR,02:30:00,03:00:00,PERFORMANCE,FBLU0090982024,1530652,2024-06-09 00:00:00,ENT. REALIZADA,2024-06-21 00:00:00,2024-06-28 00:00:00,ENT. REALIZADA,11,12,7,30,30.0,PERFORMANCE,30515,30515,15510.35,,,,,,15510.35,0.03941918125590337,,,2024-06-05 00:00:00,2024-06-20 00:00:00,SIM,0.6109973094665023,0.6109973094665023,22,maio,maio,3293.37,0.008370020597391708,18803.72,0.047789201853295084,437.2958139534884,17:46:39.299000,2024-06-21 00:00:00,2024-06-28 00:00:00,22,Venceu antes da chegada,2024
1,2024,MEDU848192320241531364,LA0363379,1872024,187,387196.2,24980.4,42,LOG-IN,Cabotagem,PA/ PA,2024-05-31 00:00:00,Lúcio,Manaus AM,Carazinho,RS,EXTRAPLAST,2024-05-31 00:00:00,08:00:00,2024-05-31 00:00:00,09:00:00,11:00:00,PERFORMANCE,FORA DO HR,02:00:00,03:00:00,PERFORMANCE,MEDU84819232024,1531364,2024-06-09 00:00:00,ENT. REALIZADA,2024-06-21 00:00:00,2024-07-01 00:00:00,ENT. REALIZADA,9,12,10,31,30.0,PERFORMANCE,30516,30516,15487.53,,,,,,15487.53,0.039999178710948095,,,2024-06-05 00:00:00,2024-06-20 00:00:00,SIM,0.6199872700196954,0.6199872700196954,20,maio,maio,3296.05,0.008512609369616748,18783.58,0.04851178808056485,447.2280952380953,18:02:46.987000,2024-06-21 00:00:00,2024-07-01 00:00:00,22,Venceu antes da chegada,2024
1,2024,FSCU878276002024L8333275,P10441367,1912024,191,391880.3,25282.6,43,MERCOSUL LINE,Cabotagem,PA/ PA,2024-05-31 00:00:00,Lúcio,Manaus AM,Carazinho,RS,EXTRAPLAST,2024-06-03 00:00:00,14:00:00,2024-05-31 00:00:00,14:00:00,16:00:00,PERFORMANCE,DENTRO DO HR,02:00:00,03:00:00,PERFORMANCE,FSCU878276002024,L8333275,2024-06-06 00:00:00,ENT. REALIZADA,2024-06-28 00:00:00,2024-07-05 00:00:00,ENT. REALIZADA,6,22,7,35,30.0,PERFORMANCE,C-373340,270540,16751.8,,,,,2552.38,19304.18,0.049260399157599916,Passivo de estatida na entrega (problemas mecânicos na empilhadeira),Passivo de estatida na entrega (problemas mecânicos na empilhadeira),Enviado Adm 13/06,2024-06-18 00:00:00,SIM,0.7635361869427987,0.6625821711374621,18,maio,maio,3333.18,0.008505607452071462,22637.36,0.05776600660967138,526.4502325581395,21:29:20.236000,2024-06-28 00:00:00,2024-07-05 00:00:00,22,Venceu antes da chegada,2024
1,2024,TRHU705088820241531326,LA0363379,1922024,192,381251.95,24596.9,44,LOG-IN,Cabotagem,PA/ PA,2024-05-31 00:00:00,Lúcio,Manaus AM,Carazinho,RS,EXTRAPLAST,2024-06-03 00:00:00,08:00:00,2024-05-31 00:00:00,09:00:00,12:00:00,PERFORMANCE,FORA DO HR,03:00:00,03:00:00,PERFORMANCE,TRHU70508882024,1531326,2024-06-09 00:00:00,ENT. REALIZADA,2024-06-21 00:00:00,2024-07-01 00:00:00,ENT. REALIZADA,9,12,10,31,30.0,PERFORMANCE,30557,30557,15465.92,,,,,,15465.92,0.0405661400551525,,,2024-06-05 00:00:00,2024-06-20 00:00:00,SIM,0.6287751708548638,0.6287751708548638,20,maio,maio,3006.54,0.007885966222598993,18472.46,0.04845210627775149,419.82863636363635,18:01:27.061000,2024-06-21 00:00:00,2024-07-01 00:00:00,22,Venceu antes da chegada,2024
1,2024,MSMU45165212024151360,LA0364689,1882024,188,391764.05,25275.1,43,LOG-IN,Cabotagem,PA/ PA,2024-05-31 00:00:00,Lúcio,Manaus AM,Carazinho,RS,EXTRAPLAST,2024-06-04 00:00:00,14:00:00,2024-05-31 00:00:00,14:00:00,16:30:00,PERFORMANCE,DENTRO DO HR,02:30:00,03:00:00,PERFORMANCE,MSMU45165212024,151360,2024-06-14 00:00:00,ENT. REALIZADA,2024-06-27 00:00:00,2024-07-06 00:00:00,ENT. REALIZADA,14,13,9,36,30.0,PERFORMANCE,30746,30746,15504.14,,,,,,15504.14,0.03957519838790721,,,2024-06-07 00:00:00,2024-06-26 00:00:00,SIM,0.6134155750125618,0.6134155750125618,26,maio,maio,3434.06,0.0087656332938155,18938.2,0.048340831681722714,440.4232558139535,17:58:58.042000,2024-06-27 00:00:00,2024-07-06 00:00:00,22,Venceu antes da chegada,2024
1,2024,TCNU294255320248331903,P10441367,1932024,193,390651.15,25203.3,45,MERCOSUL LINE,Cabotagem,PA/ PA,2024-05-31 00:00:00,Lúcio,Manaus AM,Carazinho,RS,EXTRAPLAST,2024-06-04 00:00:00,09:00:00,2024-05-31 00:00:00,09:00:00,11:00:00,PERFORMANCE,DENTRO DO HR,02:00:00,03:00:00,PERFORMANCE,TCNU29425532024,8331903,2024-06-06 00:00:00,ENT. REALIZADA,2024-06-28 00:00:00,2024-07-04 00:00:00,ENT. REALIZADA,6,22,6,34,30.0,PERFORMANCE,C-373341,270565,16746.92,,,,,,16746.92,0.04286924536123853,,,Enviado Adm 13/06,2024-06-18 00:00:00,SIM,0.6644733030991973,0.6644733030991973,18,maio,maio,3078.24,0.007879766896884854,19825.159999999996,0.05074901225812338,440.559111111111,18:52:43.077000,2024-06-28 00:00:00,2024-07-04 00:00:00,22,Venceu antes da chegada,2024
1,2024,MEDU448902120241531301,LA0364689,1972024,197,387493.8,24999.6,45,LOG-IN,Cabotagem,PA/ PA,2024-06-05 00:00:00,Lúcio,Manaus AM,Carazinho,RS,EXTRAPLAST,2024-06-05 00:00:00,08:00:00,2024-06-05 00:00:00,08:00:00,10:40:00,PERFORMANCE,DENTRO DO HR,02:40:00,03:00:00,PERFORMANCE,MEDU44890212024,1531301,2024-06-14 00:00:00,ENT. REALIZADA,2024-06-27 00:00:00,2024-07-05 00:00:00,ENT. REALIZADA,9,13,8,30,30.0,PERFORMANCE,30929,30929,15488.61,,,,,2744.32,18232.93,0.04705347543625214,Passivo de estatida na entrega (problemas mecânicos na empilhadeira),Passivo de estatida na entrega (problemas mecânicos na empilhadeira),2024-06-11 00:00:00,2024-06-26 00:00:00,SIM,0.7293288692619082,0.619554312869006,21,junho,junho,3071.32,0.007926113914596827,21304.25,0.05497958935084897,473.4277777777778,20:27:08.666000,2024-06-27 00:00:00,2024-07-05 00:00:00,23,Venceu antes da chegada,2024
1,2024,HNSU500644820248332829,P40152195,1982024,198,393774.4,25404.8,46,MERCOSUL LINE,Cabotagem,PA/ PA,2024-06-05 00:00:00,Lúcio,Manaus AM,Carazinho,RS,EXTRAPLAST,2024-06-05 00:00:00,14:00:00,2024-06-05 00:00:00,14:00:00,16:30:00,PERFORMANCE,DENTRO DO HR,02:30:00,03:00:00,PERFORMANCE,HNSU50064482024,8332829,2024-06-15 00:00:00,ENT. REALIZADA,2024-08-10 00:00:00,2024-08-16 00:00:00,ENT. REALIZADA,10,56,6,72,30.0,NÃO PERF.,C-376201,271768,16759.34,,,,,,16759.34,0.04256076575826158,,,2024-06-15 00:00:00,2024-07-15 00:00:00,Sim 28/06,0.6596918692530546,0.6596918692530546,40,junho,junho,3436.27,0.00872649415502887,20195.61,0.05128725991329045,439.035,19:04:43.898000,2024-08-10 00:00:00,2024-08-16 00:00:00,23,Venceu antes da chegada,2024
1,2024,AMFU891595420241531217,LA0364689,1992024,199,379474.1,24482.2,44,LOG-IN,Cabotagem,PA/ PA,2024-06-06 00:00:00,Lúcio,Manaus AM,Carazinho,RS,EXTRAPLAST,2024-06-06 00:00:00,08:00:00,2024-06-06 00:00:00,07:45:00,09:20:00,PERFORMANCE,DENTRO DO HR,01:35:00,03:00:00,PERFORMANCE,AMFU89159542024,1531217,2024-06-14 00:00:00,ENT. REALIZADA,2024-06-27 00:00:00,2024-07-05 00:00:00,ENT. REALIZADA,8,13,8,29,30.0,PERFORMANCE,30928,30928,15459.45,,,,,,15459.45,0.04073914398901006,Passivo de estatida na entrega (problemas mecânicos na empilhadeira),Passivo de estatida na entrega (problemas mecânicos na empilhadeira),2024-06-11 00:00:00,2024-06-26 00:00:00,SIM,0.6314567318296559,0.6314567318296559,20,junho,junho,3301.45,0.008700066750273603,18760.9,0.04943921073928366,426.38409090909096,18:23:28.991000,2024-06-27 00:00:00,2024-07-05 00:00:00,23,Venceu antes da chegada,2024
1,2024,CMAU784400820248332606,P40152195,2002024,200,116611.15,7523.3,11,MERCOSUL LINE,Cabotagem,PA/ PA,2024-06-06 00:00:00,Lúcio,Manaus AM,Carazinho,RS,EXTRAPLAST,2024-06-06 00:00:00,14:00:00,2024-06-06 00:00:00,14:00:00,16:30:00,PERFORMANCE,DENTRO DO HR,02:30:00,03:00:00,PERFORMANCE,CMAU78440082024,8332606,2024-06-15 00:00:00,ENT. REALIZADA,2024-08-10 00:00:00,2024-08-19 00:00:00,ENT. REALIZADA,9,56,9,74,30.0,NÃO PERF.,C-376202,271770,16716.41,,,,,,16716.41,0.14335172923000933,,,2024-06-15 00:00:00,2024-07-15 00:00:00,Sim 28/06,2.2219518030651444,2.2219518030651444,39,junho,junho,997.68,0.00855561410722731,17714.09,0.0436,1610.3718181818183,1900-01-02 08:30:34.314000,2024-08-10 00:00:00,2024-08-19 00:00:00,23,Venceu antes da chegada,2024
0,2024,CMAU784400820248332606,P40152195,2012024,201,92220.35,5949.7,10,MERCOSUL LINE,Cabotagem,PA/ PA,2024-06-06 00:00:00,Lúcio,Manaus AM,Carazinho,RS,EXTRAPLAST,2024-06-06 00:00:00,14:00:00,2024-06-06 00:00:00,14:00:00,16:30:00,PERFORMANCE,DENTRO DO HR,02:30:00,03:00:00,PERFORMANCE,CMAU78440082024,8332606,2024-06-15 00:00:00,ENT. REALIZADA,2024-08-10 00:00:00,2024-08-19 00:00:00,ENT. REALIZADA,9,56,9,74,30.0,NÃO PERF.,C-376202,271770,,,,,,,,0.0,,,2024-06-15 00:00:00,2024-07-15 00:00:00,Sim 28/06,0.0,0.0,39,junho,junho,802.32,0.008700032042819182,802.32,0.008700032042819182,80.232,03:14:11.083000,2024-08-10 00:00:00,2024-08-19 00:00:00,23,Venceu antes da chegada,2024
0,2024,CMAU784400820248332606,P40152195,2022024,202,174149.35,12010.3,24,MERCOSUL LINE,Cabotagem,PA/ PA,2024-06-06 00:00:00,Lúcio,Manaus AM,Carazinho,RS,EXTRAPLAST,2024-06-06 00:00:00,14:00:00,2024-06-06 00:00:00,14:00:00,16:30:00,PERFORMANCE,DENTRO DO HR,02:30:00,03:00:00,PERFORMANCE,CMAU78440082024,8332606,2024-06-15 00:00:00,ENT. REALIZADA,2024-08-10 00:00:00,2024-08-19 00:00:00,ENT. REALIZADA,9,56,9,74,30.0,NÃO PERF.,C-376202,271770,,,,,,,,0.0,,,2024-06-15 00:00:00,2024-07-15 00:00:00,Sim 28/06,0.0,0.0,39,junho,junho,1652.09,0.009486627426401533,1652.09,0.009486627426401533,68.83708333333333,03:18:04.847000,2024-08-10 00:00:00,2024-08-19 00:00:00,23,Venceu antes da chegada,2024
1,2024,TCLU783951420248332900,P40152195,2042024,204,191732.05,13222.9,27,MERCOSUL LINE,Cabotagem,PA/ PA,2024-06-07 00:00:00,Lúcio,Manaus AM,Carazinho,RS,EXTRAPLAST,2024-06-07 00:00:00,14:00:00,2024-06-07 00:00:00,14:00:00,16:05:00,PERFORMANCE,DENTRO DO HR,02:05:00,03:00:00,PERFORMANCE,TCLU78395142024,8332900,2024-06-15 00:00:00,ENT. REALIZADA,2024-08-10 00:00:00,2024-08-20 00:00:00,ENT. REALIZADA,8,56,10,74,30.0,NÃO PERF.,C-376203,271769,16643.11,,,,,,16643.11,0.08680400590302978,,,2024-06-15 00:00:00,2024-07-15 00:00:00,Sim 28/06,1.2586580855939318,1.2586580855939318,38,junho,junho,1821.0,0.009497629634690705,18464.11,0.0457,683.8559259259259,1900-01-01 09:30:46.689000,2024-08-10 00:00:00,2024-08-20 00:00:00,23,Venceu antes da chegada,2024
0,2024,TCLU783951420248332900,P40152195,2052024,205,172818.25,11918.5,26,MERCOSUL LINE,Cabotagem,PA/ PA,2024-06-07 00:00:00,Lúcio,Manaus AM,Carazinho,RS,EXTRAPLAST,2024-06-07 00:00:00,14:00:00,2024-06-07 00:00:00,14:00:00,16:05:00,PERFORMANCE,DENTRO DO HR,02:05:00,03:00:00,PERFORMANCE,TCLU78395142024,8332900,2024-06-15 00:00:00,ENT. REALIZADA,2024-08-10 00:00:00,2024-08-20 00:00:00,ENT. REALIZADA,8,56,10,74,30.0,NÃO PERF.,C-376203,271769,,,,,,,,0.0,,,2024-06-15 00:00:00,2024-07-15 00:00:00,Sim 28/06,0.0,0.0,38,junho,junho,1641.0,0.009495524922859709,1641.0,0.009495524922859709,63.11538461538461,03:18:15.994000,2024-08-10 00:00:00,2024-08-20 00:00:00,23,Venceu antes da chegada,2024
1,2024,MSDU584238320241531212,LA0364689,2062024,206,365646.5,25217.0,53,LOG-IN,Cabotagem,PA/ PA,2024-06-07 00:00:00,Lúcio,Manaus AM,Carazinho,RS,EXTRAPLAST,2024-06-11 00:00:00,14:00:00,2024-06-07 00:00:00,10:00:00,16:30:00,PERFORMANCE,DENTRO DO HR,06:30:00,03:00:00,NÃO PERF.,MSDU58423832024,1531212,2024-06-14 00:00:00,ENT. REALIZADA,2024-06-27 00:00:00,2024-07-03 00:00:00,ENT. REALIZADA,7,13,6,26,30.0,NÃO PERF.,31267,31267,15409.17,,,,,903.41,16312.58,0.044612980023055054,Passivo de estatida na entrega (problemas mecânicos na empilhadeira),Passivo de estatida na entrega (problemas mecânicos na empilhadeira),2024-06-13 00:00:00,2024-06-28 00:00:00,Sim 28/06,0.6468882103342983,0.6110627751120276,21,junho,junho,3221.93,0.008811598087223588,19534.51,0.05342457811027864,368.5756603773585,18:35:30.311000,2024-06-27 00:00:00,2024-07-03 00:00:00,23,Venceu depois chegada,2024
1,2024,FCIU814847920241533330,LA0366084,2072024,207,367219.75,25325.5,52,LOG-IN,Cabotagem,PA/ PA,2024-06-13 00:00:00,Lúcio,Manaus AM,Carazinho,RS,EXTRAPLAST,2024-06-13 00:00:00,08:00:00,2024-06-13 00:00:00,10:00:00,11:00:00,PERFORMANCE,FORA DO HR,01:00:00,03:00:00,PERFORMANCE,FCIU81484792024,1533330,2024-06-20 00:00:00,ENT. REALIZADA,2024-07-04 00:00:00,2024-07-11 00:00:00,ENT. REALIZADA,7,14,7,28,30.0,PERFORMANCE,32054,32054,15414.89,,,,,,15414.89,0.041977290164812754,,,2024-06-20 00:00:00,2024-07-05 00:00:00,Sim 28/06,0.608670707389785,0.608670707389785,22,junho,junho,3328.9,0.009065144235842435,18743.79,0.051042434400655194,360.45750000000004,17:45:45.962000,2024-07-04 00:00:00,2024-07-11 00:00:00,24,Venceu depois chegada,2024
1,2024,TEMU772205820241533316,LA0366084,2082024,208,375192.8,25034.4,51,LOG-IN,Cabotagem,PA/ PA,2024-06-13 00:00:00,Lúcio,Manaus AM,Carazinho,RS,EXTRAPLAST,2024-06-14 00:00:00,08:00:00,2024-06-13 00:00:00,14:00:00,16:00:00,PERFORMANCE,FORA DO HR,02:00:00,03:00:00,PERFORMANCE,TEMU77220582024,1533316,2024-06-20 00:00:00,ENT. REALIZADA,2024-07-04 00:00:00,2024-07-12 00:00:00,ENT. REALIZADA,7,14,8,29,30.0,PERFORMANCE,32056,32056,15443.88,,,,,,15443.88,0.04116251697793774,,,2024-06-20 00:00:00,2024-07-05 00:00:00,Sim 28/06,0.6169063368804524,0.6169063368804524,22,junho,junho,3458.77,0.009218647052928521,18902.649999999998,0.05038116403086626,370.6401960784313,18:07:17.791000,2024-07-04 00:00:00,2024-07-12 00:00:00,24,Venceu depois chegada,2024
1,2024,1ª Composição2024MAO460870,1001A,2092024,209,351231.55,22660.1,41,BERTOLINI,Rodoviário,PA/ PA,2024-06-14 00:00:00,Lúcio,Manaus AM,Carazinho,RS,EXTRAPLAST,2024-06-14 00:00:00,10:00:00,2024-06-14 00:00:00,10:00:00,12:00:00,PERFORMANCE,DENTRO DO HR,02:00:00,03:00:00,PERFORMANCE,1001A,MAO460870,2024-06-19 00:00:00,ENT. REALIZADA,2024-07-03 00:00:00,2024-07-03 00:00:00,ENT. REALIZADA,5,14,0,19,20.0,PERFORMANCE,67975,67975,25799.65,,,,,,25799.65,0.07345481919263802,,,2024-06-14 00:00:00,2024-07-12 00:00:00,Sim 28/06,1.1385496974858895,1.1385496974858895,28,junho,junho,3110.78,0.008856778384515856,28910.43,0.08231159757715388,705.1324390243902,1900-01-01 06:37:11.691000,2024-07-03 00:00:00,2024-07-03 00:00:00,24,Venceu depois chegada,2024
1,2024,2ª Composição2024MAO460870,1001B,2102024,210,380689.3,24560.6,43,BERTOLINI,Rodoviário,PA/ PA,2024-06-14 00:00:00,Lúcio,Manaus AM,Carazinho,RS,EXTRAPLAST,2024-06-14 00:00:00,10:00:00,2024-06-14 00:00:00,13:00:00,15:00:00,PERFORMANCE,FORA DO HR,02:00:00,03:00:00,PERFORMANCE,1001B,MAO460870,2024-06-19 00:00:00,ENT. REALIZADA,2024-07-03 00:00:00,2024-07-03 00:00:00,ENT. REALIZADA,5,14,0,19,20.0,PERFORMANCE,67976,67976,25900.07,,,,,,25900.07,0.06803466764103956,,,2024-06-14 00:00:00,2024-07-12 00:00:00,Sim 28/06,1.0545373484361131,1.0545373484361131,28,junho,junho,3371.68,0.008856776379057673,29271.75,0.07689144402009723,680.7383720930233,1900-01-01 04:36:13.022000,2024-07-03 00:00:00,2024-07-03 00:00:00,24,Venceu depois chegada,2024
1,2024,TGHU936994920241533245,LA0367510,2112024,211,387289.2,24986.4,45,LOG-IN,Cabotagem,PA/ PA,2024-06-18 00:00:00,Lúcio,Manaus AM,Carazinho,RS,EXTRAPLAST,2024-06-18 00:00:00,09:00:00,2024-06-18 00:00:00,09:00:00,10:55:00,PERFORMANCE,DENTRO DO HR,01:55:00,03:00:00,PERFORMANCE,TGHU93699492024,1533245,2024-06-29 00:00:00,ENT. REALIZADA,2024-07-12 00:00:00,2024-07-17 00:00:00,ENT. REALIZADA,11,13,5,29,30.0,PERFORMANCE,32162,32162,15487.87,,,,,,15487.87,0.03999045157985299,,,2024-06-20 00:00:00,2024-07-05 00:00:00,Sim 28/06,0.6198519994877213,0.6198519994877213,17,junho,junho,3523.97,0.009099066020947653,19011.84,0.04908951760080064,422.48533333333336,18:15:40.682000,2024-07-12 00:00:00,2024-07-17 00:00:00,25,Venceu antes da chegada,2024
1,2024,MRSU55708722024272053,4AIBAK715C,2152024,215,390000.15,25161.3,44,ALIANÇA,Cabotagem,PA/ PA,2024-06-19 00:00:00,Lúcio,Manaus AM,Carazinho,RS,EXTRAPLAST,2024-06-19 00:00:00,10:00:00,2024-06-19 00:00:00,16:00:00,16:30:00,PERFORMANCE,FORA DO HR,00:30:00,03:00:00,PERFORMANCE,MRSU55708722024,272053,2024-06-22 00:00:00,ENT. REALIZADA,2024-07-15 00:00:00,2024-07-22 00:00:00,ENT. REALIZADA,3,23,7,33,30.0,PERFORMANCE,811520,436804,14982.73,,,,,,14982.73,0.038417241634394236,,,2024-06-27 00:00:00,2024-07-17 00:00:00,SIM 05/07,0.5954672453331108,0.5954672453331108,28,junho,junho,3519.65,0.009024740118689697,18502.38,0.047441981753083944,420.5086363636364,17:38:54.302000,2024-07-15 00:00:00,2024-07-22 00:00:00,25,Venceu depois chegada,2024
1,2024,CAAU668811620242720553,4AIBAK723G,2162024,216,390525.6,25195.2,42,ALIANÇA,Cabotagem,PA/ PA,2024-06-20 00:00:00,Lúcio,Manaus AM,Carazinho,RS,EXTRAPLAST,2024-06-20 00:00:00,09:00:00,2024-06-20 00:00:00,09:00:00,16:30:00,PERFORMANCE,DENTRO DO HR,07:30:00,03:00:00,NÃO PERF.,CAAU66881162024,2720553,2024-06-29 00:00:00,ENT. REALIZADA,2024-07-21 00:00:00,2024-07-29 00:00:00,ENT. REALIZADA,9,22,8,39,30.0,PERFORMANCE,815064,437654,14983.33,,,,,,14983.33,0.03836708784264079,,,2024-07-04 00:00:00,2024-07-22 00:00:00,SIM 05/07,0.5946898615609322,0.5946898615609322,32,junho,junho,3698.68,0.009471030836390752,18682.01,0.04783811867903154,444.80976190476184,17:47:44.809000,2024-07-21 00:00:00,2024-07-29 00:00:00,25,Venceu depois chegada,2024
1,2024,MRSU474093220242720598,4AIBAK723G,2192024,219,399583.8,25779.6,42,ALIANÇA,Cabotagem,PA/ PA,2024-06-21 00:00:00,Lúcio,Manaus AM,Carazinho,RS,EXTRAPLAST,2024-06-21 00:00:00,09:00:00,2024-06-21 00:00:00,09:00:00,16:30:00,PERFORMANCE,DENTRO DO HR,07:30:00,03:00:00,NÃO PERF.,MRSU47409322024,2720598,2024-06-29 00:00:00,ENT. REALIZADA,2024-07-21 00:00:00,2024-07-30 00:00:00,ENT. REALIZADA,8,22,9,39,30.0,PERFORMANCE,815066,438168,14993.61,,,,,340.91,15334.52,0.03837623046780175,Estadia na origem superior ao tempo limite,Estadia na origem superior ao tempo limite,2024-07-04 00:00:00,2024-07-22 00:00:00,SIM 05/07,0.5948315722509271,0.5816075501559373,31,junho,junho,3913.57,0.009794115777466455,19248.09,0.048170346245268204,458.28785714285715,17:55:09.728000,2024-07-21 00:00:00,2024-07-30 00:00:00,25,Venceu depois chegada,2024
1,2024,1ª Composição20241002,1002A,2242024,224,333836.4,23023.2,51,BERTOLINI,Rodoviário,PA/ PA,2024-06-25 00:00:00,Lúcio,Manaus AM,Carazinho,RS,EXTRAPLAST,2024-06-25 00:00:00,14:00:00,2024-06-25 00:00:00,13:00:00,15:00:00,PERFORMANCE,DENTRO DO HR,02:00:00,03:00:00,PERFORMANCE,1002A,1002,2024-06-28 00:00:00,ENT. REALIZADA,2024-07-11 00:00:00,2024-07-12 00:00:00,ENT. REALIZADA,3,13,1,17,20.0,PERFORMANCE,68454,68454,25740.35,,,,,140.8,25881.149999999998,0.07752644708605771,"Auto de Infração, Excesso de peso por eixo","Auto de Infração, Excesso de peso por eixo",2024-06-27 00:00:00,2024-07-23 00:00:00,SIM 05/07,1.1241334827478369,1.118017912366656,28,junho,junho,2961.13,0.00887000339088248,28842.28,0.0863964504769402,565.5349019607843,1900-01-01 06:03:57.473000,2024-07-11 00:00:00,2024-07-12 00:00:00,26,Venceu depois chegada,2024
1,2024,2ª Composição20241002,1002C,2252024,225,360401.85,24855.3,62,BERTOLINI,Rodoviário,PA/ PA,2024-06-25 00:00:00,Lúcio,Manaus AM,Carazinho,RS,EXTRAPLAST,2024-06-25 00:00:00,14:00:00,2024-06-25 00:00:00,13:00:00,18:00:00,PERFORMANCE,DENTRO DO HR,05:00:00,06:00:00,PERFORMANCE,1002C,1002,2024-06-28 00:00:00,ENT. REALIZADA,2024-07-11 00:00:00,2024-07-12 00:00:00,ENT. REALIZADA,3,13,1,17,20.0,PERFORMANCE,68701,68701,25830.92,,,,,,25830.92,0.0716725510704232,,,2024-06-27 00:00:00,2024-07-23 00:00:00,SIM 05/07,1.0392519905211364,1.0392519905211364,28,junho,junho,2416.08,0.006703850160591573,28247.0,0.07837640123101478,455.5967741935484,1900-01-01 03:16:29.955000,2024-07-11 00:00:00,2024-07-12 00:00:00,26,Venceu depois chegada,2024
1,2024,TCNU7733113 20241530956,LA0368909,2282024,228,372285.15,24836.9,48,LOG-IN,Cabotagem,PA/ PA,2024-06-26 00:00:00,Lúcio,Manaus AM,Carazinho,RS,EXTRAPLAST,2024-06-26 00:00:00,14:00:00,2024-06-26 00:00:00,14:00:00,16:30:00,PERFORMANCE,DENTRO DO HR,02:30:00,03:00:00,PERFORMANCE,TCNU7733113 2024,1530956,2024-06-29 00:00:00,ENT. REALIZADA,2024-07-12 00:00:00,2024-07-18 00:00:00,ENT. REALIZADA,3,13,6,22,30.0,PERFORMANCE,32764,32764,15433.31,,,,,,15433.31,0.041455615406631174,,,2024-06-27 00:00:00,2024-07-12 00:00:00,SIM 05/07,0.6213863243802568,0.6213863243802568,16,junho,junho,3958.81,0.010633811206275618,19392.12,0.052089426612906796,404.0025,18:44:19.271000,2024-07-12 00:00:00,2024-07-18 00:00:00,26,Venceu antes da chegada,2024
1,2024,MRSU618977320243557097,4AIBAK761U,2272024,227,398281.8,25695.6,42,ALIANÇA,Cabotagem,PA/ PA,2024-06-26 00:00:00,Lúcio,Manaus AM,Carazinho,RS,EXTRAPLAST,2024-06-24 00:00:00,09:00:00,2024-06-26 00:00:00,09:00:00,12:00:00,NÃO PERF,DENTRO DO HR,03:00:00,03:00:00,PERFORMANCE,MRSU61897732024,3557097,2024-07-01 00:00:00,ENT. REALIZADA,2024-07-21 00:00:00,2024-07-26 00:00:00,ENT. REALIZADA,5,20,5,30,30.0,PERFORMANCE,815065,438194,14992.14,,,,,,14992.14,0.037642041388785526,,,2024-07-04 00:00:00,2024-07-22 00:00:00,SIM 05/07,0.5834516415261757,0.5834516415261757,26,junho,junho,3750.72,0.00941725180512893,18742.86,0.04705929319391446,446.25857142857143,17:30:21.805000,2024-07-21 00:00:00,2024-07-26 00:00:00,26,Venceu depois chegada,2024
1,2024,MRKU26217202024142416,4AIBAK761U,2302024,230,267821.7,24618.6,53,ALIANÇA,Cabotagem,PA/ PA,2024-06-27 00:00:00,Lúcio,Manaus AM,Carazinho,RS,EXTRAPLAST,2024-06-27 00:00:00,09:00:00,2024-06-27 00:00:00,09:00:00,11:00:00,PERFORMANCE,DENTRO DO HR,02:00:00,03:00:00,PERFORMANCE,MRKU26217202024,142416,2024-07-01 00:00:00,ENT. REALIZADA,2024-07-21 00:00:00,2024-07-31 00:00:00,ENT. REALIZADA,4,20,10,34,30.0,PERFORMANCE,815061,438251,14843.89,,,,,,14843.89,0.05542452310623074,,,2024-07-04 00:00:00,2024-07-22 00:00:00,SIM 05/07,0.6029542703484357,0.6029542703484357,25,junho,junho,818.58,0.003056436427668109,15662.47,0.058480959533898855,295.5183018867924,15:16:08.089000,2024-07-21 00:00:00,2024-07-31 00:00:00,26,Venceu depois chegada,2024
1,2024,MSKU991305320242725805,4AIBAK761U,2312024,231,266110.95,25343.9,50,ALIANÇA,Cabotagem,PA/ PA,2024-06-28 00:00:00,Lúcio,Manaus AM,Carazinho,RS,EXTRAPLAST,2024-06-28 00:00:00,09:00:00,2024-06-28 00:00:00,10:00:00,12:00:00,PERFORMANCE,FORA DO HR,02:00:00,03:00:00,PERFORMANCE,MSKU99130532024,2725805,2024-07-01 00:00:00,ENT. REALIZADA,2024-07-21 00:00:00,2024-08-01 00:00:00,ENT. REALIZADA,3,20,11,34,30.0,PERFORMANCE,815060,438351,14841.94,,,,,,14841.94,0.05577350349544053,,,2024-07-04 00:00:00,2024-07-22 00:00:00,SIM 05/07,0.5856217867021255,0.5856217867021255,24,junho,junho,548.49,0.002061132771875791,15390.43,0.05783463626731632,307.8086,14:34:27.582000,2024-07-21 00:00:00,2024-08-01 00:00:00,26,Venceu depois chegada,2024
1,2024,CAAU6452429202435577190,4AIBAK820N,2322024,232,350987.2,25488.0,56,ALIANÇA,Cabotagem,PA/ PA,2024-07-02 00:00:00,Lúcio,Manaus AM,Carazinho,RS,EXTRAPLAST,2024-07-02 00:00:00,14:00:00,2024-07-02 00:00:00,11:30:00,15:00:00,PERFORMANCE,DENTRO DO HR,03:30:00,03:00:00,PERFORMANCE,CAAU64524292024,35577190,2024-07-06 00:00:00,ENT. REALIZADA,2024-07-28 00:00:00,2024-08-05 00:00:00,ENT. REALIZADA,4,22,8,34,30.0,PERFORMANCE,816606,439029,14938.4,,,,,,14938.4,0.042561096245105234,,,2024-07-12 00:00:00,2024-08-01 00:00:00,SIM 15/07,0.5860954174513496,0.5860954174513496,30,julho,julho,2355.14,0.006710045266608012,17293.54,0.049271141511713246,308.8132142857143,16:17:02.169000,2024-07-28 00:00:00,2024-08-05 00:00:00,27,Venceu depois chegada,2024
1,2024,HASU470278420243149720,4AIBAK820N,2332024,233,307485.0,25013.2,52,ALIANÇA,Cabotagem,PA/ PA,2024-07-03 00:00:00,Lúcio,Manaus AM,Carazinho,RS,EXTRAPLAST,2024-07-03 00:00:00,14:00:00,2024-07-03 00:00:00,13:00:00,15:00:00,PERFORMANCE,DENTRO DO HR,02:00:00,03:00:00,PERFORMANCE,HASU47027842024,3149720,2024-07-06 00:00:00,ENT. REALIZADA,2024-07-28 00:00:00,2024-08-05 00:00:00,ENT. REALIZADA,3,22,8,33,30.0,PERFORMANCE,816605,439030,14888.97,,,,,,14888.97,0.04842177667203278,,,2024-07-12 00:00:00,2024-08-01 00:00:00,SIM 15/07,0.5952445108982457,0.5952445108982457,29,julho,julho,1771.06,0.00575982568255362,16660.03,0.0541816023545864,320.3851923076923,15:59:06.679000,2024-07-28 00:00:00,2024-08-05 00:00:00,27,Venceu depois chegada,2024
1,2024,MSKU027475320241177,1003,2352024,235,319882.65,22728.9,36,MILLY,Rodoviário,PA/ PA,2024-07-04 00:00:00,Lúcio,Manaus AM,Carazinho,RS,EXTRAPLAST,2024-07-04 00:00:00,14:00:00,2024-07-04 00:00:00,14:00:00,17:00:00,PERFORMANCE,DENTRO DO HR,03:00:00,03:00:00,PERFORMANCE,MSKU02747532024,1177,2024-07-06 00:00:00,ENT. REALIZADA,2024-07-17 00:00:00,2024-07-18 00:00:00,ENT. REALIZADA,2,11,1,14,20.0,PERFORMANCE,10664,10664,24000.0,,,,,,24000.0,0.07502751399614827,,,2024-07-15 00:00:00,2024-07-25 00:00:00,SIM 15/07,1.0559243958132598,1.0559243958132598,21,julho,julho,3397.97,0.010622551738895496,27397.97,0.08565006573504377,761.0547222222223,1900-01-01 04:55:48.666000,2024-07-17 00:00:00,2024-07-18 00:00:00,27,Venceu depois chegada,2024
1,2024,MSKU866172220241173,1003,2362024,236,363203.5,24932.2,52,MILLY,Rodoviário,PA/ PA,2024-07-04 00:00:00,Lúcio,Manaus AM,Carazinho,RS,EXTRAPLAST,2024-07-04 00:00:00,14:00:00,2024-07-04 00:00:00,14:00:00,17:00:00,PERFORMANCE,DENTRO DO HR,03:00:00,03:00:00,PERFORMANCE,MSKU86617222024,1173,2024-07-06 00:00:00,ENT. REALIZADA,2024-07-17 00:00:00,2024-07-18 00:00:00,ENT. REALIZADA,2,11,1,14,20.0,PERFORMANCE,10663,10663,24000.0,,,,,,24000.0,0.06607865838297262,,,2024-07-15 00:00:00,2024-07-25 00:00:00,SIM 15/07,0.9626105999470563,0.9626105999470563,21,julho,julho,3678.65,0.010128344027521762,27678.65,0.0762070024104944,532.2817307692308,1900-01-01 02:38:37.543000,2024-07-17 00:00:00,2024-07-18 00:00:00,27,Venceu depois chegada,2024
1,2024,MRSU457175020242720624,4AMAAK2988,2382024,238,366220.7,25256.6,53,ALIANÇA,Cabotagem,PA/ PA,2024-07-08 00:00:00,Lúcio,Manaus AM,Carazinho,RS,EXTRAPLAST,2024-07-08 00:00:00,14:00:00,2024-07-08 00:00:00,15:00:00,17:30:00,PERFORMANCE,FORA DO HR,02:30:00,03:00:00,PERFORMANCE,MRSU45717502024,2720624,2024-07-15 00:00:00,ENT. REALIZADA,2024-08-11 00:00:00,2024-08-19 00:00:00,ENT. REALIZADA,7,27,8,42,30.0,NÃO PERF.,821888,440203,14955.7,,,,,,14955.7,0.04083794280334236,,,2024-07-22 00:00:00,2024-08-12 00:00:00,SIM 25/07,0.5921501706484642,0.5921501706484642,35,julho,julho,3678.65,0.010044899155072338,18634.350000000002,0.0508828419584147,351.5915094339623,17:42:26.024000,2024-08-11 00:00:00,2024-08-19 00:00:00,28,Venceu depois chegada,2024
1,2024,TRHU705081020241285695,LA0371815,2402024,240,353098.2,24351.6,56,LOG-IN,Cabotagem,PA/ PA,2024-07-10 00:00:00,Lúcio,Manaus AM,Carazinho,RS,EXTRAPLAST,2024-07-10 00:00:00,14:00:00,2024-07-10 00:00:00,14:00:00,17:30:00,PERFORMANCE,DENTRO DO HR,03:30:00,03:00:00,PERFORMANCE,TRHU70508102024,1285695,2024-07-24 00:00:00,ENT. REALIZADA,2024-08-15 00:00:00,2024-08-20 00:00:00,ENT. REALIZADA,14,22,5,41,30.0,NÃO PERF.,34019,34019,15363.54,,,,,160.0,15523.54,0.04396380383700625,Ultrapassou o tempo na entrega das 8h as 12:15h,Ultrapassou o tempo na entrega das 8h as 12:15h,2024-07-11 00:00:00,2024-07-26 00:00:00,SIM 25/07,0.6374751556365907,0.6309047454787365,16,julho,julho,3467.23,0.00981944966017952,18990.77,0.05378325349718577,339.12089285714285,18:42:59.660000,2024-08-15 00:00:00,2024-08-20 00:00:00,28,Venceu antes da chegada,2024
1,2024,FWRU01124762024L8334395,P10445002,2412024,241,374507.45,25828.1,53,MERCOSUL LINE,Cabotagem,PA/ PA,2024-07-11 00:00:00,Lúcio,Manaus AM,Carazinho,RS,EXTRAPLAST,2024-07-11 00:00:00,14:00:00,2024-07-11 00:00:00,15:00:00,17:30:00,PERFORMANCE,FORA DO HR,02:30:00,03:00:00,PERFORMANCE,FWRU01124762024,L8334395,2024-07-18 00:00:00,ENT. REALIZADA,2024-08-02 00:00:00,2024-08-07 00:00:00,ENT. REALIZADA,7,15,5,27,30.0,PERFORMANCE,274670,274670,16682.71,,,,,533.33,17216.04,0.04596981982601414,ESTADIA DE VEÍCULO,ESTADIA DE VEÍCULO,2024-07-22 00:00:00,2024-08-21 00:00:00,SIM 25/07,0.6665623874772051,0.6459131720877649,41,julho,julho,2685.06,0.007169577000404131,19901.100000000002,0.05313939682641828,375.4924528301887,18:29:33.036000,2024-08-02 00:00:00,2024-08-07 00:00:00,28,Venceu depois chegada,2024
1,2024,WRSU61772842024272062,4AMAAK3074,2422024,242,363388.85,25061.3,68,ALIANÇA,Cabotagem,PA/ PA,2024-07-12 00:00:00,Lúcio,Manaus AM,Carazinho,RS,EXTRAPLAST,2024-07-12 00:00:00,14:00:00,2024-07-12 00:00:00,15:00:00,16:30:00,PERFORMANCE,FORA DO HR,01:30:00,03:00:00,PERFORMANCE,WRSU61772842024,272062,2024-07-15 00:00:00,ENT. REALIZADA,2024-08-11 00:00:00,2024-08-17 00:00:00,ENT. REALIZADA,3,27,6,36,30.0,PERFORMANCE,1014253,440905,14952.49,,,,,,14952.49,0.041147354961496484,,,2024-06-17 00:00:00,2024-08-12 00:00:00,SIM 01/08,0.5966366469416989,0.5966366469416989,31,julho,julho,1806.77,0.004972001755144661,16759.26,0.04611935671664114,246.45970588235292,16:02:58.330000,2024-08-11 00:00:00,2024-08-17 00:00:00,28,Venceu depois chegada,2024
1,2024,MRSU497079220243159128,4AIBAK920T,2482024,248,386858.3,24958.6,45,ALIANÇA,Cabotagem,PA/ PA,2024-07-16 00:00:00,Lúcio,Manaus AM,Carazinho,RS,EXTRAPLAST,2024-07-16 00:00:00,14:00:00,2024-07-16 00:00:00,15:30:00,17:30:00,PERFORMANCE,FORA DO HR,02:00:00,03:00:00,PERFORMANCE,MRSU49707922024,3159128,2024-07-20 00:00:00,ENT. REALIZADA,2024-08-11 00:00:00,2024-08-15 00:00:00,ENT. REALIZADA,4,22,4,30,30.0,PERFORMANCE,1014254,441091,14979.16,,,,,,14979.16,0.03872001712254849,,,2024-07-18 00:00:00,2024-08-12 00:00:00,SIM 01/08,0.6001602653995016,0.6001602653995016,27,julho,julho,3467.46,0.008963126808963386,18446.62,0.04768314393151187,409.92488888888886,17:44:17.266000,2024-08-11 00:00:00,2024-08-15 00:00:00,29,Venceu depois chegada,2024
1,2024,WRSU460951620242720252,4AIBAK920T,2512024,251,393019.55,25356.1,45,ALIANÇA,Cabotagem,PA/ PA,2024-07-17 00:00:00,Lúcio,Manaus AM,Carazinho,RS,EXTRAPLAST,2024-07-17 00:00:00,14:00:00,2024-07-17 00:00:00,07:30:00,09:00:00,PERFORMANCE,DENTRO DO HR,01:30:00,03:00:00,PERFORMANCE,WRSU46095162024,2720252,2024-07-20 00:00:00,ENT. REALIZADA,2024-08-11 00:00:00,2024-08-15 00:00:00,ENT. REALIZADA,3,22,4,29,30.0,PERFORMANCE,1014255,441465,14986.16,,,,,,14986.16,0.038130825807520266,,,2024-07-19 00:00:00,2024-08-12 00:00:00,SIM 01/08,0.5910278000165641,0.5910278000165641,26,julho,julho,3548.39,0.009028533058978872,18534.55,0.047159358866499135,411.87888888888887,17:32:35.813000,2024-08-11 00:00:00,2024-08-15 00:00:00,29,Venceu depois chegada,2024
1,2024,MRSU445568420242720264,4AIBAK920T,2522024,252,385979.45,24901.9,45,ALIANÇA,Cabotagem,PA/ PA,2024-07-18 00:00:00,Lúcio,Manaus AM,Carazinho,RS,EXTRAPLAST,2024-07-18 00:00:00,15:00:00,2024-07-18 00:00:00,17:00:00,19:00:00,PERFORMANCE,FORA DO HR,02:00:00,03:00:00,PERFORMANCE,MRSU44556842024,2720264,2024-07-20 00:00:00,ENT. REALIZADA,2024-08-11 00:00:00,2024-08-16 00:00:00,ENT. REALIZADA,2,22,5,29,30.0,PERFORMANCE,1014256,441466,14978.16,,,,,,14978.16,0.03880558926129357,,,2024-07-19 00:00:00,2024-08-12 00:00:00,SIM 01/08,0.6014866335500504,0.6014866335500504,25,julho,julho,3533.02,0.00915338886565075,18511.18,0.04795897812694432,411.3595555555556,17:50:26.664000,2024-08-11 00:00:00,2024-08-16 00:00:00,29,Venceu depois chegada,2024
1,2024,MRSU648389620242720290,4AMAAK3326,2552024,255,389989.3,25160.6,45,ALIANÇA,Cabotagem,PA/ PA,2024-07-19 00:00:00,Lúcio,Manaus AM,Carazinho,RS,EXTRAPLAST,2024-07-19 00:00:00,14:00:00,2024-07-19 00:00:00,14:30:00,16:30:00,PERFORMANCE,FORA DO HR,02:00:00,03:00:00,PERFORMANCE,MRSU64838962024,2720290,2024-07-31 00:00:00,ENT. REALIZADA,2024-08-18 00:00:00,2024-08-27 00:00:00,ENT. REALIZADA,12,18,9,39,30.0,PERFORMANCE,1021646,442473,14982.72,,,,,,14982.72,0.038418284809352464,,,2024-08-07 00:00:00,2024-08-27 00:00:00,SIM 07/08,0.5954834145449631,0.5954834145449631,39,julho,julho,3577.26,0.009172713200080106,18559.98,0.04759099800943257,412.444,17:42:13.865000,2024-08-18 00:00:00,2024-08-27 00:00:00,29,Venceu depois chegada,2024
1,2024,MRKU364154720243545135,4AMAAK3326,2582024,258,393123.4,25362.8,46,ALIANÇA,Cabotagem,PA/ PA,2024-07-22 00:00:00,Lúcio,Manaus AM,Carazinho,RS,EXTRAPLAST,2024-07-22 00:00:00,14:00:00,2024-07-22 00:00:00,15:30:00,17:00:00,PERFORMANCE,FORA DO HR,01:30:00,03:00:00,PERFORMANCE,MRKU36415472024,3545135,2024-07-31 00:00:00,ENT. REALIZADA,2024-08-18 00:00:00,2024-08-26 00:00:00,ENT. REALIZADA,9,18,8,35,30.0,PERFORMANCE,1021647,442488,14986.27,,,,,,14986.27,0.038121032734250875,,,2024-08-07 00:00:00,2024-08-27 00:00:00,SIM 07/08,0.5908760073808886,0.5908760073808886,36,julho,julho,3609.58,0.009181798895715696,18595.85,0.04730283162996656,404.25760869565215,17:35:47.952000,2024-08-18 00:00:00,2024-08-26 00:00:00,30,Venceu depois chegada,2024
1,2024,MRSU326991520243147840,4AMAAK3326,2592024,259,390172.2,25172.4,44,ALIANÇA,Cabotagem,PA/ PA,2024-07-23 00:00:00,Lúcio,Manaus AM,Carazinho,RS,EXTRAPLAST,2024-07-23 00:00:00,14:00:00,2024-07-23 00:00:00,14:10:00,16:20:00,PERFORMANCE,FORA DO HR,02:10:00,03:00:00,PERFORMANCE,MRSU32699152024,3147840,2024-07-31 00:00:00,ENT. REALIZADA,2024-08-18 00:00:00,2024-08-27 00:00:00,ENT. REALIZADA,8,18,9,35,30.0,PERFORMANCE,1021648,442498,14982.92,,,,,,14982.92,0.03840078816481543,,,2024-08-07 00:00:00,2024-08-27 00:00:00,SIM 07/08,0.5952122165546392,0.5952122165546392,35,julho,julho,3691.66,0.009461617203891,18674.58,0.04786240536870644,424.42227272727274,17:48:17.333000,2024-08-18 00:00:00,2024-08-27 00:00:00,30,Venceu depois chegada,2024
1,2024,HASU496105020242720381,4AMAAK3326,2602024,260,391813.65,25278.3,42,ALIANÇA,Cabotagem,PA/ PA,2024-07-24 00:00:00,Lúcio,Manaus AM,Carazinho,RS,EXTRAPLAST,2024-07-24 00:00:00,14:00:00,2024-07-24 00:00:00,14:10:00,16:20:00,PERFORMANCE,FORA DO HR,02:10:00,03:00:00,PERFORMANCE,HASU49610502024,2720381,2024-07-31 00:00:00,ENT. REALIZADA,2024-08-18 00:00:00,2024-08-28 00:00:00,ENT. REALIZADA,7,18,10,35,30.0,PERFORMANCE,1021649,442525,14984.78,,,,,,14984.78,0.03824466043998212,,,2024-08-07 00:00:00,2024-08-27 00:00:00,SIM 07/08,0.5927922368197229,0.5927922368197229,34,julho,julho,3982.8,0.01016503636358764,18967.58,0.04840969680356976,451.60904761904766,18:00:30.266000,2024-08-18 00:00:00,2024-08-28 00:00:00,30,Venceu depois chegada,2024
1,2024,OMT32122024MAO463045,1004,2612024,261,333127.35,24676.1,57,BERTOLINI,Rodoviário,PA/ PA,2024-07-26 00:00:00,Lúcio,Manaus AM,Carazinho,RS,EXTRAPLAST,2024-07-25 00:00:00,11:00:00,2024-07-26 00:00:00,15:00:00,18:00:00,NÃO PERF,FORA DO HR,03:00:00,03:00:00,PERFORMANCE,OMT32122024,MAO463045,2024-07-30 00:00:00,ENT. REALIZADA,2024-08-14 00:00:00,2024-08-14 00:00:00,ENT. REALIZADA,4,15,0,19,20.0,PERFORMANCE,71284,71284,25625.43,,,,,,25625.43,0.07692382507770677,,,2024-08-08 00:00:00,2024-08-24 00:00:00,SIM 07/08,1.0384716385490413,1.0384716385490413,29,julho,julho,3345.01,0.010041234981156607,28970.440000000002,0.08696506005886338,508.2533333333334,1900-01-01 04:10:36.046000,2024-08-14 00:00:00,2024-08-14 00:00:00,30,Venceu depois chegada,2024
1,2024,CSBX7A182024MAO463044,1004,2622024,262,300128.09,22231.71,51,BERTOLINI,Rodoviário,PA/ PA,2024-07-26 00:00:00,Lúcio,Manaus AM,Carazinho,RS,EXTRAPLAST,2024-07-25 00:00:00,11:00:00,2024-07-26 00:00:00,15:00:00,18:00:00,NÃO PERF,FORA DO HR,03:00:00,03:00:00,PERFORMANCE,CSBX7A182024,MAO463044,2024-07-30 00:00:00,ENT. REALIZADA,2024-08-14 00:00:00,2024-08-14 00:00:00,ENT. REALIZADA,4,15,0,19,20.0,PERFORMANCE,71285,71285,25737.93,,,,,,25737.93,0.08575648483952301,,,2024-08-08 00:00:00,2024-08-24 00:00:00,SIM 07/08,1.1577125646205353,1.1577125646205353,29,julho,julho,3013.64,0.010041179417761262,28751.57,0.09579766425728427,563.7562745098039,1900-01-01 07:02:18.397000,2024-08-14 00:00:00,2024-08-14 00:00:00,30,Venceu depois chegada,2024
1,2024,TEMU771951620241466922,LA0375801C,2642024,264,389931.95,25156.9,45,LOG-IN,Cabotagem,PA/ PA,2024-07-30 00:00:00,Lúcio,Manaus AM,Carazinho,RS,EXTRAPLAST,2024-07-30 00:00:00,14:00:00,2024-07-30 00:00:00,15:00:00,17:00:00,PERFORMANCE,FORA DO HR,02:00:00,03:00:00,PERFORMANCE,TEMU77195162024,1466922,2024-08-07 00:00:00,ENT. REALIZADA,2024-08-27 00:00:00,2024-08-29 00:00:00,ENT. REALIZADA,8,20,2,30,30.0,PERFORMANCE,35971,35971,15497.48,,,,,,15497.48,0.03974406303458847,,,2024-07-31 00:00:00,2024-08-15 00:00:00,SIM 01/08,0.6160329770361213,0.6160329770361213,16,julho,julho,3640.42,0.009336039275571032,19137.9,0.0490801023101595,425.2866666666667,18:15:28.073000,2024-08-27 00:00:00,2024-08-29 00:00:00,31,Venceu antes da chegada,2024
1,2024,MRSU614128120243151999,4AIBK02QK,2662024,266,392345.3,25312.6,45,ALIANÇA,Cabotagem,PA/ PA,2024-08-01 00:00:00,Lúcio,Manaus AM,Carazinho,RS,EXTRAPLAST,2024-08-01 00:00:00,09:00:00,2024-08-01 00:00:00,08:30:00,09:40:00,PERFORMANCE,DENTRO DO HR,01:10:00,03:00:00,PERFORMANCE,MRSU61412812024,3151999,2024-08-03 00:00:00,ENT. REALIZADA,2024-08-27 00:00:00,2024-08-29 00:00:00,ENT. REALIZADA,2,24,2,28,30.0,PERFORMANCE,1022659,443756,14985.4,,,,,,14985.4,0.03819441700971058,,,2024-08-08 00:00:00,2024-08-26 00:00:00,SIM 01/08,0.592013463650514,0.592013463650514,25,agosto,agosto,3672.61,0.009360657563630812,18658.01,0.04755507457334139,414.6224444444444,17:41:25.756000,2024-08-27 00:00:00,2024-08-29 00:00:00,31,Venceu antes da chegada,2024
1,2024,CAAU654785920242723295,4AIBK02QK,2682024,268,395546.05,25519.1,45,ALIANÇA,Cabotagem,PA/ PA,2024-08-01 00:00:00,Lúcio,Manaus AM,Carazinho,RS,EXTRAPLAST,2024-08-01 00:00:00,14:00:00,2024-08-01 00:00:00,15:20:00,16:40:00,PERFORMANCE,FORA DO HR,01:20:00,03:00:00,PERFORMANCE,CAAU65478592024,2723295,2024-08-03 00:00:00,ENT. REALIZADA,2024-08-27 00:00:00,2024-08-29 00:00:00,ENT. REALIZADA,2,24,2,28,30.0,PERFORMANCE,1022658,443748,14989.03,,,,,,14989.03,0.037894525808056995,,,2024-08-08 00:00:00,2024-08-26 00:00:00,SIM 01/08,0.5873651500248834,0.5873651500248834,25,agosto,agosto,3702.57,0.009360654720227898,18691.600000000002,0.047255180528284896,415.36888888888893,17:34:44.138000,2024-08-27 00:00:00,2024-08-29 00:00:00,31,Venceu antes da chegada,2024
1,2024,MRSU267938420243148044,4AMAK3659,2692024,269,393188.5,25367.0,45,ALIANÇA,Cabotagem,PA/ PA,2024-08-02 00:00:00,Lúcio,Manaus AM,Carazinho,RS,EXTRAPLAST,2024-08-02 00:00:00,14:00:00,2024-08-02 00:00:00,14:40:00,16:20:00,PERFORMANCE,FORA DO HR,01:40:00,03:00:00,PERFORMANCE,MRSU26793842024,3148044,2024-08-16 00:00:00,ENT. REALIZADA,2024-09-16 00:00:00,2024-09-23 00:00:00,ENT. REALIZADA,14,31,7,52,30.0,NÃO PERF.,1033197,446001,14986.35,,,,,,14986.35,0.038114924520935886,,,2024-08-23 00:00:00,2024-09-12 00:00:00,SIM 29/08,0.5907813300745063,0.5907813300745063,41,agosto,agosto,3724.98,0.009473776572814311,18711.33,0.047588701093750206,415.80733333333336,17:42:10.789000,2024-09-16 00:00:00,2024-09-23 00:00:00,31,Venceu antes da chegada,2024
1,2024,TEMU771498320241537021,LA0375801C,2742024,274,384975.05,24837.1,45,LOG-IN,Cabotagem,PA/ PA,2024-08-06 00:00:00,Lúcio,Manaus AM,Carazinho,RS,EXTRAPLAST,2024-08-06 00:00:00,08:00:00,2024-08-06 00:00:00,07:30:00,10:40:00,PERFORMANCE,DENTRO DO HR,03:10:00,03:00:00,PERFORMANCE,TEMU77149832024,1537021,2024-08-10 00:00:00,ENT. REALIZADA,2024-08-27 00:00:00,2024-08-30 00:00:00,ENT. REALIZADA,4,17,3,24,30.0,PERFORMANCE,36567,36567,15479.45,,,,,261.36,15740.810000000001,0.04088787052563537,"ESTADIA DE VEÍCULO, ATRASO NO CARREGAMENTO","ESTADIA DE VEÍCULO, ATRASO NO CARREGAMENTO",2024-08-07 00:00:00,2024-08-22 00:00:00,SIM 01/08,0.6337619931473482,0.6232390254900935,16,agosto,agosto,3593.89,0.009335384202171023,19334.7,0.050223254727806386,429.66,18:40:58.983000,2024-08-27 00:00:00,2024-08-30 00:00:00,32,Venceu antes da chegada,2024
1,2024,MEDU726792220241536926,LA0375801C,2752024,275,392339.1,25312.2,47,LOG-IN,Cabotagem,PA/ PA,2024-08-06 00:00:00,Lúcio,Manaus AM,Carazinho,RS,EXTRAPLAST,2024-08-06 00:00:00,11:00:00,2024-08-06 00:00:00,13:25:00,15:30:00,PERFORMANCE,FORA DO HR,02:05:00,03:00:00,PERFORMANCE,MEDU72679222024,1536926,2024-08-10 00:00:00,ENT. REALIZADA,2024-08-27 00:00:00,2024-09-02 00:00:00,ENT. REALIZADA,4,17,6,27,30.0,PERFORMANCE,36587,36587,15506.23,,,,,,15506.23,0.03952252018725638,,,2024-08-07 00:00:00,2024-08-22 00:00:00,SIM 01/08,0.6125990629024739,0.6125990629024739,16,agosto,agosto,3662.63,0.009335368307670585,19168.86,0.04885788849492697,407.848085106383,18:10:30.484000,2024-08-27 00:00:00,2024-09-02 00:00:00,32,Venceu antes da chegada,2024
1,2024,MRKU233105920243148097,4AIBK04AC,2762024,276,394572.65,25456.3,45,ALIANÇA,Cabotagem,PA/ PA,2024-08-06 00:00:00,Lúcio,Manaus AM,Carazinho,RS,EXTRAPLAST,2024-08-06 00:00:00,13:00:00,2024-08-06 00:00:00,14:30:00,17:10:00,PERFORMANCE,FORA DO HR,02:40:00,03:00:00,PERFORMANCE,MRKU23310592024,3148097,2024-08-16 00:00:00,ENT. REALIZADA,2024-09-16 00:00:00,2024-09-24 00:00:00,ENT. REALIZADA,10,31,8,49,30.0,PERFORMANCE,1033194,445062,14987.92,,,,,,14987.92,0.03798519740281035,,,2024-08-09 00:00:00,2024-09-12 00:00:00,SIM 29/08,0.5887705597435605,0.5887705597435605,37,agosto,agosto,3683.49,0.009335391087040623,18671.41,0.047320588489850976,414.9202222222222,17:36:11.732000,2024-09-16 00:00:00,2024-09-24 00:00:00,32,Venceu antes da chegada,2024
1,2024,MSKU127083420243144264,4AIBK04AC,2772024,277,392480.15,25321.3,43,ALIANÇA,Cabotagem,PA/ PA,2024-08-06 00:00:00,Lúcio,Manaus AM,Carazinho,RS,EXTRAPLAST,2024-08-06 00:00:00,15:00:00,2024-08-06 00:00:00,15:20:00,19:00:00,PERFORMANCE,FORA DO HR,03:40:00,03:00:00,PERFORMANCE,MSKU12708342024,3144264,2024-08-16 00:00:00,ENT. REALIZADA,2024-09-16 00:00:00,2024-09-20 00:00:00,ENT. REALIZADA,10,31,4,45,30.0,PERFORMANCE,1033196,445974,14985.55,,,,,,14985.55,0.03818167619432473,,,2024-08-13 00:00:00,2024-09-12 00:00:00,SIM 29/08,0.5918159810120334,0.5918159810120334,37,agosto,agosto,4002.46,0.0101978660576847,18988.01,0.048379542252009425,441.58162790697673,17:59:49.883000,2024-09-16 00:00:00,2024-09-20 00:00:00,32,Venceu antes da chegada,2024
1,2024,SUDU560412620243148129,4AIBK04GD,2782024,278,395786.3,25534.6,45,ALIANÇA,Cabotagem,PA/ PA,2024-08-07 00:00:00,Lúcio,Manaus AM,Carazinho,RS,EXTRAPLAST,2024-08-07 00:00:00,08:00:00,2024-08-07 00:00:00,08:00:00,09:10:00,PERFORMANCE,DENTRO DO HR,01:10:00,03:00:00,PERFORMANCE,SUDU56041262024,3148129,2024-08-16 00:00:00,ENT. REALIZADA,2024-09-16 00:00:00,2024-09-25 00:00:00,ENT. REALIZADA,9,31,9,49,30.0,NÃO PERF.,1033198,446012,14989.31,,,,,,14989.31,0.0378722305446146,,,2024-08-13 00:00:00,2024-09-12 00:00:00,SIM 29/08,0.5870195734415264,0.5870195734415264,36,agosto,agosto,3694.81,0.009335366080129606,18684.12,0.04720759662474421,415.20266666666663,17:33:40.413000,2024-09-16 00:00:00,2024-09-25 00:00:00,32,Venceu antes da chegada,2024
1,2024,MRKU558623820243148140,4AIBK04GD,2792024,279,397162.7,25623.4,43,ALIANÇA,Cabotagem,PA/ PA,2024-08-07 00:00:00,Lúcio,Manaus AM,Carazinho,RS,EXTRAPLAST,2024-08-07 00:00:00,13:00:00,2024-08-07 00:00:00,15:00:00,16:50:00,PERFORMANCE,FORA DO HR,01:50:00,03:00:00,PERFORMANCE,MRKU55862382024,3148140,2024-08-16 00:00:00,ENT. REALIZADA,2024-09-16 00:00:00,2024-09-23 00:00:00,ENT. REALIZADA,9,31,7,47,30.0,NÃO PERF.,1033195,445968,14990.86,,,,,,14990.86,0.037744883897707415,,,2024-08-13 00:00:00,2024-09-12 00:00:00,SIM 29/08,0.5850457004144649,0.5850457004144649,36,agosto,agosto,4019.05,0.010119404465726515,19009.91,0.04786428836343393,442.09093023255815,17:48:19.855000,2024-09-16 00:00:00,2024-09-23 00:00:00,32,Venceu antes da chegada,2024
1,2024,SEKU461346820243490327,4AMAK3752,2822024,282,383045.3,25772.6,50,ALIANÇA,Cabotagem,PA/ PA,2024-08-12 00:00:00,Lúcio,Manaus AM,Carazinho,RS,EXTRAPLAST,2024-08-12 00:00:00,14:00:00,2024-08-12 00:00:00,15:50:00,18:30:00,PERFORMANCE,FORA DO HR,02:40:00,03:00:00,PERFORMANCE,SEKU46134682024,3490327,2024-08-18 00:00:00,ENT. REALIZADA,2024-09-08 00:00:00,2024-09-12 00:00:00,ENT. REALIZADA,6,21,4,31,30.0,PERFORMANCE,1036409,446565,14974.83,,,,,,14974.83,0.039094148916590285,,,2024-08-28 00:00:00,2024-09-17 00:00:00,SIM 29/08,0.5810368375716847,0.5810368375716847,36,agosto,agosto,3649.37,0.009527254348245496,18624.2,0.04862140326483578,372.48400000000004,17:20:35.722000,2024-09-08 00:00:00,2024-09-12 00:00:00,33,Venceu depois chegada,2024
1,2024,HASU436501920243145862, 4AIBK06WC,2842024,284,389034.5,25099.0,45,ALIANÇA,Cabotagem,PA/ PA,2024-08-15 00:00:00,Lúcio,Manaus AM,Carazinho,RS,EXTRAPLAST,2024-08-15 00:00:00,13:00:00,2024-08-15 00:00:00,13:30:00,14:40:00,PERFORMANCE,FORA DO HR,01:10:00,03:00:00,PERFORMANCE,HASU43650192024,3145862,2024-08-18 00:00:00,ENT. REALIZADA,2024-09-11 00:00:00,2024-09-18 00:00:00,ENT. REALIZADA,3,24,7,34,30.0,PERFORMANCE,1036411,446755,16999.23,,,,,,16999.23,0.043695944704132926,Imbituba - SC,Imbituba - SC,2024-08-28 00:00:00,2024-09-17 00:00:00,SIM 29/08,0.6772871429140603,0.6772871429140603,33,agosto,agosto,3511.19,0.009025394919987816,20510.42,0.05272133962412073,455.7871111111111,19:36:44.418000,2024-09-11 00:00:00,2024-09-18 00:00:00,33,Venceu depois chegada,2024
1,2024,MRKU621905220243490687, 4AIBK06WC,2852024,285,392156.2,25300.4,45,ALIANÇA,Cabotagem,PA/ PA,2024-08-15 00:00:00,Lúcio,Manaus AM,Carazinho,RS,EXTRAPLAST,2024-08-15 00:00:00,15:00:00,2024-08-15 00:00:00,16:30:00,17:20:00,PERFORMANCE,FORA DO HR,00:50:00,03:00:00,PERFORMANCE,MRKU62190522024,3490687,2024-08-18 00:00:00,ENT. REALIZADA,2024-09-11 00:00:00,2024-09-19 00:00:00,ENT. REALIZADA,3,24,8,35,30.0,PERFORMANCE,1036410,446753,17002.78,,,,,,17002.78,0.04335716227360424,Imbituba - SC,Imbituba - SC,2024-08-28 00:00:00,2024-09-17 00:00:00,SIM 29/08,0.6720360152408656,0.6720360152408656,33,agosto,agosto,3539.37,0.009025408752940792,20542.149999999998,0.052382571026545026,456.49222222222215,19:29:10.739000,2024-09-11 00:00:00,2024-09-19 00:00:00,33,Venceu depois chegada,2024
1,2024, GVTU5034032  20241055,1005,2872024,287,372398.9,25060.6,48,MILLY,Rodoviário,PA/ PA,2024-08-16 00:00:00,Lúcio,Manaus AM,Carazinho,RS,EXTRAPLAST,2024-08-16 00:00:00,09:00:00,2024-08-16 00:00:00,09:00:00,11:30:00,PERFORMANCE,DENTRO DO HR,02:30:00,03:00:00,PERFORMANCE, GVTU5034032  2024,1055,2024-08-28 00:00:00,ENT. REALIZADA,2024-09-09 00:00:00,2024-09-10 00:00:00,ENT. REALIZADA,12,12,1,25,20.0,PERFORMANCE,10909,10909,24000.0,,,,,,24000.0,0.0644470217285819,,,2024-08-29 00:00:00,2024-09-10 00:00:00,SIM 29/08,0.9576785871048579,0.9576785871048579,25,agosto,agosto,4134.78,0.011103094020954411,28134.78,0.07555011574953631,586.14125,1900-01-01 02:56:38.675000,2024-09-09 00:00:00,2024-09-10 00:00:00,33,Venceu depois chegada,2024
1,2024,GVTU502720220241057,1005,2882024,288,330675.6,22537.4,47,MILLY,Rodoviário,PA/ PA,2024-08-16 00:00:00,Lúcio,Manaus AM,Carazinho,RS,EXTRAPLAST,2024-08-16 00:00:00,11:00:00,2024-08-16 00:00:00,13:10:00,16:30:00,PERFORMANCE,FORA DO HR,03:20:00,06:00:00,PERFORMANCE,GVTU50272022024,1057,2024-08-28 00:00:00,ENT. REALIZADA,2024-09-09 00:00:00,2024-09-10 00:00:00,ENT. REALIZADA,12,12,1,25,20.0,PERFORMANCE,10908,10908,24000.0,,,,,,24000.0,0.0725786843661885,,,2024-08-29 00:00:00,2024-09-10 00:00:00,SIM 29/08,1.0648965719204522,1.0648965719204522,25,agosto,agosto,3829.7,0.01158144114654967,27829.7,0.08416012551273817,592.1212765957447,1900-01-01 05:38:08.708000,2024-09-09 00:00:00,2024-09-10 00:00:00,33,Venceu depois chegada,2024
1,2024,RODO2024RODO1,1006,2892024,289,330357.85,22783.3,39,BERTOLINI,Rodoviário,PA/ PA,2024-08-19 00:00:00,Lúcio,Manaus AM,Carazinho,RS,EXTRAPLAST,2024-08-19 00:00:00,09:00:00,2024-08-19 00:00:00,10:34:00,13:00:00,PERFORMANCE,FORA DO HR,02:26:00,03:00:00,PERFORMANCE,RODO2024,RODO1,2024-08-23 00:00:00,ENT. REALIZADA,2024-09-05 00:00:00,2024-09-05 00:00:00,ENT. REALIZADA,4,13,0,17,20.0,PERFORMANCE,2191443,72901,25728.49,,,,,,25728.49,0.07788066788786767,,,2024-08-21 00:00:00,2024-09-16 00:00:00,SIM 21/08,1.129269684374081,1.129269684374081,28,agosto,agosto,4007.91,0.012132025922798566,29736.4,0.09001269381066623,762.4717948717949,1900-01-01 07:19:27.903000,2024-09-05 00:00:00,2024-09-05 00:00:00,34,Venceu depois chegada,2024
1,2024,RODO2024RODO2,1006,2902024,290,361851.85,24955.3,47,BERTOLINI,Rodoviário,PA/ PA,2024-08-19 00:00:00,Lúcio,Manaus AM,Carazinho,RS,EXTRAPLAST,2024-08-19 00:00:00,11:00:00,2024-08-19 00:00:00,14:00:00,17:00:00,PERFORMANCE,FORA DO HR,03:00:00,03:00:00,PERFORMANCE,RODO2024,RODO2,2024-08-23 00:00:00,ENT. REALIZADA,2024-09-05 00:00:00,2024-09-05 00:00:00,ENT. REALIZADA,4,13,0,17,20.0,PERFORMANCE,2191443,72902,25835.86,,,,,,25835.86,0.07139899934185773,,,2024-08-21 00:00:00,2024-09-16 00:00:00,SIM 21/08,1.035285490456937,1.035285490456937,28,agosto,agosto,4390.0,0.012132036909580538,30225.86,0.08353103625143826,643.1034042553191,1900-01-01 05:04:07.682000,2024-09-05 00:00:00,2024-09-05 00:00:00,34,Venceu depois chegada,2024
1,2024,CIPU500901320241534868,LA0379962,2912024,291,363845.6,25092.8,42,LOG-IN,Cabotagem,PA/ PA,2024-08-21 00:00:00,Lúcio,Manaus AM,Carazinho,RS,EXTRAPLAST,2024-08-21 00:00:00,09:00:00,2024-08-21 00:00:00,11:00:00,13:00:00,PERFORMANCE,FORA DO HR,02:00:00,03:00:00,PERFORMANCE,CIPU50090132024,1534868,2024-08-31 00:00:00,ENT. REALIZADA,2024-10-03 00:00:00,2024-10-09 00:00:00,ENT. REALIZADA,10,33,6,49,30.0,PERFORMANCE,0MAO104180-01,38088,15402.62,,,,,,15402.62,0.04233284668002032,Alteração ,Alteração ,2024-08-22 00:00:00,2024-09-06 00:00:00,SIM 29/08,0.6138262768602947,0.6138262768602947,16,agosto,agosto,4427.14,0.012167633743543967,19829.760000000002,0.05450048042356429,472.1371428571429,18:57:58.202000,2024-10-03 00:00:00,2024-10-09 00:00:00,34,Venceu antes da chegada,2024
1,2024,SEGU412319420241536979,LA0380061,2922024,292,362726.2,25015.6,46,LOG-IN,Cabotagem,PA/ PA,2024-08-22 00:00:00,Lúcio,Manaus AM,Carazinho,RS,EXTRAPLAST,2024-08-22 00:00:00,09:00:00,2024-08-22 00:00:00,09:15:00,11:15:00,PERFORMANCE,FORA DO HR,02:00:00,03:00:00,PERFORMANCE,SEGU41231942024,1536979,2024-08-30 00:00:00,ENT. REALIZADA,2024-10-03 00:00:00,2024-10-08 00:00:00,ENT. REALIZADA,8,34,5,47,30.0,PERFORMANCE,0MAO104959-01,38828,15398.55,,,,,,15398.55,0.0424522684052048,,,2024-08-28 00:00:00,2024-09-12 00:00:00,SIM 29/08,0.6155578918754697,0.6155578918754697,21,agosto,agosto,4413.51,0.012167607412974304,19812.059999999998,0.054619875818179106,430.6969565217391,19:00:27.780000,2024-10-03 00:00:00,2024-10-08 00:00:00,34,Venceu antes da chegada,2024
1,2024,TEMU849989020241537136,LA0380061,2932024,293,362868.3,25025.4,47,LOG-IN,Cabotagem,PA/ PA,2024-08-23 00:00:00,Lúcio,Manaus AM,Carazinho,RS,EXTRAPLAST,2024-08-23 00:00:00,09:00:00,2024-08-23 00:00:00,08:40:00,10:35:00,PERFORMANCE,DENTRO DO HR,01:55:00,03:00:00,PERFORMANCE,TEMU84998902024,1537136,2024-08-30 00:00:00,ENT. REALIZADA,2024-10-03 00:00:00,2024-10-08 00:00:00,ENT. REALIZADA,7,34,5,46,30.0,PERFORMANCE,0MAO104611-01,38577,15399.07,,,,,,15399.07,0.042437077033182564,,,2024-08-24 00:00:00,2024-09-08 00:00:00,SIM 29/08,0.6153376169811471,0.6153376169811471,16,agosto,agosto,4168.13,0.0114866192500144,19567.2,0.053923696283196966,416.3234042553192,18:45:55.607000,2024-10-03 00:00:00,2024-10-08 00:00:00,34,Venceu antes da chegada,2024
1,2024,GESU600387120241275,1007,2962024,296,285122.43,22818.5,59,MILLY,Rodoviário,PA/ PA,2024-09-02 00:00:00,Lúcio,Manaus AM,Carazinho,RS,EXTRAPLAST,2024-09-02 00:00:00,09:00:00,2024-09-02 00:00:00,11:20:00,12:30:00,PERFORMANCE,FORA DO HR,01:10:00,03:00:00,PERFORMANCE,GESU60038712024,1275,2024-09-13 00:00:00,ENT. REALIZADA,2024-10-10 00:00:00,2024-10-10 00:00:00,ENT. REALIZADA,11,27,0,38,20.0,NÃO PERF.,1231,11020,24000.0,,,,,,24000.0,0.08417436677991276,,,2024-09-20 00:00:00,2024-10-10 00:00:00,SIM 20/09,1.051778162455902,1.051778162455902,38,setembro,setembro,2102.23,0.007373078294822333,26102.23,0.09154744507473508,442.4106779661017,1900-01-01 03:27:13.520000,2024-10-10 00:00:00,2024-10-10 00:00:00,36,Venceu antes da chegada,2024
1,2024,MSKU93970392024574,1007,2972024,297,357539.55,24657.9,64,MILLY,Rodoviário,PA/ PA,2024-09-02 00:00:00,Lúcio,Manaus AM,Carazinho,RS,EXTRAPLAST,2024-09-02 00:00:00,11:00:00,2024-09-02 00:00:00,13:00:00,15:40:00,PERFORMANCE,FORA DO HR,02:40:00,03:00:00,PERFORMANCE,MSKU93970392024,574,2024-09-13 00:00:00,ENT. REALIZADA,2024-10-10 00:00:00,2024-10-10 00:00:00,ENT. REALIZADA,11,27,0,38,20.0,NÃO PERF.,1233,11019,24000.0,,,,,,24000.0,0.06712544108756639,,,2024-09-20 00:00:00,2024-10-10 00:00:00,SIM 20/09,0.9733188957697126,0.9733188957697126,38,setembro,setembro,1843.7,0.005156632322214424,25843.7,0.07228207340978082,403.8078125,1900-01-01 01:09:14.982000,2024-10-10 00:00:00,2024-10-10 00:00:00,36,Venceu antes da chegada,2024
1,2024,1º Composição2024MAO467443,1008,2982024,298,327028.11,22758.4,49,BERTOLINI,Rodoviário,PA/ PA,2024-09-03 00:00:00,Lúcio,Manaus AM,Carazinho,RS,EXTRAPLAST,2024-09-03 00:00:00,08:00:00,2024-09-03 00:00:00,10:30:00,13:00:00,PERFORMANCE,FORA DO HR,02:30:00,03:00:00,PERFORMANCE,1008,MAO467443,2024-09-06 00:00:00,ENT. REALIZADA,2024-09-20 00:00:00,2024-09-20 00:00:00,ENT. REALIZADA,3,14,0,17,20.0,PERFORMANCE,74330,74330,25717.14,,,,,,25717.14,0.07863892801141774,,,2024-09-04 00:00:00,2024-10-01 00:00:00,SIM 20/09,1.1300065030933633,1.1300065030933633,28,setembro,setembro,3030.45,0.009266634602144752,28747.59,0.08790556261356249,586.6855102040817,1900-01-01 06:18:57.364000,2024-09-20 00:00:00,2024-09-20 00:00:00,36,Venceu depois chegada,2024
1,2024,2º Composição2024MAO467442,1008,2992024,299,343312.2,24202.0,631,BERTOLINI,Rodoviário,PA/ PA,2024-09-03 00:00:00,Lúcio,Manaus AM,Carazinho,RS,EXTRAPLAST,2024-09-03 00:00:00,10:00:00,2024-09-03 00:00:00,14:10:00,16:10:00,PERFORMANCE,FORA DO HR,02:00:00,03:00:00,PERFORMANCE,1008,MAO467442,2024-09-06 00:00:00,ENT. REALIZADA,2024-09-20 00:00:00,2024-09-20 00:00:00,ENT. REALIZADA,3,14,0,17,20.0,PERFORMANCE,74333,74333,25772.66,,,,,,25772.66,0.07507062085180777,,,2024-09-04 00:00:00,2024-10-01 00:00:00,SIM 20/09,1.0648979423188165,1.0648979423188165,28,setembro,setembro,3348.1,0.009752347862965544,29120.76,0.08482296871477331,46.15017432646592,1900-01-01 04:52:39.742000,2024-09-20 00:00:00,2024-09-20 00:00:00,36,Venceu depois chegada,2024
1,2024,1º Composição20241691,1009,122024,12,324000.0,22320.0,720,MILLY,Rodoviário,PA/ PA,2024-09-09 00:00:00,Lúcio,Manaus AM,Carazinho,RS,EXTRAPLAST,2024-09-09 00:00:00,10:00:00,2024-09-09 00:00:00,10:00:00,16:15:00,PERFORMANCE,DENTRO DO HR,06:15:00,06:00:00,NÃO PERF.,1009,1691,2024-09-16 00:00:00,ENT. REALIZADA,2024-10-10 00:00:00,2024-10-10 00:00:00,ENT. REALIZADA,7,24,0,31,20.0,NÃO PERF.,1232,11050,24000.0,,,,,,24000.0,0.07407407407407407,,,2024-09-20 00:00:00,2024-10-15 00:00:00,SIM 20/09,1.075268817204301,1.075268817204301,36,setembro,setembro,97.08,0.0002996296296296296,24097.08,0.0743737037037037,33.46816666666667,1900-01-01 01:54:39.019000,2024-10-10 00:00:00,2024-10-10 00:00:00,37,Venceu depois chegada,2024
1,2024,2º Composição20241967,1009,132024,13,201600.0,13888.0,448,MILLY,Rodoviário,PA/ PA,2024-09-09 00:00:00,Lúcio,Manaus AM,Carazinho,RS,EXTRAPLAST,2024-09-09 00:00:00,10:00:00,2024-09-09 00:00:00,10:00:00,16:15:00,PERFORMANCE,DENTRO DO HR,06:15:00,06:00:00,NÃO PERF.,1009,1967,2024-09-16 00:00:00,ENT. REALIZADA,2024-10-10 00:00:00,2024-10-10 00:00:00,ENT. REALIZADA,7,24,0,31,20.0,NÃO PERF.,1235,11049,24000.0,,,,,,24000.0,0.11904761904761904,,,2024-09-20 00:00:00,2024-10-16 00:00:00,SIM 20/09,1.728110599078341,1.728110599078341,37,setembro,setembro,60.4,0.0002996031746031746,24060.4,0.11934722222222223,53.706250000000004,1900-01-01 17:34:44.516000,2024-10-10 00:00:00,2024-10-10 00:00:00,37,Venceu depois chegada,2024
0,2024,2º Composição20241967,1009,3052024,305,75825.82,6009.6,273,MILLY,Rodoviário,PA/ PA,2024-09-09 00:00:00,Lúcio,Manaus AM,Carazinho,RS,EXTRAPLAST,2024-09-09 00:00:00,10:00:00,2024-09-09 00:00:00,10:00:00,16:15:00,PERFORMANCE,DENTRO DO HR,06:15:00,06:00:00,NÃO PERF.,1009,1967,2024-09-16 00:00:00,ENT. REALIZADA,2024-10-10 00:00:00,2024-10-10 00:00:00,ENT. REALIZADA,7,24,0,31,20.0,NÃO PERF.,1235,11049,,,,,,,,0.0,,,2024-09-20 00:00:00,2024-10-15 00:00:00,SIM 20/09,0.0,0.0,36,setembro,setembro,675.29,0.008905805436723268,675.29,0.008905805436723268,2.4735897435897436,02:41:48.642000,2024-10-10 00:00:00,2024-10-10 00:00:00,37,Venceu depois chegada,2024
1,2024,GVTU502513320241128,1010,152024,15,364500.0,25110.0,810,MILLY,Rodoviário,PA/ PA,2024-09-16 00:00:00,Lúcio,Manaus AM,Carazinho,RS,EXTRAPLAST,2024-09-16 00:00:00,09:00:00,2024-09-16 00:00:00,08:40:00,13:00:00,PERFORMANCE,DENTRO DO HR,04:20:00,06:00:00,PERFORMANCE,GVTU50251332024,1128,2024-09-26 00:00:00,ENT. REALIZADA,2024-10-18 00:00:00,2024-10-18 00:00:00,ENT. REALIZADA,10,22,0,32,20.0,PERFORMANCE,1236,11088,24000.0,,,,,,24000.0,0.06584362139917696,,,2024-09-20 00:00:00,2024-10-25 00:00:00,SIM 20/09,0.955794504181601,0.955794504181601,39,setembro,setembro,108.21,0.00029687242798353907,24108.21,0.06614049382716049,29.763222222222222,23:02:32.981000,2024-10-18 00:00:00,2024-10-18 00:00:00,38,Venceu depois chegada,2024
1,2024,GVTU503486020241178,1010,142024,14,291300.0,20770.0,670,MILLY,Rodoviário,PA/ PA,2024-09-16 00:00:00,Lúcio,Manaus AM,Carazinho,RS,EXTRAPLAST,2024-09-16 00:00:00,09:00:00,2024-09-16 00:00:00,08:40:00,13:00:00,PERFORMANCE,DENTRO DO HR,04:20:00,06:00:00,PERFORMANCE,GVTU50348602024,1178,2024-09-26 00:00:00,ENT. REALIZADA,2024-10-18 00:00:00,2024-10-18 00:00:00,ENT. REALIZADA,10,22,0,32,20.0,PERFORMANCE,1234,11089,24000.0,,,,,,24000.0,0.082389289392379,,,2024-09-20 00:00:00,2024-10-25 00:00:00,SIM 20/09,1.1555127587867116,1.1555127587867116,39,setembro,setembro,89.5,0.0003072433916924133,24089.5,0.08269653278407141,35.9544776119403,1900-01-01 03:50:08.609000,2024-10-18 00:00:00,2024-10-18 00:00:00,38,Venceu depois chegada,2024
0,2024,GVTU503486020241178,1010,3112024,311,35026.74,2779.9,32,MILLY,Rodoviário,PA/ PA,2024-09-16 00:00:00,Lúcio,Manaus AM,Carazinho,RS,EXTRAPLAST,2024-09-16 00:00:00,09:00:00,2024-09-16 00:00:00,08:40:00,13:00:00,PERFORMANCE,DENTRO DO HR,04:20:00,06:00:00,PERFORMANCE,GVTU50348602024,1178,2024-09-29 00:00:00,ENT. REALIZADA,2024-10-18 00:00:00,2024-10-18 00:00:00,ENT. REALIZADA,13,19,0,32,20.0,PERFORMANCE,1234,11089,,,,,,,,0.0,,,2024-09-20 00:00:00,2024-10-25 00:00:00,SIM 20/09,0.0,0.0,39,setembro,setembro,97.45,0.0027821601439357475,97.45,0.0027821601439357475,3.0453125,00:50:28.771000,2024-10-18 00:00:00,2024-10-18 00:00:00,38,Venceu depois chegada,2024
1,2024,BSIU 80605752024ML- BRO155171,4AMAK4938,3142024,314,323040.15,23928.9,54,ALIANÇA,Cabotagem,PA/ PA,2024-09-18 00:00:00,Lúcio,Manaus AM,Carazinho,RS,EXTRAPLAST,2024-09-18 00:00:00,13:00:00,2024-09-18 00:00:00,12:20:00,14:00:00,PERFORMANCE,DENTRO DO HR,01:40:00,03:00:00,PERFORMANCE,BSIU 80605752024,ML- BRO155171,2024-10-09 00:00:00,ENT. REALIZADA,2024-11-10 00:00:00,2024-11-14 00:00:00,ENT. REALIZADA,21,32,4,57,30.0,PERFORMANCE,859203,452313,16410.45,,,,,12500.0,28910.45,0.08949491262928153,Taxa da seca,Taxa da seca,2024-10-03 00:00:00,2024-10-23 00:00:00,SIM,1.2081813204953007,0.6858004337850883,35,setembro,setembro,3145.4,0.009736870169234382,32055.850000000002,0.09923178279851591,593.6268518518519,1900-01-01 08:09:03.951000,2024-11-10 00:00:00,2024-11-14 00:00:00,38,Venceu antes da chegada,2024
1,2024,SUDU59914312024BRA0157825,4AMAK4848,382024,18 = 38,184500.0,12004.8,410,ALIANÇA,Cabotagem,PA/ PA,2024-09-20 00:00:00,Lúcio,Manaus AM,Holambra ,SP,EXTRAPLAST HOL,2024-09-19 00:00:00,10:00:00,2024-09-20 00:00:00,09:40:00,10:30:00,NÃO PERF,DENTRO DO HR,00:50:00,03:00:00,PERFORMANCE,SUDU59914312024,BRA0157825,2024-10-09 00:00:00,ENT. REALIZADA,2024-10-18 00:00:00,2024-10-23 00:00:00,ENT. REALIZADA,19,9,5,33,30.0,PERFORMANCE,861789 = 868663,451939 = 454992,6564.71,,,,,6148.79,25892.6,0.14033929539295392," (Taxa da seca) Solicitação de + prazo, novo vcto de 12/11 para 18/11"," (Taxa da seca) Solicitação de + prazo, novo vcto de 12/11 para 18/11",2024-10-23 00:00:00,2024-11-18 00:00:00,SIM,2.156853925096628,0.546840430494469,59,setembro,setembro,53.76,0.0002533757511488158,25946.359999999997,0.12228754565806527,63.28380487804877,1900-01-02 03:52:19.096000,2024-10-18 00:00:00,2024-10-23 00:00:00,38,Venceu depois chegada,2024
0,2024,SUDU59914312024BRA0157825,4AMAK4848,92024,9,232000.0,12400.0,400,ALIANÇA,Cabotagem,PA/ PA,2024-09-20 00:00:00,Lúcio,Manaus AM,Holambra ,SP,CELSO CARDOSO,2024-09-19 00:00:00,10:00:00,2024-09-20 00:00:00,09:40:00,10:30:00,NÃO PERF,DENTRO DO HR,00:50:00,03:00:00,PERFORMANCE,SUDU59914312024,BRA0157825,2024-10-09 00:00:00,ENT. REALIZADA,2024-10-18 00:00:00,2024-10-23 00:00:00,ENT. REALIZADA,19,9,5,33,30.0,PERFORMANCE,861790,451938,6827.89,,,,,6351.21,,0.0,Taxa da seca,Taxa da seca,2024-10-07 00:00:00,2024-10-28 00:00:00,SIM NÃO,0.0,0.5506362903225807,38,setembro,setembro,52.45,0.00022607758620689657,52.45,0.00022607758620689657,0.13112500000000002,00:06:05.458000,2024-10-18 00:00:00,2024-10-23 00:00:00,38,Venceu depois chegada,2024
1,2024,MRSU56609132024157688,4AMAK4653,192024,19,364500.0,24414.21,810,ALIANÇA,Cabotagem,PA/ PA,2024-09-23 00:00:00,Lúcio,Manaus AM,Carazinho,RS,EXTRAPLAST,2024-09-23 00:00:00,15:00:00,2024-09-23 00:00:00,16:54:00,17:40:00,PERFORMANCE,FORA DO HR,00:46:00,03:00:00,PERFORMANCE,MRSU56609132024,157688,2024-10-09 00:00:00,ENT. REALIZADA,2024-11-03 00:00:00,2024-11-06 00:00:00,ENT. REALIZADA,16,25,3,44,30.0,PERFORMANCE,873077,452576,16457.57,,,,,12500.0,28957.57,0.07944463648834019,Taxa da seca,Taxa da seca,2024-11-05 00:00:00,2024-11-25 00:00:00,SIM 15/11,1.1860949012890445,0.674097994569556,63,setembro,setembro,108.68,0.000298161865569273,29066.25,0.07974279835390946,35.88425925925926,1900-01-01 04:34:23.210000,2024-11-03 00:00:00,2024-11-06 00:00:00,39,Venceu depois chegada,2024
1,2024,CAXU807192520241767,1011,202024,20,344250.0,23103.0,765,MILLY,Rodoviário,PA/ PA,2024-09-25 00:00:00,Lúcio,Manaus AM,Carazinho,RS,EXTRAPLAST,2024-09-25 00:00:00,14:00:00,2024-09-25 00:00:00,11:00:00,15:00:00,PERFORMANCE,DENTRO DO HR,04:00:00,06:00:00,PERFORMANCE,CAXU80719252024,1767,2024-09-30 00:00:00,ENT. REALIZADA,2024-10-08 00:00:00,2024-10-08 00:00:00,ENT. REALIZADA,5,8,0,13,20.0,PERFORMANCE,11158,11158,24000.0,,,,,,24000.0,0.06971677559912855,,,2024-10-15 00:00:00,2024-10-16 00:00:00,SIM 15/10,1.0388261264770808,1.0388261264770808,21,setembro,setembro,100.73,0.00029260711692084243,24100.73,0.07000938271604938,31.50422222222222,1900-01-01 01:02:11.285000,2024-10-08 00:00:00,2024-10-08 00:00:00,39,Venceu depois chegada,2024
1,2024,TCNU922591320241792,1011,212024,21,364500.0,24381.0,810,MILLY,Rodoviário,PA/ PA,2024-09-25 00:00:00,Lúcio,Manaus AM,Carazinho,RS,EXTRAPLAST,2024-09-25 00:00:00,14:00:00,2024-09-25 00:00:00,11:00:00,15:00:00,PERFORMANCE,DENTRO DO HR,04:00:00,06:00:00,PERFORMANCE,TCNU92259132024,1792,2024-09-30 00:00:00,ENT. REALIZADA,2024-10-08 00:00:00,2024-10-08 00:00:00,ENT. REALIZADA,5,8,0,13,20.0,PERFORMANCE,11145,11145,24000.0,,,,,,24000.0,0.06584362139917696,,,2024-10-15 00:00:00,2024-10-16 00:00:00,SIM 15/10,0.9843730773963332,0.9843730773963332,21,setembro,setembro,106.65,0.0002925925925925926,24106.65,0.06613621399176955,29.761296296296297,23:43:47.774000,2024-10-08 00:00:00,2024-10-08 00:00:00,39,Venceu depois chegada,2024
1,2024,SUDU88845502024BRO157478,4AIBK16GO,392024,22 = 39,353250.0,23628.5,785,ALIANÇA,Cabotagem,PA/ PA,2024-09-27 00:00:00,Lúcio,Manaus AM,Holambra ,SP,EXTRAPLAST HOL,2024-09-27 00:00:00,13:30:00,2024-09-27 00:00:00,13:15:00,14:50:00,PERFORMANCE,DENTRO DO HR,01:35:00,03:00:00,PERFORMANCE,SUDU88845502024,BRO157478,2024-10-09 00:00:00,ENT. REALIZADA,2024-10-25 00:00:00,2024-11-01 00:00:00,ENT. REALIZADA,12,16,7,35,30.0,PERFORMANCE,868662 = 868662,452413 = 454994,13380.95,,,,,12500.0,25880.95,0.07326525123849965," (Taxa da seca) Solicitação de + prazo, novo vcto de 12/11 para 18/11"," (Taxa da seca) Solicitação de + prazo, novo vcto de 12/11 para 18/11",2024-10-23 00:00:00,2024-11-18 00:00:00,SIM 04/11,1.0953276763230844,0.5663055208752142,52,setembro,setembro,103.36,0.00029259731068648263,25984.31,0.07355784854918614,33.10103184713376,1900-01-01 02:23:34.258000,2024-10-25 00:00:00,2024-11-01 00:00:00,39,Venceu depois chegada,2024
1,2024,MRKU24103062024ML BRO157554,4AIBK16GP,232024,23,364500.0,24381.0,810,ALIANÇA,Cabotagem,PA/ PA,2024-09-30 00:00:00,Lúcio,Manaus AM,Carazinho,RS,EXTRAPLAST,2024-09-30 00:00:00,13:30:00,2024-09-30 00:00:00,15:05:00,15:50:00,PERFORMANCE,FORA DO HR,00:45:00,03:00:00,PERFORMANCE,MRKU24103062024,ML BRO157554,2024-10-16 00:00:00,ENT. REALIZADA,2024-11-17 00:00:00,2024-11-21 00:00:00,ENT. REALIZADA,16,32,4,52,30.0,PERFORMANCE,869433,453462,16457.57,,,,,12500.0,28957.57,0.07944463648834019,Taxa da seca,Taxa da seca,2024-10-25 00:00:00,2024-11-14 00:00:00,SIM 04/11,1.1877105122841556,0.6750162011402321,45,setembro,setembro,106.79,0.0002929766803840878,29064.36,0.07973761316872428,35.88192592592593,1900-01-01 04:36:36.625000,2024-11-17 00:00:00,2024-11-21 00:00:00,40,Venceu antes da chegada,2024
1,2024,MRSU41107642024ML BR0157792,4AIBK16GP,3262024,326,370235.75,25533.5,60,ALIANÇA,Cabotagem,PA/ PA,2024-10-01 00:00:00,Lúcio,Manaus AM,Carazinho,RS,EXTRAPLAST,2024-10-01 00:00:00,13:30:00,2024-10-01 00:00:00,13:20:00,16:00:00,PERFORMANCE,DENTRO DO HR,02:40:00,03:00:00,PERFORMANCE,MRSU41107642024,ML BR0157792,2024-10-18 00:00:00,ENT. REALIZADA,2024-11-17 00:00:00,2024-11-22 00:00:00,ENT. REALIZADA,17,30,5,52,30.0,PERFORMANCE,1063967 = 867720,453463,16464.09,,,,,12500.0,28964.09,0.07823147818653385," (Taxa da seca) Solicitação de + prazo, novo vcto de 12/11 para 18/11"," (Taxa da seca) Solicitação de + prazo, novo vcto de 12/11 para 18/11",2024-10-21 00:00:00,2024-11-18 00:00:00,SIM 04/11,1.134356433704741,0.6448034934497817,48,outubro,outubro,3620.58,0.00977912046581131,32584.67,0.08801059865234516,543.0778333333333,1900-01-01 06:37:39.678000,2024-11-17 00:00:00,2024-11-22 00:00:00,40,Venceu depois chegada,2024
1,2024,2ª Composição2024465609,1012,342024,24 = 34,364500.0,24381.0,810,BERTOLINI,Rodoviário,PA/ PA,2024-10-04 00:00:00,Lúcio,Manaus AM,Holambra ,SP,EXTRAPLAST HOL,2024-10-04 00:00:00,08:00:00,2024-10-04 00:00:00,16:10:00,18:00:00,PERFORMANCE,FORA DO HR,01:50:00,03:00:00,PERFORMANCE,1012,465609,2024-10-08 00:00:00,ENT. REALIZADA,2024-10-24 00:00:00,2024-10-24 00:00:00,ENT. REALIZADA,4,16,0,20,20.0,PERFORMANCE,2220263,77527,25526.7,,,,,3506.33,29033.03,0.0796516598079561,Ajuste de IPI,Ajuste de IPI,2024-10-18 00:00:00,2024-11-14 00:00:00,SIM 04/11,1.1908055453016693,1.0469915097822076,41,outubro,outubro,110.51,0.00030318244170096024,29143.539999999997,0.07995484224965706,35.97967901234568,1900-01-01 04:41:17.218000,2024-10-24 00:00:00,2024-10-24 00:00:00,40,Venceu depois chegada,2024
1,2024,1ª Composição2024465610,1012,352024,25 = 35,324000.0,21672.0,720,BERTOLINI,Rodoviário,PA/ PA,2024-10-04 00:00:00,Lúcio,Manaus AM,Holambra ,SP,EXTRAPLAST HOL,2024-10-04 00:00:00,08:00:00,2024-10-04 00:00:00,08:00:00,09:00:00,PERFORMANCE,DENTRO DO HR,01:00:00,03:00:00,PERFORMANCE,1012,465610,2024-10-08 00:00:00,ENT. REALIZADA,2024-10-24 00:00:00,2024-10-24 00:00:00,ENT. REALIZADA,4,16,0,20,20.0,PERFORMANCE,2220263,77531,25388.63,,,,,3484.68,28873.31,0.08911515432098766,Ajuste de IPI,Ajuste de IPI,2024-10-18 00:00:00,2024-11-14 00:00:00,SIM 04/11,1.3322863602805464,1.1714945551864158,41,outubro,outubro,110.51,0.00034108024691358025,28983.82,0.08945623456790124,40.25530555555555,1900-01-01 08:05:50.113000,2024-10-24 00:00:00,2024-10-24 00:00:00,40,Venceu depois chegada,2024
1,2024,MRKU61858622024156461,4AMAK6949,3562024,332 = 356,372302.0,25676.0,68,ALIANÇA,Cabotagem,PA/ PA,2024-10-04 00:00:00,Lúcio,Manaus AM,Carazinho,RS,EXTRAPLAST F4,2024-10-04 00:00:00,13:30:00,2024-10-04 00:00:00,14:20:00,16:05:00,PERFORMANCE,FORA DO HR,01:45:00,03:00:00,PERFORMANCE,MRKU61858622024,156461,2024-10-16 00:00:00,ENT. REALIZADA,2024-11-17 00:00:00,2024-11-22 00:00:00,ENT. REALIZADA,12,32,5,49,30.0,PERFORMANCE,868661 = 868661,453435 = 454998,15152.8,,,,,12500.0,27652.8,0.07427518519911255," (Taxa da seca) Solicitação de + prazo, novo vcto de 12/11 para 18/11"," (Taxa da seca) Solicitação de + prazo, novo vcto de 12/11 para 18/11",2024-10-23 00:00:00,2024-11-18 00:00:00,SIM 04/11,1.076990185387132,0.5901542296307836,45,outubro,outubro,1860.95,0.0049984958447711805,29513.75,0.07927368104388373,434.0257352941176,1900-01-01 03:35:14.068000,2024-11-17 00:00:00,2024-11-22 00:00:00,40,Venceu depois chegada,2024
1,2024,MRKU30927872024156502,4AIBK18GG,3572024,334 = 357,367543.1,25347.8,63,ALIANÇA,Cabotagem,PA/ PA,2024-10-07 00:00:00,Lúcio,Manaus AM,Carazinho,RS,EXTRAPLAST F4,2024-10-07 00:00:00,13:30:00,2024-10-07 00:00:00,14:40:00,16:00:00,PERFORMANCE,FORA DO HR,01:20:00,03:00:00,PERFORMANCE,MRKU30927872024,156502,2024-10-18 00:00:00,ENT. REALIZADA,2024-11-17 00:00:00,2024-11-22 00:00:00,ENT. REALIZADA,11,30,5,46,30.0,PERFORMANCE,868660 = 868660,453436 = 455004,16461.02,,,,,12500.0,28961.02,0.0787962554595638," (Taxa da seca) Solicitação de + prazo, novo vcto de 12/11 para 18/11"," (Taxa da seca) Solicitação de + prazo, novo vcto de 12/11 para 18/11",2024-10-23 00:00:00,2024-11-18 00:00:00,SIM 04/11,1.142545704163675,0.6494062601093586,42,outubro,outubro,3615.49,0.00983691436460105,32576.510000000002,0.08863316982416485,517.0874603174603,1900-01-01 06:50:39.635000,2024-11-17 00:00:00,2024-11-22 00:00:00,41,Venceu depois chegada,2024
1,2024,HASU45088032024ML- BR0156511,4AIBK19SW,3372024,337,296272.7,20432.6,35,ALIANÇA,Cabotagem,PA/ PA,2024-10-08 00:00:00,Lúcio,Manaus AM,Carazinho,RS,EXTRAPLAST,2024-10-08 00:00:00,13:30:00,2024-10-08 00:00:00,13:20:00,16:50:00,PERFORMANCE,DENTRO DO HR,03:30:00,03:00:00,PERFORMANCE,HASU45088032024,ML- BR0156511,2024-10-27 00:00:00,ENT. REALIZADA,2024-12-01 00:00:00,2024-12-04 00:00:00,ENT. REALIZADA,19,35,3,57,30.0,PERFORMANCE,871359,453752,13770.53,,,,,10466.83,28949.06,0.09771085894852952,Taxa da seca,Taxa da seca,2024-10-29 00:00:00,2024-11-18 00:00:00,SIM 04/11,1.4168074547536782,0.6739489834871726,41,outubro,outubro,3637.22,0.012276595177348434,32586.280000000002,0.10998745412587796,931.0365714285715,1900-01-01 14:16:32.283000,2024-12-01 00:00:00,2024-12-04 00:00:00,41,Venceu antes da chegada,2024
0,2024,HASU45088032024ML- BR0156511,4AIBK19SW,262024,26,60750.0,3969.0,135,ALIANÇA,Cabotagem,PA/ PA,2024-10-08 00:00:00,Lúcio,Manaus AM,Carazinho,RS,EXTRAPLAST,2024-10-08 00:00:00,13:30:00,2024-10-08 00:00:00,13:20:00,16:50:00,PERFORMANCE,DENTRO DO HR,03:30:00,03:00:00,PERFORMANCE,HASU45088032024,ML- BR0156511,2024-10-27 00:00:00,ENT. REALIZADA,2024-12-01 00:00:00,2024-12-04 00:00:00,ENT. REALIZADA,19,35,3,57,30.0,PERFORMANCE,870943,453751,2678.53,,,,,2033.17,,0.0,Taxa da seca,Taxa da seca,2024-10-29 00:00:00,2024-11-18 00:00:00,SIM 04/11,0.0,0.6748626858150668,41,outubro,outubro,18.03,0.00029679012345679016,18.03,0.00029679012345679016,0.13355555555555557,00:06:32.490000,2024-12-01 00:00:00,2024-12-04 00:00:00,41,Venceu antes da chegada,2024
0,2024,1ª Composição2024MAO 0466209,1013,312024,31,66959.7,2576.75,18,BERTOLINI,Rodoviário,PA/ PA,2024-10-08 00:00:00,Lúcio,Manaus AM,Holambra ,SP,CAIO DE ALMEIDA OLIVEIRA,2024-10-08 00:00:00,08:00:00,2024-10-08 00:00:00,16:40:00,18:50:00,PERFORMANCE,FORA DO HR,02:10:00,03:00:00,PERFORMANCE,1013,MAO 0466209,2024-10-18 00:00:00,ENT. REALIZADA,2024-11-05 00:00:00,2024-11-05 00:00:00,ENT. REALIZADA,10,18,0,28,20.0,PERFORMANCE,2221211,77098,3246.83,,,,,,,0.0,Ajuste de IPI,Ajuste de IPI,2024-10-21 00:00:00,2024-11-15 00:00:00,SIM 04/11,0.0,1.2600485107208692,38,outubro,outubro,3.29,4.913403136513455e-05,3.29,4.913403136513455e-05,0.1827777777777778,00:01:50.316000,2024-11-05 00:00:00,2024-11-05 00:00:00,41,Venceu depois chegada,2024
1,2024,1ª Composição2024MAO 468085,1014,3412024,341,327381.0,22578.0,38,BERTOLINI,Rodoviário,PA/ PA,2024-10-12 00:00:00,Lúcio,Manaus AM,Carazinho,RS,EXTRAPLAST F2,2024-10-10 00:00:00,14:00:00,2024-10-12 00:00:00,09:30:00,13:20:00,NÃO PERF,DENTRO DO HR,03:50:00,06:00:00,PERFORMANCE,1014,MAO 468085,2024-10-15 00:00:00,ENT. REALIZADA,2024-10-28 00:00:00,2024-10-28 00:00:00,ENT. REALIZADA,3,13,0,16,20.0,PERFORMANCE,2218640 = 2218640,77371,27618.34,,,,,,27618.34,0.0843614626383327,"Solicitação de + prazo, novo vcto de 11/11 para 19/11","Solicitação de + prazo, novo vcto de 11/11 para 19/11",2024-11-04 00:00:00,2024-11-19 00:00:00,SIM 04/11,1.2232412082558242,1.2232412082558242,38,outubro,outubro,4096.75,0.012513707270733488,31715.09,0.0968751699090662,834.6076315789473,1900-01-01 09:42:45.213000,2024-10-28 00:00:00,2024-10-28 00:00:00,41,Venceu depois chegada,2024
1,2024,2ª Composição2024MAO 468381,1014,3402024,340,353575.25,24384.5,44,BERTOLINI,Rodoviário,PA/ PA,2024-10-12 00:00:00,Lúcio,Manaus AM,Carazinho,RS,EXTRAPLAST F2,2024-10-10 00:00:00,14:00:00,2024-10-12 00:00:00,09:30:00,13:20:00,NÃO PERF,DENTRO DO HR,03:50:00,06:00:00,PERFORMANCE,1014,MAO 468381,2024-10-15 00:00:00,ENT. REALIZADA,2024-10-28 00:00:00,2024-10-28 00:00:00,ENT. REALIZADA,3,13,0,16,20.0,PERFORMANCE,2218640 = 2218640,77370,27707.64,,,,,,27707.64,0.07836419545768546,"Solicitação de + prazo, novo vcto de 11/11 para 19/11","Solicitação de + prazo, novo vcto de 11/11 para 19/11",2024-11-04 00:00:00,2024-11-19 00:00:00,SIM 04/11,1.1362808341364392,1.1362808341364392,38,outubro,outubro,4424.53,0.012513686973282208,32132.17,0.09087788243096766,730.2765909090908,1900-01-01 07:37:31.811000,2024-10-28 00:00:00,2024-10-28 00:00:00,41,Venceu depois chegada,2024
1,2024,MRKU63749692024ML- BRO154082, 4AIBK19VV,3422024,342,364628.6,25146.8,44,ALIANÇA,Cabotagem,PA/ PA,2024-10-12 00:00:00,Lúcio,Manaus AM,Carazinho,RS,EXTRAPLAST F2,2024-10-11 00:00:00,13:30:00,2024-10-12 00:00:00,16:25:00,17:40:00,NÃO PERF,FORA DO HR,01:15:00,03:00:00,PERFORMANCE,MRKU63749692024,ML- BRO154082,2024-10-27 00:00:00,ENT. REALIZADA,2024-11-24 00:00:00,2024-11-28 00:00:00,ENT. REALIZADA,15,28,4,47,30.0,PERFORMANCE,871386,454792,16457.72,,,,,12500.0,28957.72,0.07941702872457071,Taxa da seca,Taxa da seca,2024-10-29 00:00:00,2024-11-18 00:00:00,SIM 15/11,1.1515469165062753,0.6544657769577045,37,outubro,outubro,4572.18,0.012539279694461709,33529.9,0.09195630841903242,762.0431818181819,1900-01-01 08:00:02.863000,2024-11-24 00:00:00,2024-11-28 00:00:00,41,Venceu antes da chegada,2024
1,2024,MSKU00780672024ML- BRO159976, 4AIBK20VM ,3432024,343,367898.35,25372.3,47,ALIANÇA,Cabotagem,PA/ PA,2024-10-14 00:00:00,Lúcio,Manaus AM,Carazinho,RS,EXTRAPLAST F2,2024-10-14 00:00:00,13:30:00,2024-10-14 00:00:00,15:30:00,17:20:00,PERFORMANCE,FORA DO HR,01:50:00,03:00:00,PERFORMANCE,MSKU00780672024,ML- BRO159976,2024-10-27 00:00:00,ENT. REALIZADA,2024-11-24 00:00:00,2024-11-27 00:00:00,ENT. REALIZADA,13,28,3,44,30.0,PERFORMANCE,871387,454270,16461.43,,,,,12500.0,28961.43,0.07872128265864743,Taxa da seca,Taxa da seca,2024-10-29 00:00:00,2024-11-18 00:00:00,SIM 15/11,1.1414585985503878,0.6487953397997028,35,outubro,outubro,4585.93,0.012465209479738087,33547.36,0.09118649213838552,713.7736170212767,1900-01-01 07:43:58.437000,2024-11-24 00:00:00,2024-11-27 00:00:00,42,Venceu antes da chegada,2024
1,2024,1ª Composição2024468389,1015,3462024,346,327736.25,22602.5,42,BERTOLINI,Rodoviário,PA/ PA,2024-10-16 00:00:00,Lúcio,Manaus AM,Carazinho,RS,EXTRAPLAST F2,2024-10-16 00:00:00,13:30:00,2024-10-16 00:00:00,16:30:00,20:50:00,PERFORMANCE,FORA DO HR,04:20:00,06:00:00,PERFORMANCE,1015,468389,2024-10-19 00:00:00,ENT. REALIZADA,2024-10-31 00:00:00,2024-10-31 00:00:00,ENT. REALIZADA,3,12,0,15,20.0,PERFORMANCE,2220531,77619,27619.56,,,,,,27619.56,0.08427374146131227,,,2024-10-19 00:00:00,2024-11-14 00:00:00,SIM 04/11,1.2219692511890279,1.2219692511890279,29,outubro,outubro,3774.16,0.011515845439740035,31393.72,0.0957895869010523,747.4695238095238,1900-01-01 09:20:05.194000,2024-10-31 00:00:00,2024-10-31 00:00:00,42,Venceu depois chegada,2024
1,2024,2ª Composição2024468390,1015,3472024,347,358360.25,24714.5,44,BERTOLINI,Rodoviário,PA/ PA,2024-10-16 00:00:00,Lúcio,Manaus AM,Carazinho,RS,EXTRAPLAST F2,2024-10-16 00:00:00,13:30:00,2024-10-16 00:00:00,18:40:00,20:00:00,PERFORMANCE,FORA DO HR,01:20:00,03:00:00,PERFORMANCE,1015,468390,2024-10-19 00:00:00,ENT. REALIZADA,2024-10-31 00:00:00,2024-10-31 00:00:00,ENT. REALIZADA,3,12,0,15,20.0,PERFORMANCE,2220531,77623,27723.96,,,,,,27723.96,0.07736337944847399,,,2024-10-19 00:00:00,2024-11-14 00:00:00,SIM 04/11,1.1217690020028728,1.1217690020028728,29,outubro,outubro,3774.16,0.010531748429129625,31498.12,0.0878951278776036,715.8663636363636,1900-01-01 06:35:15.016000,2024-10-31 00:00:00,2024-10-31 00:00:00,42,Venceu depois chegada,2024
1,2024,1ª Composição2024MAO 0466209,1013,442024,28 = 44,222750.0,14553.0,495,BERTOLINI,Rodoviário,PA/ PA,2024-10-17 00:00:00,Lúcio,Manaus AM,Holambra ,SP,EXTRAPLAST HOL,2024-10-08 00:00:00,08:00:00,2024-10-17 00:00:00,16:40:00,18:50:00,NÃO PERF,FORA DO HR,02:10:00,03:00:00,PERFORMANCE,1013,MAO 0466209,2024-10-18 00:00:00,ENT. REALIZADA,2024-11-05 00:00:00,2024-11-05 00:00:00,ENT. REALIZADA,1,18,0,19,20.0,PERFORMANCE,2221211,77099 = 77725,20239.34,,,,,,28492.8,0.1279138047138047,Ajuste de IPI,Ajuste de IPI,2024-10-21 00:00:00,2024-11-15 00:00:00,SIM 04/11,1.9578643578643578,1.3907331821617537,29,outubro,outubro,67.99,0.0003052300785634119,28560.79,0.12821903479236813,57.698565656565656,1900-01-01 23:06:03.132000,2024-11-05 00:00:00,2024-11-05 00:00:00,42,Venceu depois chegada,2024
0,2024,1ª Composição2024MAO 0466209,1013,452024,29 = 45,59400.0,3600.0,180,BERTOLINI,Rodoviário,PA/ PA,2024-10-17 00:00:00,Lúcio,Manaus AM,Holambra ,SP,EXTRAPLAST HOL,2024-10-08 00:00:00,08:00:00,2024-10-17 00:00:00,16:40:00,18:50:00,NÃO PERF,FORA DO HR,02:10:00,03:00:00,PERFORMANCE,1013,MAO 0466209,2024-10-18 00:00:00,ENT. REALIZADA,2024-11-05 00:00:00,2024-11-05 00:00:00,ENT. REALIZADA,1,18,0,19,20.0,PERFORMANCE,2221211,77725,5006.63,,,,,,,0.0,Ajuste de IPI,Ajuste de IPI,2024-10-21 00:00:00,2024-11-15 00:00:00,SIM 04/11,0.0,1.3907305555555556,29,outubro,outubro,24.72,0.00041616161616161616,24.72,0.00041616161616161616,0.13733333333333334,00:09:53.280000,2024-11-05 00:00:00,2024-11-05 00:00:00,42,Venceu depois chegada,2024
1,2024,2ª Composição2024MAO 466210,1013,432024,27 = 43,364500.0,23814.0,810,BERTOLINI,Rodoviário,PA/ PA,2024-10-17 00:00:00,Lúcio,Manaus AM,Holambra ,SP,EXTRAPLAST HOL,2024-10-08 00:00:00,08:00:00,2024-10-17 00:00:00,16:40:00,18:50:00,NÃO PERF,FORA DO HR,02:10:00,03:00:00,PERFORMANCE,1013,MAO 466210,2024-10-18 00:00:00,ENT. REALIZADA,2024-11-05 00:00:00,2024-11-05 00:00:00,ENT. REALIZADA,1,18,0,19,20.0,PERFORMANCE,2221211,77005 = 77726,25526.7,,,,,3506.33,29033.03,0.0796516598079561,Ajuste de IPI,Ajuste de IPI,2024-10-21 00:00:00,2024-11-15 00:00:00,SIM 04/11,1.2191580582850423,1.0719198790627362,29,outubro,outubro,111.25,0.00030521262002743485,29144.28,0.07995687242798354,35.98059259259259,1900-01-01 05:22:18.884000,2024-11-05 00:00:00,2024-11-05 00:00:00,42,Venceu depois chegada,2024
1,2024,MRKU48680262024ML- BRO159661,4AIBK20WB,3512024,351,363987.7,25102.6,63,ALIANÇA,Cabotagem,PA/ PA,2024-10-17 00:00:00,Lúcio,Manaus AM,Carazinho,RS,EXTRAPLAST F4,2024-10-17 00:00:00,13:30:00,2024-10-17 00:00:00,13:20:00,16:50:00,PERFORMANCE,DENTRO DO HR,03:30:00,03:00:00,PERFORMANCE,MRKU48680262024,ML- BRO159661,2024-10-29 00:00:00,ENT. REALIZADA,2024-12-01 00:00:00,2024-12-05 00:00:00,ENT. REALIZADA,12,33,4,49,30.0,PERFORMANCE,871385,454800,16456.99,,,,,12500.0,28956.99,0.07955485858450712,Taxa da seca,Taxa da seca,2024-10-28 00:00:00,2024-11-18 00:00:00,SIM 04/11,1.1535454494753532,0.6555890624875512,32,outubro,outubro,2124.33,0.0058362686431437105,31081.32,0.08539112722765083,493.3542857142857,1900-01-01 05:42:58.004000,2024-12-01 00:00:00,2024-12-05 00:00:00,42,Venceu antes da chegada,2024
1,2024,1ª Composição202411111,1016,3582024,358,333850.9,23024.2,42,BERTOLINI,Rodoviário,PA/ PA,2024-10-22 00:00:00,Lúcio,Manaus AM,Carazinho,RS,EXTRAPLAST F2,2024-10-22 00:00:00,09:00:00,2024-10-22 00:00:00,14:00:00,17:20:00,PERFORMANCE,FORA DO HR,03:20:00,06:00:00,PERFORMANCE,1016,11111,2024-10-26 00:00:00,ENT. REALIZADA,2024-11-13 00:00:00,2024-11-13 00:00:00,ENT. REALIZADA,4,18,0,22,20.0,PERFORMANCE,2222625,78000,27640.4,,,,,,27640.4,0.08279264785567449,,,2024-10-24 00:00:00,2024-11-19 00:00:00,SIM 04/11,1.2004933939072802,1.2004933939072802,28,outubro,outubro,3356.91,0.010055117419183234,30997.31,0.09284776527485773,738.0311904761905,1900-01-01 08:18:39.680000,2024-11-13 00:00:00,2024-11-13 00:00:00,43,Venceu depois chegada,2024
1,2024,2ª Composição202411112,1016,3592024,359,359528.95,24795.1,44,BERTOLINI,Rodoviário,PA/ PA,2024-10-22 00:00:00,Lúcio,Manaus AM,Carazinho,RS,EXTRAPLAST F2,2024-10-22 00:00:00,09:00:00,2024-10-22 00:00:00,14:00:00,17:20:00,PERFORMANCE,FORA DO HR,03:20:00,06:00:00,PERFORMANCE,1016,11112,2024-10-26 00:00:00,ENT. REALIZADA,2024-11-13 00:00:00,2024-11-13 00:00:00,ENT. REALIZADA,4,18,0,22,20.0,PERFORMANCE,2222625,77975,27727.94,,,,,,27727.94,0.07712296881794915,,,2024-10-24 00:00:00,2024-11-19 00:00:00,SIM 04/11,1.1182830478602628,1.1182830478602628,28,outubro,outubro,3615.1,0.010055101265141513,31343.039999999997,0.08717807008309066,712.3418181818181,1900-01-01 06:20:16.686000,2024-11-13 00:00:00,2024-11-13 00:00:00,43,Venceu depois chegada,2024
1,2024,BEAU62678402024ML-BR0159682,4AIBK22CN,3602024,360,392959.1,25352.2,42,ALIANÇA,Cabotagem,PA/ PA,2024-10-23 00:00:00,Lúcio,Manaus AM,Carazinho,RS,EXTRAPLAST F2,2024-10-23 00:00:00,15:00:00,2024-10-23 00:00:00,14:29:00,16:00:00,PERFORMANCE,DENTRO DO HR,01:31:00,03:00:00,PERFORMANCE,BEAU62678402024,ML-BR0159682,2024-10-29 00:00:00,ENT. REALIZADA,2024-12-01 00:00:00,2024-12-05 00:00:00,ENT. REALIZADA,6,33,4,43,30.0,PERFORMANCE,876481,455324,16489.91,,,,,12500.0,28989.91,0.07377335198497757,Taxa da seca,Taxa da seca,2024-11-12 00:00:00,2024-12-02 00:00:00,SIM 25/11,1.1434869557671523,0.6504330985082162,40,outubro,outubro,4046.97,0.0102987053868965,33036.88,0.08407205737187406,786.5923809523808,1900-01-01 07:16:29.299000,2024-12-01 00:00:00,2024-12-05 00:00:00,43,Venceu depois chegada,2024
1,2024,1ª Composição2024MAO468732,1017,3652024,365,332107.1,22651.8,37,BERTOLINI,Rodoviário,PA/ PA,2024-10-25 00:00:00,Lúcio,Manaus AM,Carazinho,RS,EXTRAPLAST F2,2024-10-23 00:00:00,09:00:00,2024-10-25 00:00:00,10:10:00,11:00:00,NÃO PERF,FORA DO HR,00:50:00,03:00:00,PERFORMANCE,1017,MAO468732,2024-10-29 00:00:00,ENT. REALIZADA,2024-11-14 00:00:00,2024-11-14 00:00:00,ENT. REALIZADA,4,16,0,20,20.0,PERFORMANCE,2224241,78364,27634.45,,,,,,27634.45,0.08320945261332865,,,2024-10-29 00:00:00,2024-11-23 00:00:00,SIM 04/11,1.2199670666348812,1.2199670666348812,29,outubro,outubro,3352.5,0.010094635134268434,30986.95,0.09330408774759709,837.4851351351351,1900-01-01 08:49:52.483000,2024-11-14 00:00:00,2024-11-14 00:00:00,43,Venceu depois chegada,2024
1,2024,2ª Composição2024MAO468731,1017,3662024,366,389206.55,25110.1,41,BERTOLINI,Rodoviário,PA/ PA,2024-10-25 00:00:00,Lúcio,Manaus AM,Carazinho,RS,EXTRAPLAST F2,2024-10-23 00:00:00,09:00:00,2024-10-25 00:00:00,09:00:00,11:00:00,NÃO PERF,DENTRO DO HR,02:00:00,03:00:00,PERFORMANCE,1017,MAO468731,2024-10-29 00:00:00,ENT. REALIZADA,2024-11-14 00:00:00,2024-11-14 00:00:00,ENT. REALIZADA,4,16,0,20,20.0,PERFORMANCE,2224241,78263,27942.07,,,,,,27942.07,0.07179239403858954,,,2024-10-29 00:00:00,2024-11-23 00:00:00,SIM 04/11,1.112782107598138,1.112782107598138,29,outubro,outubro,4000.04,0.010277422104021631,31942.11,0.08206981614261118,779.0758536585366,1900-01-01 06:31:47.898000,2024-11-14 00:00:00,2024-11-14 00:00:00,43,Venceu depois chegada,2024
1,2024,MRSU38946142024LACRE ML- BR0159740,4AIBK22CN,3642024,364,396586.1,25586.2,42,ALIANÇA,Cabotagem,PA/ PA,2024-10-25 00:00:00,Lúcio,Manaus AM,Carazinho,RS,EXTRAPLAST F2,2024-10-25 00:00:00,11:00:00,2024-10-25 00:00:00,10:00:00,11:30:00,PERFORMANCE,DENTRO DO HR,01:30:00,03:00:00,PERFORMANCE,MRSU38946142024,LACRE ML- BR0159740,2024-10-29 00:00:00,ENT. REALIZADA,2024-12-01 00:00:00,2024-12-06 00:00:00,ENT. REALIZADA,4,33,5,42,30.0,PERFORMANCE,876482,455489,16494.03,,,,,12500.0,28994.03,0.07310904239962016,Taxa da seca,Taxa da seca,2024-11-12 00:00:00,2024-12-02 00:00:00,SIM 25/11,1.1331901571941123,0.6446455511173992,38,outubro,outubro,4075.89,0.010277440384320076,33069.92,0.08338648278394023,787.3790476190476,1900-01-01 07:01:11.178000,2024-12-01 00:00:00,2024-12-06 00:00:00,43,Venceu depois chegada,2024
1,2024,MSKU964191020242018,1018,3682024,368,355511.1,22936.2,38,MILLY,Rodoviário,PA/ PA,2024-10-28 00:00:00,Lúcio,Manaus AM,Carazinho,RS,EXTRAPLAST F2,2024-10-28 00:00:00,10:00:00,2024-10-28 00:00:00,11:50:00,13:50:00,PERFORMANCE,FORA DO HR,02:00:00,03:00:00,PERFORMANCE,MSKU96419102024,2018,2024-11-19 00:00:00,ENT. REALIZADA,2025-01-06 00:00:00,2025-01-06 00:00:00,ENT. REALIZADA,22,48,0,70,20.0,PERFORMANCE,,11364,24000.0,,,,,,24000.0,0.06750844066472186,,,2024-11-26 00:00:00,2024-12-02 00:00:00,SIM 25/11,1.0463808303031887,1.0463808303031887,35,outubro,outubro,3697.29,0.010399928441052897,27697.29,0.07790836910577477,728.876052631579,1900-01-01 04:58:54.888000,2025-01-06 00:00:00,2025-01-06 00:00:00,44,Venceu antes da chegada,2024
1,2024,MSKU116257320242013,1018,3692024,369,383597.1,24748.2,41,MILLY,Rodoviário,PA/ PA,2024-10-28 00:00:00,Lúcio,Manaus AM,Carazinho,RS,EXTRAPLAST F2,2024-10-28 00:00:00,10:00:00,2024-10-28 00:00:00,14:00:00,15:40:00,PERFORMANCE,FORA DO HR,01:40:00,03:00:00,PERFORMANCE,MSKU11625732024,2013,2024-11-19 00:00:00,ENT. REALIZADA,2025-01-06 00:00:00,2025-01-06 00:00:00,ENT. REALIZADA,22,48,0,70,20.0,PERFORMANCE,,11365,24000.0,,,,,,24000.0,0.0625656450478901,,,2024-11-26 00:00:00,2024-12-02 00:00:00,SIM 25/11,0.9697674982422964,0.9697674982422964,35,outubro,outubro,3989.38,0.010399922210047992,27989.38,0.07296556725793808,682.6678048780489,1900-01-01 03:08:35.488000,2025-01-06 00:00:00,2025-01-06 00:00:00,44,Venceu antes da chegada,2024
1,2024,1ª Composição2024465396,1019,3712024,371,354286.6,22857.2,38,BERTOLINI,Rodoviário,PA/ PA,2024-10-29 00:00:00,Lúcio,Manaus AM,Carazinho,RS,EXTRAPLAST F2,2024-10-29 00:00:00,08:00:00,2024-10-29 00:00:00,14:00:00,16:00:00,PERFORMANCE,FORA DO HR,02:00:00,03:00:00,PERFORMANCE,1019,465396,2024-11-01 00:00:00,ENT. REALIZADA,2024-11-18 00:00:00,2024-11-18 00:00:00,ENT. REALIZADA,3,17,0,20,20.0,PERFORMANCE,2226595,78645,27710.07,,,,,,27710.07,0.07821371172378522,,,2024-10-31 00:00:00,2024-11-27 00:00:00,SIM 15/11,1.2123125317186707,1.2123125317186707,29,outubro,outubro,3711.72,0.010476602840750963,31421.79,0.08869031456453617,826.8892105263158,1900-01-01 08:59:34.069000,2024-11-18 00:00:00,2024-11-18 00:00:00,44,Venceu depois chegada,2024
1,2024,2ª Composição2024468506,1019,3722024,372,388840.75,25086.5,41,BERTOLINI,Rodoviário,PA/ PA,2024-10-29 00:00:00,Lúcio,Manaus AM,Carazinho,RS,EXTRAPLAST F2,2024-10-29 00:00:00,10:00:00,2024-10-29 00:00:00,14:00:00,16:00:00,PERFORMANCE,FORA DO HR,02:00:00,03:00:00,PERFORMANCE,1019,468506,2024-11-01 00:00:00,ENT. REALIZADA,2024-11-18 00:00:00,2024-11-18 00:00:00,ENT. REALIZADA,3,17,0,20,20.0,PERFORMANCE,2226595,78644,27916.61,,,,,,27916.61,0.07179445569940908,,,2024-10-31 00:00:00,2024-11-27 00:00:00,SIM 15/11,1.1128140633408408,1.1128140633408408,29,outubro,outubro,4073.73,0.010476602568017884,31990.34,0.08227105826742696,780.2521951219512,1900-01-01 06:36:17.401000,2024-11-18 00:00:00,2024-11-18 00:00:00,44,Venceu depois chegada,2024
1,2024,GVTU502663320241088,1020,3742024,374,362756.65,25017.7,45,MILLY,Rodoviário,PA/ PA,2024-10-31 00:00:00,Lúcio,Manaus AM,Carazinho,RS,EXTRAPLAST F2,2024-10-31 00:00:00,09:30:00,2024-10-31 00:00:00,09:30:00,11:30:00,PERFORMANCE,DENTRO DO HR,02:00:00,03:00:00,PERFORMANCE,GVTU50266332024,1088,2024-11-19 00:00:00,ENT. REALIZADA,2024-12-26 00:00:00,2024-12-26 00:00:00,ENT. REALIZADA,19,37,0,56,20.0,PERFORMANCE,,11383,24000.0,,,,,,24000.0,0.06616005523261943,AJUSTADA,AJUSTADA,2024-12-02 00:00:00,2025-01-10 00:00:00,SIM 06/01,0.9593208008729819,0.9593208008729819,71,outubro,outubro,3691.74,0.010176905096019604,27691.739999999998,0.07633696032863904,615.372,1900-01-01 02:33:54.944000,2024-12-26 00:00:00,2024-12-26 00:00:00,44,Venceu depois chegada,2024
1,2024,PONU728845020242056,1020,3752024,375,345606.05,23834.9,43,MILLY,Rodoviário,PA/ PA,2024-10-31 00:00:00,Lúcio,Manaus AM,Carazinho,RS,EXTRAPLAST F2,2024-10-31 00:00:00,09:30:00,2024-10-31 00:00:00,14:45:00,16:20:00,PERFORMANCE,FORA DO HR,01:35:00,03:00:00,PERFORMANCE,PONU72884502024,2056,2024-11-19 00:00:00,ENT. REALIZADA,2024-12-26 00:00:00,2024-12-26 00:00:00,ENT. REALIZADA,19,37,0,56,20.0,PERFORMANCE,,11382,24000.0,,,,,,24000.0,0.06944322878607015,AJUSTADA,AJUSTADA,2024-12-02 00:00:00,2025-01-10 00:00:00,SIM 06/01,1.006926817398017,1.006926817398017,71,outubro,outubro,3517.2,0.01017690517859858,27517.2,0.07962013396466874,639.9348837209302,1900-01-01 03:42:28.104000,2024-12-26 00:00:00,2024-12-26 00:00:00,44,Venceu depois chegada,2024
1,2024,CAXU980019020242006,1021,462024,46,180000.0,11760.0,400,MILLY,Rodoviário,PA/ PA,2024-10-31 00:00:00,Lúcio,Manaus AM,Holambra ,SP,EXTRAPLAST HOL,2024-10-31 00:00:00,14:00:00,2024-10-31 00:00:00,14:45:00,19:25:00,PERFORMANCE,FORA DO HR,04:40:00,06:00:00,PERFORMANCE,CAXU98001902024,2006,2024-11-19 00:00:00,ENT. REALIZADA,2024-12-10 00:00:00,2024-12-10 00:00:00,ENT. REALIZADA,19,21,0,40,20.0,PERFORMANCE,,11397,21000.0,,,,,,21000.0,0.11666666666666667,AJUSTAR CONF ENTREGAS,AJUSTAR CONF ENTREGAS,2024-12-02 00:00:00,2024-12-17 00:00:00,SIM 25/11,1.7857142857142858,1.7857142857142858,47,outubro,outubro,55.8,0.00031,21055.8,0.11697666666666666,52.6395,1900-01-01 18:58:15.673000,2024-12-10 00:00:00,2024-12-10 00:00:00,44,Venceu depois chegada,2024
0,2024,CAXU980019020242006,1021,472024,47,112200.0,6800.0,340,MILLY,Rodoviário,PA/ PA,2024-10-31 00:00:00,Lúcio,Manaus AM,Holambra ,SP,EXTRAPLAST HOL,2024-10-31 00:00:00,14:00:00,2024-10-31 00:00:00,14:45:00,19:25:00,PERFORMANCE,FORA DO HR,04:40:00,06:00:00,PERFORMANCE,CAXU98001902024,2006,2024-11-19 00:00:00,ENT. REALIZADA,2024-12-10 00:00:00,2024-12-10 00:00:00,ENT. REALIZADA,19,21,0,40,20.0,PERFORMANCE,,11397,,,,,,,,0.0,AJUSTAR CONF ENTREGAS,AJUSTAR CONF ENTREGAS,2024-12-02 00:00:00,2024-12-17 00:00:00,SIM 25/11,0.0,0.0,47,outubro,outubro,47.43,0.00042272727272727275,47.43,0.00042272727272727275,0.1395,00:10:02.640000,2024-12-10 00:00:00,2024-12-10 00:00:00,44,Venceu depois chegada,2024
0,2024,CAXU980019020242006,1021,482024,48,108000.0,4000.0,200,MILLY,Rodoviário,PA/ PA,2024-10-31 00:00:00,Lúcio,Manaus AM,Holambra ,SP,ADRIANO JOANES,2024-10-31 00:00:00,14:00:00,2024-10-31 00:00:00,14:45:00,19:25:00,PERFORMANCE,FORA DO HR,04:40:00,06:00:00,PERFORMANCE,CAXU98001902024,2006,2024-11-19 00:00:00,ENT. REALIZADA,2024-12-10 00:00:00,2024-12-10 00:00:00,ENT. REALIZADA,19,21,0,40,20.0,PERFORMANCE,,11398,,,,,,,,0.0,AJUSTAR CONF ENTREGAS,AJUSTAR CONF ENTREGAS,2024-12-02 00:00:00,2024-12-17 00:00:00,SIM 25/11,0.0,0.0,47,outubro,outubro,27.9,0.00025833333333333334,27.9,0.00025833333333333334,0.13949999999999999,00:10:02.640000,2024-12-10 00:00:00,2024-12-10 00:00:00,44,Venceu depois chegada,2024
1,2024,UESU471498220242748,1022,3782024,378,358959.1,24755.8,45,MILLY,Rodoviário,PA/ PA,2024-11-01 00:00:00,Lúcio,Manaus AM,Carazinho,RS,EXTRAPLAST F2,2024-11-01 00:00:00,14:00:00,2024-11-01 00:00:00,11:00:00,15:40:00,PERFORMANCE,DENTRO DO HR,04:40:00,06:00:00,PERFORMANCE,UESU47149822024,2748,2024-11-19 00:00:00,ENT. REALIZADA,2024-12-23 00:00:00,2024-12-23 00:00:00,ENT. REALIZADA,18,34,0,52,20.0,PERFORMANCE,,11427,24000.0,,,,,,24000.0,0.06685998488407176,AJUSTAR CONF ENTREGAS,AJUSTAR CONF ENTREGAS,2024-12-09 00:00:00,2025-01-10 00:00:00,SIM 06/01,0.9694697808190404,0.9694697808190404,70,novembro,novembro,3653.1,0.010176925449166771,27653.1,0.07703691033323852,614.5133333333333,1900-01-01 02:48:31.841000,2024-12-23 00:00:00,2024-12-23 00:00:00,44,Venceu depois chegada,2024
1,2024,MSKU805047220242019,1022,3772024,377,336410.15,23200.7,42,MILLY,Rodoviário,PA/ PA,2024-11-01 00:00:00,Lúcio,Manaus AM,Carazinho,RS,EXTRAPLAST F2,2024-11-01 00:00:00,14:00:00,2024-11-01 00:00:00,11:00:00,15:40:00,PERFORMANCE,DENTRO DO HR,04:40:00,06:00:00,PERFORMANCE,MSKU80504722024,2019,2024-11-19 00:00:00,ENT. REALIZADA,2024-12-23 00:00:00,2024-12-23 00:00:00,ENT. REALIZADA,18,34,0,52,20.0,PERFORMANCE,,11407,24000.0,,,,,,24000.0,0.07134148598072917,AJUSTAR CONF ENTREGAS,AJUSTAR CONF ENTREGAS,2024-12-09 00:00:00,2025-01-10 00:00:00,SIM 06/01,1.034451546720573,1.034451546720573,70,novembro,novembro,3423.62,0.010176922426389333,27423.62,0.0815184084071185,652.9433333333333,1900-01-01 04:22:06.262000,2024-12-23 00:00:00,2024-12-23 00:00:00,44,Venceu depois chegada,2024
1,2024,TINU983353620242742,1023,3802024,380,336228.9,23188.2,42,MILLY,Rodoviário,PA/ PA,2024-11-04 00:00:00,Lúcio,Manaus AM,Carazinho,RS,EXTRAPLAST F2,2024-11-04 00:00:00,09:30:00,2024-11-04 00:00:00,10:45:00,15:00:00,PERFORMANCE,FORA DO HR,04:15:00,06:00:00,PERFORMANCE,TINU98335362024,2742,2024-11-19 00:00:00,ENT. REALIZADA,2025-01-06 00:00:00,2025-01-06 00:00:00,ENT. REALIZADA,15,48,0,63,20.0,PERFORMANCE,,11412,24000.0,,,,,,24000.0,0.07137994384182918,AJUSTAR CONF ENTREGAS,AJUSTAR CONF ENTREGAS,2024-12-09 00:00:00,2025-01-10 00:00:00,SIM 06/01,1.0350091857065231,1.0350091857065231,67,novembro,novembro,3421.77,0.010176906268318993,27421.77,0.08155685011014817,652.8992857142857,1900-01-01 04:22:54.422000,2025-01-06 00:00:00,2025-01-06 00:00:00,45,Venceu depois chegada,2024
1,2024,AMZU839163020242055,1023,3812024,381,361885.2,24957.6,45,MILLY,Rodoviário,PA/ PA,2024-11-04 00:00:00,Lúcio,Manaus AM,Carazinho,RS,EXTRAPLAST F2,2024-11-04 00:00:00,09:30:00,2024-11-04 00:00:00,10:45:00,15:00:00,PERFORMANCE,FORA DO HR,04:15:00,06:00:00,PERFORMANCE,AMZU83916302024,2055,2024-11-19 00:00:00,ENT. REALIZADA,2025-01-06 00:00:00,2025-01-06 00:00:00,ENT. REALIZADA,15,48,0,63,20.0,PERFORMANCE,,11411,24000.0,,,,,,24000.0,0.06631937421038495,AJUSTAR CONF ENTREGAS,AJUSTAR CONF ENTREGAS,2024-12-09 00:00:00,2025-01-10 00:00:00,SIM 06/01,0.9616309260505819,0.9616309260505819,67,novembro,novembro,3682.88,0.010176929037164271,27682.88,0.07649630324754922,615.1751111111112,1900-01-01 02:37:14.569000,2025-01-06 00:00:00,2025-01-06 00:00:00,45,Venceu depois chegada,2024
0,2024,PRA23492024MAO465309,1024,512024,51,40500.0,2646.0,90,BERTOLINI,Rodoviário,PA/ PA,2024-11-05 00:00:00,Lúcio,Manaus AM,Carazinho,RS,EXTRAPLAST F2,2024-11-05 00:00:00,09:30:00,2024-11-05 00:00:00,11:20:00,15:30:00,PERFORMANCE,FORA DO HR,04:10:00,06:00:00,PERFORMANCE,PRA23492024,MAO465309,2024-11-08 00:00:00,ENT. REALIZADA,2024-11-25 00:00:00,2024-11-25 00:00:00,ENT. REALIZADA,3,17,0,20,20.0,PERFORMANCE,2230286,79197,3177.5,,,,,,,0.0,,,2024-11-06 00:00:00,2024-12-03 00:00:00,SIM 25/11,0.0,1.2008692365835223,28,novembro,novembro,12.59,0.00031086419753086417,12.59,0.00031086419753086417,0.1398888888888889,00:06:51.102000,2024-11-25 00:00:00,2024-11-25 00:00:00,45,Venceu depois chegada,2024
1,2024,PRA23492024MAO465309,1024,3862024,386,316598.35,20425.7,34,BERTOLINI,Rodoviário,PA/ PA,2024-11-05 00:00:00,Lúcio,Manaus AM,Carazinho,RS,EXTRAPLAST F2,2024-11-05 00:00:00,09:30:00,2024-11-05 00:00:00,11:20:00,15:30:00,PERFORMANCE,FORA DO HR,04:10:00,06:00:00,PERFORMANCE,PRA23492024,MAO465309,2024-11-08 00:00:00,ENT. REALIZADA,2024-11-25 00:00:00,2024-11-25 00:00:00,ENT. REALIZADA,3,17,0,20,20.0,PERFORMANCE,2230286,79198,24542.15,,,,,,27719.65,0.08755462560054404,,,2024-11-06 00:00:00,2024-12-03 00:00:00,SIM 25/11,1.3570966968084326,1.2015328728024008,28,novembro,novembro,3303.91,0.010435651354468525,31023.56,0.09799027695501257,912.4576470588236,1900-01-01 12:27:08.579000,2024-11-25 00:00:00,2024-11-25 00:00:00,45,Venceu depois chegada,2024
1,2024,OMY31182024MAO465310,1024,3842024,384,282635.52,21396.0,35,BERTOLINI,Rodoviário,PA/ PA,2024-11-05 00:00:00,Lúcio,Manaus AM,Carazinho,RS,EXTRAPLAST F2,2024-11-05 00:00:00,09:30:00,2024-11-05 00:00:00,11:20:00,15:30:00,PERFORMANCE,FORA DO HR,04:10:00,06:00:00,PERFORMANCE,OMY31182024,MAO465310,2024-11-08 00:00:00,ENT. REALIZADA,2024-11-25 00:00:00,2024-11-25 00:00:00,ENT. REALIZADA,3,17,0,20,20.0,PERFORMANCE,2230286,79191,27629.52,,,,,,27629.52,0.09775671507954839,,,2024-11-06 00:00:00,2024-12-03 00:00:00,SIM 25/11,1.2913404374649466,1.2913404374649466,28,novembro,novembro,2227.47,0.007881068876268629,29856.99,0.10563778395581702,853.0568571428572,1900-01-01 09:29:26.645000,2024-11-25 00:00:00,2024-11-25 00:00:00,45,Venceu depois chegada,2024
0,2024,OMY31182024MAO465310,1024,3852024,385,48024.0,3312.0,7,BERTOLINI,Rodoviário,PA/ PA,2024-11-05 00:00:00,Lúcio,Manaus AM,Carazinho,RS,EXTRAPLAST F2,2024-11-05 00:00:00,09:30:00,2024-11-05 00:00:00,11:20:00,15:30:00,PERFORMANCE,FORA DO HR,04:10:00,06:00:00,PERFORMANCE,OMY31182024,MAO465310,2024-11-08 00:00:00,ENT. REALIZADA,2024-11-25 00:00:00,2024-11-25 00:00:00,ENT. REALIZADA,3,17,0,20,20.0,PERFORMANCE,2230286,79191,,,,,,,,0.0,,,2024-11-06 00:00:00,2024-12-03 00:00:00,SIM 25/11,0.0,0.0,28,novembro,novembro,253.3,0.005274446110278195,253.3,0.005274446110278195,36.18571428571429,01:50:07.826000,2024-11-25 00:00:00,2024-11-25 00:00:00,45,Venceu depois chegada,2024
1,2024,CBHU800820520242699,1025,3972024,397,329996.8,22758.4,53,MILLY,Rodoviário,PA/ PA,2024-11-18 00:00:00,Lúcio,Manaus AM,Carazinho,RS,EXTRAPLAST F4,2024-11-18 00:00:00,10:00:00,2024-11-18 00:00:00,13:10:00,16:35:00,PERFORMANCE,FORA DO HR,03:25:00,06:00:00,PERFORMANCE,CBHU80082052024,2699,2024-11-26 00:00:00,ENT. REALIZADA,2024-12-27 00:00:00,2024-12-27 00:00:00,ENT. REALIZADA,8,31,0,39,20.0,PERFORMANCE,,11482,24000.0,,,,,,24000.0,0.07272797796827121,AJUSTADA,AJUSTADA,,2025-01-10 00:00:00,SIM 06/01,1.0545556805399325,1.0545556805399325,53,novembro,novembro,3463.94,0.010496889666808892,27463.94,0.0832248676350801,518.1875471698113,1900-01-01 04:57:44.114000,2024-12-27 00:00:00,2024-12-27 00:00:00,47,Venceu depois chegada,2024
1,2024,GVTU5027136202415115,1025,3962024,396,360752.75,24879.5,59,MILLY,Rodoviário,PA/ PA,2024-11-18 00:00:00,Lúcio,Manaus AM,Carazinho,RS,EXTRAPLAST F4,2024-11-18 00:00:00,10:00:00,2024-11-18 00:00:00,13:30:00,18:30:00,PERFORMANCE,FORA DO HR,05:00:00,06:00:00,PERFORMANCE,GVTU50271362024,15115,2024-11-26 00:00:00,ENT. REALIZADA,2024-12-27 00:00:00,2024-12-27 00:00:00,ENT. REALIZADA,8,31,0,39,20.0,PERFORMANCE,,11483,24000.0,,,,,,24000.0,0.06652755938797417,AJUSTADA,AJUSTADA,,2025-01-10 00:00:00,SIM 06/01,0.9646496111256255,0.9646496111256255,53,novembro,novembro,2916.59,0.00808473393480715,26916.59,0.07461229332278133,456.2133898305085,1900-01-01 01:57:54.281000,2024-12-27 00:00:00,2024-12-27 00:00:00,47,Venceu depois chegada,2024
1,2024,RYS2E032024469715,1026,4002024,400,34782.0,2244.0,4,BERTOLINI,Rodoviário,PA/ PA,2024-11-19 00:00:00,Lúcio,Manaus AM,Carazinho,RS,EXTRAPLAST F4,2024-11-19 00:00:00,09:00:00,2024-11-19 00:00:00,10:40:00,16:15:00,PERFORMANCE,FORA DO HR,05:35:00,06:00:00,PERFORMANCE,RYS2E032024,469715,2024-11-21 00:00:00,ENT. REALIZADA,2024-12-12 00:00:00,2024-12-16 00:00:00,ENT. REALIZADA,2,21,4,27,20.0,NÃO PERF.,2236557,80266,,,,,,,,0.0,,,2024-11-20 00:00:00,2024-12-17 00:00:00,SIM 25/11,0.0,0.0,28,novembro,novembro,331.68,0.00953596687942039,331.68,0.00953596687942039,82.92,03:32:50.567000,2024-12-12 00:00:00,2024-12-16 00:00:00,47,Venceu depois chegada,2024
0,2024,RYS2E032024469715,1026,4012024,401,295246.1,20361.8,43,BERTOLINI,Rodoviário,PA/ PA,2024-11-19 00:00:00,Lúcio,Manaus AM,Carazinho,RS,EXTRAPLAST F4,2024-11-19 00:00:00,09:00:00,2024-11-19 00:00:00,10:40:00,16:15:00,PERFORMANCE,FORA DO HR,05:35:00,06:00:00,PERFORMANCE,RYS2E032024,469715,2024-11-21 00:00:00,ENT. REALIZADA,2024-12-12 00:00:00,2024-12-16 00:00:00,ENT. REALIZADA,2,21,4,27,20.0,NÃO PERF.,2236557,80266,27627.36,,,,,,27627.36,0.09357400487254532,,,2024-11-20 00:00:00,2024-12-17 00:00:00,SIM 25/11,1.356823070651907,1.356823070651907,28,novembro,novembro,3009.65,0.010193699425665573,30637.010000000002,0.1037677042982109,712.4886046511629,1900-01-01 12:06:40.180000,2024-12-12 00:00:00,2024-12-16 00:00:00,47,Venceu depois chegada,2024
1,2024,OOF59312024469716,1026,4032024,403,386354.55,24926.1,44,BERTOLINI,Rodoviário,PA/ PA,2024-11-19 00:00:00,Lúcio,Manaus AM,Carazinho,RS,EXTRAPLAST F4,2024-11-19 00:00:00,09:00:00,2024-11-19 00:00:00,10:40:00,16:15:00,PERFORMANCE,FORA DO HR,05:35:00,06:00:00,PERFORMANCE,OOF59312024,469716,2024-11-21 00:00:00,ENT. REALIZADA,2024-12-12 00:00:00,2024-12-16 00:00:00,ENT. REALIZADA,2,21,4,27,20.0,NÃO PERF.,2236557,80265,27819.39,,,,,,27819.39,0.07200482044277724,,,2024-11-20 00:00:00,2024-12-17 00:00:00,SIM 25/11,1.1160747168630472,1.1160747168630472,28,novembro,novembro,3684.29,0.00953603367683906,31503.68,0.0815408541196163,715.9927272727273,1900-01-01 06:19:59.512000,2024-12-12 00:00:00,2024-12-16 00:00:00,47,Venceu depois chegada,2024
1,2024,MRKU25556762024200508,4AMAK8265,4052024,405,393433.4,25382.8,45,ALIANÇA,Cabotagem,PA/ PA,2024-11-21 00:00:00,Lúcio,Manaus AM,Carazinho,RS,EXTRAPLAST F2,2024-11-21 00:00:00,13:00:00,2024-11-21 00:00:00,13:10:00,14:40:00,PERFORMANCE,FORA DO HR,01:30:00,03:00:00,PERFORMANCE,MRKU25556762024,200508,2024-11-29 00:00:00,ENT. REALIZADA,2024-12-25 00:00:00,2024-12-30 00:00:00,ENT. REALIZADA,8,26,5,39,30.0,PERFORMANCE,887163,458004,16490.44,,,,,12500.0,28990.44,0.07368576231707831,Taxa da seca,Taxa da seca,2024-12-06 00:00:00,2024-12-26 00:00:00,SIM 11/12,1.142129315914714,0.6496698551775217,35,novembro,novembro,3751.79,0.009536023123608722,32742.23,0.08322178544068703,727.6051111111111,1900-01-01 06:57:30.615000,2024-12-25 00:00:00,2024-12-30 00:00:00,47,Venceu depois chegada,2024
1,2024,VSKU00818622024202531,4AIBK27GA ,4072024,407,392549.9,25325.8,45,ALIANÇA,Cabotagem,PA/ PA,2024-11-22 00:00:00,Lúcio,Manaus AM,Carazinho,RS,EXTRAPLAST F2,2024-11-22 00:00:00,10:00:00,2024-11-22 00:00:00,10:00:00,11:40:00,PERFORMANCE,DENTRO DO HR,01:40:00,03:00:00,PERFORMANCE,VSKU00818622024,202531,2024-12-30 00:00:00,ENT. REALIZADA,2024-12-26 00:00:00,2024-12-30 00:00:00,ENT. REALIZADA,38,-4,4,38,30.0,PERFORMANCE,1085081,458147,16489.44,,,,,12500.0,28989.44,0.07384905715171497,Taxa da seca,Taxa da seca,2024-12-03 00:00:00,2024-12-23 00:00:00,SIM 11/12,1.1446603858515823,0.6510925617354634,31,novembro,novembro,3768.07,0.00959895799234696,32757.51,0.08344801514406193,727.9446666666666,1900-01-01 07:02:33.582000,2024-12-26 00:00:00,2024-12-30 00:00:00,47,Venceu antes da chegada,2024
1,2024,ALMU491479320242736,1027,4092024,409,386354.55,24926.1,44,MILLY,Rodoviário,PA/ PA,2024-11-23 00:00:00,Lúcio,Manaus AM,Carazinho,RS,EXTRAPLAST F2,2024-11-23 00:00:00,10:00:00,2024-11-23 00:00:00,10:15:00,14:50:00,PERFORMANCE,FORA DO HR,04:35:00,06:00:00,PERFORMANCE,ALMU49147932024,2736,2024-11-30 00:00:00,ENT. REALIZADA,2025-01-06 00:00:00,2025-01-06 00:00:00,ENT. REALIZADA,7,37,0,44,20.0,PERFORMANCE,,11500,24000.0,,,,,,24000.0,0.06211910795408,,,,2025-01-10 00:00:00,SIM 06/01,0.9628461732882401,0.9628461732882401,48,novembro,novembro,3719.25,0.009626520510758836,27719.25,0.07174562846483884,629.9829545454545,1900-01-01 02:41:21.746000,2025-01-06 00:00:00,2025-01-06 00:00:00,47,Venceu depois chegada,2024
1,2024,TCKU73341302024L9557237,P10453419,4112024,411,387620.9,25007.8,40,MERCOSUL LINE,Cabotagem,PA/ PA,2024-11-25 00:00:00,Lúcio,Manaus AM,Carazinho,RS,EXTRAPLAST F2,2024-11-25 00:00:00,10:00:00,2024-11-25 00:00:00,08:25:00,09:45:00,PERFORMANCE,DENTRO DO HR,01:20:00,03:00:00,PERFORMANCE,TCKU73341302024,L9557237,2024-12-08 00:00:00,ENT. REALIZADA,2024-12-27 00:00:00,2025-01-06 00:00:00,ENT. REALIZADA,13,19,10,42,30.0,PERFORMANCE,P10453419A,284933,16953.04,,,,,10227.27,27180.31,0.07012085777624479,ATRASO NO AGEN.TO,ATRASO NO AGEN.TO,2024-12-12 00:00:00,2025-01-08 00:00:00,SIM 12/12,1.0868732955317941,0.67791009205128,44,novembro,novembro,4055.98,0.010463780461786245,31236.29,0.08058463823803103,780.90725,1900-01-01 05:58:38.948000,2024-12-27 00:00:00,2025-01-06 00:00:00,48,Venceu depois chegada,2024
1,2024,MSKU807977420242735,1027,4132024,413,184281.95,12709.1,165,MILLY,Rodoviário,PA/ PA,2024-11-26 00:00:00,Lúcio,Manaus AM,Carazinho,RS,EXTRAPLAST F2,2024-11-23 00:00:00,10:00:00,2024-11-26 00:00:00,10:15:00,14:50:00,NÃO PERF,FORA DO HR,04:35:00,06:00:00,PERFORMANCE,MSKU80797742024,2735,2024-11-30 00:00:00,ENT. REALIZADA,2025-01-06 00:00:00,2025-01-06 00:00:00,ENT. REALIZADA,4,37,0,41,20.0,PERFORMANCE,,11502,24000.0,,,,,,24000.0,0.13023521837054577,,,,2025-01-10 00:00:00,SIM 06/01,1.8884106663729139,1.8884106663729139,45,novembro,novembro,1934.39,0.01049690433599167,25934.39,0.14073212270653745,157.1781212121212,1900-01-02 00:58:29.203000,2025-01-06 00:00:00,2025-01-06 00:00:00,48,Venceu depois chegada,2024
0,2024,MSKU807977420242735,1027,4142024,414,115943.45,7996.1,196,MILLY,Rodoviário,PA/ PA,2024-11-26 00:00:00,Lúcio,Manaus AM,Carazinho,RS,EXTRAPLAST F2,2024-11-23 00:00:00,10:00:00,2024-11-26 00:00:00,10:15:00,14:50:00,NÃO PERF,FORA DO HR,04:35:00,06:00:00,PERFORMANCE,MSKU80797742024,2735,2024-11-30 00:00:00,ENT. REALIZADA,2025-01-06 00:00:00,2025-01-06 00:00:00,ENT. REALIZADA,4,37,0,41,20.0,PERFORMANCE,,,,,,,,,0.0,0.0,,,,2025-01-10 00:00:00,SIM 06/01,0.0,0.0,45,novembro,novembro,1217.04,0.010496841348088228,1217.04,0.010496841348088228,6.209387755102041,03:39:10.443000,2025-01-06 00:00:00,2025-01-06 00:00:00,48,Venceu depois chegada,2024
1,2024,TCKU69422222024BR0201993,4AIBK28DS,4152024,415,369509.3,25483.4,48,ALIANÇA,Cabotagem,PA/ PA,2024-11-26 00:00:00,Adriano,Manaus AM,Carazinho,RS,EXTRAPLAST F4,2024-11-26 00:00:00,13:30:00,2024-11-26 00:00:00,13:20:00,16:00:00,PERFORMANCE,DENTRO DO HR,02:40:00,03:00:00,PERFORMANCE,TCKU69422222024,BR0201993,2024-12-05 00:00:00,ENT. REALIZADA,2025-01-05 00:00:00,2025-01-10 00:00:00,ENT. REALIZADA,9,31,5,45,30.0,PERFORMANCE,889285,458454,16463.26,,,,,12500.0,28963.26,0.0783830339317576,Taxa da seca,Taxa da seca,2024-12-10 00:00:00,2024-12-30 00:00:00,SIM 11/12,1.1365539920104852,0.6460385976753493,34,novembro,novembro,3527.64,0.009546823314054612,32490.899999999998,0.08792985724581222,676.89375,1900-01-01 06:35:58.525000,2025-01-05 00:00:00,2025-01-10 00:00:00,48,Venceu antes da chegada,2024
1,2024,HCS000120240,1028,532024,53,24799.72,1293.6,44,HCS,Rodoviário,PA/ PA,2024-11-27 00:00:00,Adriano,Manaus AM,Boa Vista,RR,NICO EDUARDO,2024-11-27 00:00:00,14:00:00,2024-11-27 00:00:00,14:00:00,15:00:00,PERFORMANCE,DENTRO DO HR,01:00:00,03:00:00,PERFORMANCE,HCS00012024,0,2024-11-28 00:00:00,ENT. REALIZADA,2024-12-02 00:00:00,2024-12-03 00:00:00,ENT. REALIZADA,1,4,1,6,20.0,PERFORMANCE,1019716,"1101823
001101823",1500.0,,,,,,1500.0,0.060484553857866136,,,2024-12-04 00:00:00,2024-12-13 00:00:00,SIM 11/12,1.1595547309833025,1.1595547309833025,16,novembro,novembro,0.0,0.0,1500.0,0.060484553857866136,34.09090909090909,1900-01-01 03:49:45.529000,2024-12-02 00:00:00,2024-12-03 00:00:00,48,Venceu depois chegada,2024
1,2024,MRKU31082452024BR0158619,4AIBK28DS,4162024,416,396455.9,25577.8,41,ALIANÇA,Cabotagem,PA/ PA,2024-11-27 00:00:00,Adriano,Manaus AM,Carazinho,RS,EXTRAPLAST F2,2024-11-27 00:00:00,10:00:00,2024-11-27 00:00:00,13:00:00,14:16:00,PERFORMANCE,FORA DO HR,01:16:00,03:00:00,PERFORMANCE,MRKU31082452024,BR0158619,2024-12-05 00:00:00,ENT. REALIZADA,2025-01-05 00:00:00,2025-01-09 00:00:00,ENT. REALIZADA,8,31,4,43,30.0,PERFORMANCE,889286,458586,16493.89,,,,,12500.0,28993.89,0.0731326989962818,Taxa da seca,Taxa da seca,2024-12-10 00:00:00,2024-12-30 00:00:00,SIM 11/12,1.133556834442368,0.6448517855327667,33,novembro,novembro,4169.1,0.010515923713078806,33162.99,0.0836486227093606,808.8534146341462,1900-01-01 07:07:02.236000,2025-01-05 00:00:00,2025-01-09 00:00:00,48,Venceu antes da chegada,2024
1,2024,MRKU45957702024BR0200209,4AIBK28DS,4172024,417,374712.95,24572.5,42,ALIANÇA,Cabotagem,PA/ PA,2024-11-28 00:00:00,Adriano,Manaus AM,Carazinho,RS,EXTRAPLAST F2,2024-11-28 00:00:00,10:00:00,2024-11-28 00:00:00,08:45:00,11:05:00,PERFORMANCE,DENTRO DO HR,02:20:00,03:00:00,PERFORMANCE,MRKU45957702024,BR0200209,2024-12-05 00:00:00,ENT. REALIZADA,2025-01-05 00:00:00,2025-01-10 00:00:00,ENT. REALIZADA,7,31,5,43,30.0,PERFORMANCE,889288,458889,16469.17,,,,,12500.0,28969.17,0.07731029845645847,Taxa da seca,Taxa da seca,2024-12-10 00:00:00,2024-12-30 00:00:00,SIM 11/12,1.1789264421609522,0.6702276935598738,32,novembro,novembro,4148.47,0.011071061194976048,33117.64,0.08838135965143451,788.515238095238,1900-01-01 08:20:45.787000,2025-01-05 00:00:00,2025-01-10 00:00:00,48,Venceu antes da chegada,2024
1,2024,MSKU93600192024BR3559379,4AIBK28DS,4182024,418,338158.32,25142.8,55,ALIANÇA,Cabotagem,PA/ PA,2024-11-28 00:00:00,Adriano,Manaus AM,Carazinho,RS,EXTRAPLAST F4,2024-11-29 00:00:00,10:00:00,2024-11-28 00:00:00,09:45:00,12:00:00,PERFORMANCE,DENTRO DO HR,02:15:00,03:00:00,PERFORMANCE,MSKU93600192024,BR3559379,2024-12-05 00:00:00,ENT. REALIZADA,2025-01-05 00:00:00,2025-01-09 00:00:00,ENT. REALIZADA,7,31,4,42,30.0,PERFORMANCE,889287,458888,16427.64,,,,,12500.0,28927.64,0.08554466440453098,Taxa da seca,Taxa da seca,2024-12-10 00:00:00,2024-12-30 00:00:00,SIM 11/12,1.1505337512130709,0.6533735303943873,32,novembro,novembro,3305.66,0.009775480313481567,32233.3,0.09532014471801255,586.06,1900-01-01 06:46:05.592000,2025-01-05 00:00:00,2025-01-09 00:00:00,48,Venceu antes da chegada,2024
1,2024,EJY61252024468502,1029,4222024,422,448639.2,24924.4,1586,BERTOLINI,Rodoviário,PA/ PA,2024-12-02 00:00:00,Adriano,Manaus AM,Carazinho,RS,EXTRAPLAST F2,2024-12-02 00:00:00,09:00:00,2024-12-02 00:00:00,08:40:00,11:50:00,PERFORMANCE,DENTRO DO HR,03:10:00,06:00:00,PERFORMANCE,EJY61252024,468502,2024-12-04 00:00:00,ENT. REALIZADA,2024-12-21 00:00:00,2024-12-21 00:00:00,ENT. REALIZADA,2,17,0,19,20.0,PERFORMANCE,2243711,81479,28031.72,,,,,2141.27,30172.99,0.06725446639526818,JUROS E MULTA,JUROS E MULTA,2024-12-03 00:00:00,2024-12-30 00:00:00,SIM 11/12,1.2105803951148273,1.1246698014796745,28,dezembro,dezembro,3669.6,0.008179401175822353,33842.590000000004,0.07543386757109054,21.33832912988651,1900-01-01 08:35:14.751000,2024-12-21 00:00:00,2024-12-21 00:00:00,49,Venceu depois chegada,2024
1,2024,PRL16692024468510,1029,4232024,423,324262.8,18014.6,1129,BERTOLINI,Rodoviário,PA/ PA,2024-12-02 00:00:00,Adriano,Manaus AM,Carazinho,RS,EXTRAPLAST F2,2024-12-02 00:00:00,09:00:00,2024-12-02 00:00:00,08:40:00,15:00:00,PERFORMANCE,DENTRO DO HR,06:20:00,06:00:00,NÃO PERF.,PRL16692024,468510,2024-12-04 00:00:00,ENT. REALIZADA,2024-12-21 00:00:00,2024-12-21 00:00:00,ENT. REALIZADA,2,17,0,19,20.0,PERFORMANCE,2243711,81480,27827.13,,,,,,27827.13,0.08581659690843353,,,2024-12-03 00:00:00,2024-12-30 00:00:00,SIM 11/12,1.5446987443518037,1.5446987443518037,28,dezembro,dezembro,2727.24,0.008410585488067087,30554.370000000003,0.09422718239650063,27.063215234720996,1900-01-01 16:42:22.114000,2024-12-21 00:00:00,2024-12-21 00:00:00,49,Venceu depois chegada,2024
0,2024,PRL16692024468510,1029,4242024,424,64360.8,3757.6,201,BERTOLINI,Rodoviário,PA/ PA,2024-12-02 00:00:00,Adriano,Manaus AM,Carazinho,RS,EXTRAPLAST F2,2024-12-02 00:00:00,09:00:00,2024-12-02 00:00:00,08:40:00,15:00:00,PERFORMANCE,DENTRO DO HR,06:20:00,06:00:00,NÃO PERF.,PRL16692024,468510,2024-12-04 00:00:00,ENT. REALIZADA,2024-12-21 00:00:00,2024-12-21 00:00:00,ENT. REALIZADA,2,17,0,19,20.0,PERFORMANCE,2243711,81480,,,,,,,,0.0,,,2024-12-03 00:00:00,2024-12-30 00:00:00,SIM 11/12,0.0,0.0,28,dezembro,dezembro,605.7,0.0094110079427229,605.7,0.0094110079427229,3.013432835820896,03:52:07.102000,2024-12-21 00:00:00,2024-12-21 00:00:00,49,Venceu depois chegada,2024
1,2024,OAB0 017520241036,1030,582024,58,47500.0,3335.0,35,TODO BRASIL,Rodoviário,PA/ PA,2024-12-11 00:00:00,Adriano,Manaus AM,Serrania,MG,Corples,2024-12-11 00:00:00,10:00:00,2024-12-11 00:00:00,09:30:00,14:50:00,PERFORMANCE,DENTRO DO HR,05:20:00,06:00:00,PERFORMANCE,OAB0 01752024,1036,2024-12-13 00:00:00,ENT. REALIZADA,2025-01-06 00:00:00,2025-01-06 00:00:00,ENT. REALIZADA,2,24,0,26,20.0,NÃO PERF.,91147,12322,8604.3,,,,,,8604.3,0.18114315789473684,,,,2025-01-06 00:00:00,SIM 02/01,2.5799999999999996,2.5799999999999996,26,dezembro,dezembro,3.89,8.189473684210526e-05,8608.189999999999,0.18122505263157893,245.94828571428567,1900-01-02 13:56:52.778000,2025-01-06 00:00:00,2025-01-06 00:00:00,50,Venceu antes da chegada,2024
0,2024,OAB0 017520241036,1030,592024,59,116008.0,7236.0,98,TODO BRASIL,Rodoviário,PA/ PA,2024-12-11 00:00:00,Lúcio,Manaus AM,Machado,MG,Coopama,2024-12-11 00:00:00,10:00:00,2024-12-11 00:00:00,09:30:00,14:50:00,PERFORMANCE,DENTRO DO HR,05:20:00,06:00:00,PERFORMANCE,OAB0 01752024,1036,2024-12-13 00:00:00,ENT. REALIZADA,2025-01-06 00:00:00,2025-01-06 00:00:00,ENT. REALIZADA,2,24,0,26,20.0,NÃO PERF.,91149,12324,18668.88,,,,,,18668.88,0.16092752223984555,,,,2025-01-06 00:00:00,SIM 02/01,2.58,2.58,26,dezembro,dezembro,6.27,5.404799668988345e-05,18675.15,0.16098157023653542,190.56275510204082,1900-01-02 13:56:26.866000,2025-01-06 00:00:00,2025-01-06 00:00:00,50,Venceu antes da chegada,2024
0,2024,OAB0 017520241036,1030,572024,57,81124.5,5104.0,79,TODO BRASIL,Rodoviário,PA/ PA,2024-12-11 00:00:00,Adriano,Manaus AM,Carvalhopolis,MG,CAPRONI,2024-12-11 00:00:00,10:00:00,2024-12-11 00:00:00,09:30:00,14:50:00,PERFORMANCE,DENTRO DO HR,05:20:00,06:00:00,PERFORMANCE,OAB0 01752024,1036,2024-12-13 00:00:00,ENT. REALIZADA,2025-01-06 00:00:00,2025-01-06 00:00:00,ENT. REALIZADA,2,24,0,26,20.0,NÃO PERF.,91148,12323,13168.32,,,,,,13168.32,0.1623223563781595,,,,2025-01-06 00:00:00,SIM 02/01,2.58,2.58,26,dezembro,dezembro,5.79,7.137178041158959e-05,13174.11,0.1623937281585711,166.76088607594937,1900-01-02 13:56:50.013000,2025-01-06 00:00:00,2025-01-06 00:00:00,50,Venceu antes da chegada,2024
0,2024,OAB0 017520241036,1030,562024,56,26898.65,1333.0,20,TODO BRASIL,Rodoviário,PA/ PA,2024-12-11 00:00:00,Adriano,Manaus AM,Cordislandia,MG,Coopercor,2024-12-11 00:00:00,10:00:00,2024-12-11 00:00:00,09:30:00,14:50:00,PERFORMANCE,DENTRO DO HR,05:20:00,06:00:00,PERFORMANCE,OAB0 01752024,1036,2024-12-13 00:00:00,ENT. REALIZADA,2025-01-07 00:00:00,2025-01-07 00:00:00,ENT. REALIZADA,2,25,0,27,20.0,NÃO PERF.,91150,12325,3558.5,,,,,,3558.5,0.1322928845871447,,,,2025-01-06 00:00:00,SIM 02/01,2.669542385596399,2.669542385596399,26,dezembro,dezembro,1.42,5.2790753439298996e-05,3559.92,0.132345675340584,177.996,1900-01-02 16:05:40.501000,2025-01-07 00:00:00,2025-01-07 00:00:00,50,Venceu antes da chegada,2024
1,2024,PRP61652024470500,1035,4392024,439,334857.2,23093.6,44,BERTOLINI,Rodoviário,PA/ PA,2024-12-16 00:00:00,Adriano,Manaus AM,Carazinho,RS,EXTRAPLAST F4,2024-12-16 00:00:00,13:00:00,2024-12-16 00:00:00,13:00:00,15:10:00,PERFORMANCE,DENTRO DO HR,02:10:00,03:00:00,PERFORMANCE,PRP61652024,470500,2024-12-18 00:00:00,ENT. REALIZADA,2025-01-06 00:00:00,2025-01-06 00:00:00,ENT. REALIZADA,2,19,0,21,20.0,NÃO PERF.,2250452,82784,27643.83,,,,,,27643.83,0.0825540857416236,,,2024-12-28 00:00:00,2025-01-13 00:00:00,SIM 06/01,1.1970342432535424,1.1970342432535424,28,dezembro,dezembro,4283.98,0.012793453448216134,31927.81,0.09534753918983974,725.6320454545455,1900-01-01 09:10:51.397000,2025-01-06 00:00:00,2025-01-06 00:00:00,51,Venceu depois chegada,2024
1,2024,RYP4G442024470499,1035,4402024,440,365896.2,23986.7,338,BERTOLINI,Rodoviário,PA/ PA,2024-12-16 00:00:00,Lúcio,Manaus AM,Carazinho,RS,EXTRAPLAST F4,2024-12-16 00:00:00,15:30:00,2024-12-16 00:00:00,15:20:00,17:40:00,PERFORMANCE,DENTRO DO HR,02:20:00,03:00:00,PERFORMANCE,RYP4G442024,470499,2024-12-18 00:00:00,ENT. REALIZADA,2025-01-06 00:00:00,2025-01-06 00:00:00,ENT. REALIZADA,2,19,0,21,20.0,NÃO PERF.,2250452,82785,27749.64,,,,,,27749.64,0.07584019730185773,,,2024-12-28 00:00:00,2025-01-13 00:00:00,SIM 06/01,1.1568761021732876,1.1568761021732876,28,dezembro,dezembro,2696.51,0.007369603729145042,30446.15,0.08320980103100278,90.07736686390533,1900-01-01 06:27:46.914000,2025-01-06 00:00:00,2025-01-06 00:00:00,51,Venceu depois chegada,2024
1,2024,OMY1C682024472032,1036,652024,65,364500.0,24659.7,810,BERTOLINI,Rodoviário,PA/ PA,2024-12-18 00:00:00,Adriano,Manaus AM,Holambra ,SP,EXTRAPLAST HOL,2024-12-18 00:00:00,13:00:00,2024-12-18 00:00:00,10:00:00,12:27:00,PERFORMANCE,DENTRO DO HR,02:27:00,03:00:00,PERFORMANCE,OMY1C682024,472032,2024-12-23 00:00:00,ENT. REALIZADA,2025-01-02 00:00:00,2025-01-07 00:00:00,ENT. REALIZADA,5,10,5,20,20.0,PERFORMANCE,2251243,82958,25526.7,,,,,,25526.7,0.07003209876543211,,,2024-12-19 00:00:00,2025-01-15 00:00:00,SIM 06/01,1.0351585785715154,1.0351585785715154,28,dezembro,dezembro,120.79,0.0003313854595336077,25647.49,0.07036348422496572,31.66356790123457,1900-01-01 00:57:40.912000,2025-01-02 00:00:00,2025-01-07 00:00:00,51,Venceu depois chegada,2024
1,2024,SDN1G812024472031,1036,662024,66,344250.0,23370.9,765,BERTOLINI,Rodoviário,PA/ PA,2024-12-18 00:00:00,Adriano,Manaus AM,Holambra ,SP,EXTRAPLAST HOL,2024-12-18 00:00:00,13:00:00,2024-12-18 00:00:00,11:00:00,14:00:00,PERFORMANCE,DENTRO DO HR,03:00:00,03:00:00,PERFORMANCE,SDN1G812024,472031,2024-12-23 00:00:00,ENT. REALIZADA,2025-01-02 00:00:00,2025-01-06 00:00:00,ENT. REALIZADA,5,10,4,19,20.0,PERFORMANCE,2251243,82902,25457.67,,,,,,25457.67,0.0739511111111111,,,2024-12-19 00:00:00,2025-01-15 00:00:00,SIM 06/01,1.08928924431665,1.08928924431665,28,dezembro,dezembro,114.08,0.00033138707334785767,25571.75,0.07428249818445896,33.42712418300653,1900-01-01 02:15:36.334000,2025-01-02 00:00:00,2025-01-06 00:00:00,51,Venceu depois chegada,2024
1,2024,MSKU09827942024203224,4AIBK32ZB,682024,68,324000.0,21983.8,720,ALIANÇA,Cabotagem,PA/ PA,2024-12-18 00:00:00,Lúcio,Manaus AM,Carazinho,SP,EXTRAPLAST F2,2024-12-19 00:00:00,10:00:00,2024-12-18 00:00:00,11:50:00,12:30:00,PERFORMANCE,FORA DO HR,00:40:00,03:00:00,PERFORMANCE,MSKU09827942024,203224,2024-12-21 00:00:00,ENT. REALIZADA,2025-01-21 00:00:00,2025-01-27 00:00:00,ENT. REALIZADA,3,31,6,40,30.0,NÃO PERF.,896245,460837,13211.73,,,,,,13211.73,0.04077694444444444,,,2024-12-26 00:00:00,2025-01-13 00:00:00,SIM 06/01,0.6009757184836106,0.6009757184836106,26,dezembro,dezembro,107.75,0.0003325617283950617,13319.48,0.041109506172839504,18.499277777777777,14:32:27.778000,2025-01-21 00:00:00,2025-01-27 00:00:00,51,Venceu antes da chegada,2024
0,2024,MSKU09827942024203224,4AIBK32ZB,4442024,444,2142.0,2559.4,119,ALIANÇA,Cabotagem,PA/ PA,2024-12-18 00:00:00,Lúcio,Manaus AM,Carazinho,SP,EXTRAPLAST F2,2024-12-19 00:00:00,10:00:00,2024-12-18 00:00:00,11:50:00,12:30:00,PERFORMANCE,FORA DO HR,00:40:00,03:00:00,PERFORMANCE,MSKU09827942024,203224,2024-12-21 00:00:00,ENT. REALIZADA,2025-01-21 00:00:00,2025-01-27 00:00:00,ENT. REALIZADA,3,31,6,40,30.0,NÃO PERF.,896247,460838,1497.7,,,,,,1497.7,0.06,,,2024-12-26 00:00:00,2025-01-13 00:00:00,SIM 06/01,0.5851762131749629,0.5851762131749629,26,dezembro,dezembro,20.57,0.009603174603174603,1518.27,0.05,12.758571428571429,14:14:13.625000,2025-01-21 00:00:00,2025-01-27 00:00:00,51,Venceu antes da chegada,2024
1,2024,CAAU72228002024201129,4AIBK32ZE,4462024,446,290450.34,26183.0,1350,ALIANÇA,Cabotagem,PA/ PA,2024-12-19 00:00:00,Lúcio,Manaus AM,Lauro de Freitas,BA,PLASKEM,2024-12-19 00:00:00,13:00:00,2024-12-19 00:00:00,13:20:00,15:00:00,PERFORMANCE,FORA DO HR,01:40:00,03:00:00,PERFORMANCE,CAAU72228002024,201129,2024-12-21 00:00:00,ENT. REALIZADA,2025-01-12 00:00:00,2025-01-17 00:00:00,ENT. REALIZADA,2,22,5,29,30.0,NÃO PERF.,896246,460698,10866.45,,,,,,10866.45,0.03741241962395361,,,2024-12-26 00:00:00,2025-01-13 00:00:00,SIM 06/01,0.4150192873238361,0.4150192873238361,25,dezembro,dezembro,4033.14,0.013885816074444945,14899.59,0.05129823569839856,11.036733333333334,13:39:26.428000,2025-01-12 00:00:00,2025-01-17 00:00:00,51,Venceu depois chegada,2024
1,2024,MRSU61466422024201179,4AIBK33UM,4472024,447,326189.28,25090.2,65,ALIANÇA,Cabotagem,PA/ PA,2024-12-26 00:00:00,Lúcio,Manaus AM,Carazinho,RS,EXTRAPLAST F4,2024-12-26 00:00:00,13:00:00,2024-12-26 00:00:00,12:40:00,16:58:00,PERFORMANCE,DENTRO DO HR,04:18:00,03:00:00,NÃO PERF.,MRSU61466422024,201179,2025-01-04 00:00:00,ENT. REALIZADA,2025-01-26 00:00:00,2025-01-30 00:00:00,ENT. REALIZADA,9,22,4,35,30.0,NÃO PERF.,905333,461240,14709.49,,,,,,14709.49,0.04509495223141606,,,2025-01-10 00:00:00,2025-01-28 00:00:00,SIM NO SIST,0.5862643581956302,0.5862643581956302,33,dezembro,dezembro,7004.08,0.02147244078652738,21713.57,0.06656739301794344,334.05492307692305,20:46:12.319000,2025-01-26 00:00:00,2025-01-30 00:00:00,52,Venceu depois chegada,2024
1,2024,MRSU43902382024208255,4AIBK34OV,4482024,448,520560.42,25051.5,308,ALIANÇA,Cabotagem,PA/ PA,2024-12-30 00:00:00,Lúcio,Manaus AM,Carazinho,RS,EXTRAPLAST F4,2024-12-30 00:00:00,14:00:00,2024-12-30 00:00:00,14:03:00,18:40:00,PERFORMANCE,FORA DO HR,04:37:00,03:00:00,NÃO PERF.,MRSU43902382024,208255,2025-01-04 00:00:00,ENT. REALIZADA,2025-02-02 00:00:00,2025-02-04 00:00:00,ENT. REALIZADA,5,29,2,36,30.0,NÃO PERF.,906271,461557,14481.5,,,,,448.86,14930.36,0.028681320028134297,,,2025-01-13 00:00:00,2025-02-03 00:00:00,SIM NO SIST,0.595986667465022,0.5780691774943616,35,dezembro,dezembro,5323.26,0.010226017567758995,20253.620000000003,0.03890733759589329,65.7585064935065,19:24:12.614000,2025-02-02 00:00:00,2025-02-04 00:00:00,53,Venceu depois chegada,2024
1,VELD_FINAL,MSKU0684871205805,5AIBK0972,70,WRAP,364500.0,23814.0,810,ALIANÇA,Cabotagem,PA/ PA,2025-01-14 00:00:00,ADRIANO,Manaus AM,Holambra ,SP,EXTRAPLAST HOL,2025-01-13 00:00:00,10:00:00,2025-01-13 00:00:00,14:00:00,15:00:00,PERFORMANCE,FORA DO HR,01:00:00,03:00:00,PERFORMANCE,MSKU0684871,205805,2025-01-18 00:00:00,ENT. REALIZADA ,2025-01-31 00:00:00,2025-02-04 00:00:00,ENT. REALIZADA ,5,13,4,22,30.0,PERFORMANCE,910618,462946,8400.0,1275.75,1058.0,395.0,1517.56,,12646.31,0.034694951989026064,,2025-01-21 00:00:00,2025-02-10 00:00:00,FINANC 03/02,10.37037037037037,0.5310451835055009,28.0,janeiro,janeiro,118.92,0.00032625514403292183,12765.23,0.035021207133058986,15.759543209876544,0.5360388846896783,2025-01-31 00:00:00,2025-02-04 00:00:00,2025-02-10 00:00:00,3,2025,2025
1,VELD_FINAL,MRKU4096236205902,5AIBK1756,71,WRAP,364500.0,24253.6,810,ALIANÇA,Cabotagem,PA/ PA,2025-01-16 00:00:00,ADRIANO,Manaus AM,Carazinho,RS,EXTRAPLAST,2025-01-16 00:00:00,14:00:00,2025-01-16 00:00:00,13:40:00,15:30:00,PERFORMANCE,DENTRO DO HR,01:50:00,03:00:00,PERFORMANCE,MRKU4096236,205902,2025-01-25 00:00:00,ENT. REALIZADA ,2025-02-16 00:00:00,2025-02-19 00:00:00,ENT. REALIZADA ,9,22,3,34,30.0,NÃO PERF.,914941,464123,11067.16,364.5,1140.0,395.0,1768.18,,14734.84,0.040424801097393694,,2025-01-29 00:00:00,2025-02-17 00:00:00,FINANC 03/02,13.66316049382716,0.6075320777121748,32.0,janeiro,janeiro,118.24,0.0003243895747599451,14853.08,0.040749190672153636,18.337135802469135,0.6124072302668471,2025-02-16 00:00:00,2025-02-19 00:00:00,2025-02-17 00:00:00,3,2025,2025
1,VELD_FINAL,MRKU5210739158458,5AIBK1757,72,WRAP,362700.0,23981.6,870,ALIANÇA,Cabotagem,PA/ PA,2025-01-17 00:00:00,ADRIANO,Manaus AM,Holambra ,RS,EXTRAPLAST HOL,2025-01-17 00:00:00,13:00:00,2025-01-17 00:00:00,12:20:00,13:30:00,PERFORMANCE,DENTRO DO HR,01:10:00,03:00:00,PERFORMANCE,MRKU5210739,158458,2025-01-27 00:00:00,ENT. REALIZADA ,2025-02-07 00:00:00,2025-02-12 00:00:00,ENT. REALIZADA ,10,11,5,26,30.0,PERFORMANCE,914940,463907,8400.0,1269.45,1058.0,395.0,1516.7,,12639.150000000001,0.03484739454094293,,2025-01-29 00:00:00,2025-02-17 00:00:00,FINANC 03/02,9.655172413793103,0.5270353104046437,31.0,janeiro,janeiro,127.6,0.000351805900192997,12766.750000000002,0.03519920044113593,14.674425287356325,0.5323560563098376,2025-02-07 00:00:00,2025-02-12 00:00:00,2025-02-17 00:00:00,3,2025,2025
1,VELD_INTERM,MRSU4591973208757,5AIBK3038,471,MULCHING / LONA,386568.0,24817.6,87,ALIANÇA,Cabotagem,PA/ PA,2025-01-24 00:00:00,ADRIANO,Manaus AM,Carazinho,RS,EXTRAPLAST F2,2025-01-24 00:00:00,10:30:00,2025-01-24 00:00:00,10:30:00,14:00:00,PERFORMANCE,DENTRO DO HR,03:30:00,03:00:00,NÃO PERF.,MRSU4591973,208757,2025-02-01 00:00:00,ENT. REALIZADA ,2025-02-23 00:00:00,2025-02-28 00:00:00,ENT. REALIZADA ,8,22,5,35,30.0,NÃO PERF.,919373,464883,11067.16,386.57,1140.0,395.0,1771.19,,14759.92,0.03818194987686513,,2025-02-06 00:00:00,2025-02-24 00:00:00,FINANC 07/02,127.2087356321839,0.594735993810844,31.0,janeiro,janeiro,2914.61,0.007539708408352477,17674.53,0.045721658285217605,203.1555172413793,0.7121772451808394,2025-02-23 00:00:00,2025-02-28 00:00:00,2025-02-24 00:00:00,4,2025,2025
1,VELD_FINAL,MRSU4273252207859,5AIBK3038,73,WRAP,364500.0,24147.8,810,ALIANÇA,Cabotagem,PA/ PA,2025-01-24 00:00:00,ADRIANO,Manaus AM,Carazinho,RS,EXTRAPLAST F2,2025-01-24 00:00:00,13:00:00,2025-01-24 00:00:00,13:30:00,15:15:00,PERFORMANCE,FORA DO HR,01:45:00,03:00:00,PERFORMANCE,MRSU4273252,207859,2025-02-01 00:00:00,ENT. REALIZADA ,2025-02-23 00:00:00,2025-02-28 00:00:00,ENT. REALIZADA ,8,22,5,35,30.0,NÃO PERF.,919372,465042,11067.16,364.5,1140.0,395.0,1768.18,,14734.84,0.040424801097393694,,2025-02-06 00:00:00,2025-02-24 00:00:00,FINANC 07/02,13.66316049382716,0.610193889298404,31.0,janeiro,janeiro,115.5,0.00031687242798353907,14850.34,0.04074167352537723,18.333753086419755,0.6149769337165291,2025-02-23 00:00:00,2025-02-28 00:00:00,2025-02-24 00:00:00,4,2025,2025
1,VELD_INTERM,GCXU5578381207873,5AIBK3269,474,LONA,398825.6,24926.6,43,ALIANÇA,Cabotagem,PA/ PA,2025-01-24 00:00:00,ADRIANO,Manaus AM,Leme,SP,GINEGAR,2025-01-24 00:00:00,18:00:00,2025-01-24 00:00:00,18:00:00,20:00:00,PERFORMANCE,DENTRO DO HR,02:00:00,03:00:00,PERFORMANCE,GCXU5578381,207873,2025-01-28 00:00:00,ENT. REALIZADA ,2025-02-09 00:00:00,2025-02-14 00:00:00,ENT. REALIZADA ,4,12,5,21,30.0,PERFORMANCE,915647,465099,8400.0,398.83,1058.0,395.0,1397.98,,11649.81,0.029210286400872962,,2025-01-31 00:00:00,2025-02-19 00:00:00,FINANC 03/02,195.34883720930233,0.4673645824139674,26.0,janeiro,janeiro,3425.32,0.008588515882631407,15075.13,0.03779880228350437,350.58441860465115,0.60478083653607,2025-02-09 00:00:00,2025-02-14 00:00:00,2025-02-19 00:00:00,4,2025,2025
1,VELD_INTERM,MSKU1901204207875,5AIBK3269,475,LONA,396854.4,24803.4,43,ALIANÇA,Cabotagem,PA/ PA,2025-01-24 00:00:00,ADRIANO,Manaus AM,Leme,SP,GINEGAR,2025-01-24 00:00:00,19:00:00,2025-01-24 00:00:00,18:40:00,20:50:00,PERFORMANCE,DENTRO DO HR,02:10:00,03:00:00,PERFORMANCE,MSKU1901204,207875,2025-02-02 00:00:00,ENT. REALIZADA ,2025-02-09 00:00:00,2025-02-17 00:00:00,ENT. REALIZADA ,9,7,8,24,30.0,PERFORMANCE,915646,465041,8400.0,396.85,1058.0,395.0,1397.71,,11647.560000000001,0.029349706088681392,,2025-01-31 00:00:00,2025-02-19 00:00:00,FINANC 03/02,195.34883720930233,0.46959529741890227,26.0,janeiro,janeiro,3408.39,0.008588515082609641,15055.95,0.03793822117129103,350.1383720930233,0.6070115387406565,2025-02-09 00:00:00,2025-02-17 00:00:00,2025-02-19 00:00:00,4,2025,2025
1,VELD_INTERM,MRKU4606031207431,5AIBK3703,477,FILME BRANCO,310804.17,26228.2,124,ALIANÇA,Cabotagem,PA/ PA,2025-01-28 00:00:00,ADRIANO,Manaus AM,Lauro de Freitas,BA,PLASKEM,2025-01-28 00:00:00,10:30:00,2025-01-28 00:00:00,10:20:00,12:59:00,PERFORMANCE,DENTRO DO HR,02:39:00,03:00:00,PERFORMANCE,MRKU4606031,207431,2025-02-01 00:00:00,ENT. REALIZADA ,2025-02-16 00:00:00,2025-02-22 00:00:00,ENT. REALIZADA ,4,15,6,25,30.0,PERFORMANCE,919375,465396,7364.9,1087.81,774.0,395.0,1312.05,,10933.759999999998,0.03517893598403136,,2025-02-06 00:00:00,2025-02-24 00:00:00,FINANC 07/02,59.394354838709674,0.41687039141077153,27.0,janeiro,janeiro,3979.4,0.012803560518509132,14913.159999999998,0.04798249650254049,120.2674193548387,0.5685925835551047,2025-02-16 00:00:00,2025-02-22 00:00:00,2025-02-24 00:00:00,5,2025,2025
1,VELD_INTERM,MRKU6062913207453,5AMAK0293,480,LONA / SILO,397567.5,26483.2,46,ALIANÇA,Cabotagem,PA/ PA,2025-01-28 00:00:00,ADRIANO,Manaus AM,Carazinho,RS,EXTRAPLAST F2,2025-01-28 00:00:00,14:30:00,2025-01-28 00:00:00,15:39:00,17:10:00,PERFORMANCE,FORA DO HR,01:31:00,03:00:00,PERFORMANCE,MRKU6062913,207453,2025-02-01 00:00:00,ENT. REALIZADA ,2025-02-23 00:00:00,2025-02-27 00:00:00,ENT. REALIZADA ,4,22,4,30,30.0,PERFORMANCE,919374,465395,11067.16,397.57,1140.0,395.0,1772.69,,14772.42,0.037157011073591276,,2025-02-06 00:00:00,2025-02-24 00:00:00,FINANC 07/02,240.5904347826087,0.5578034376510391,27.0,janeiro,janeiro,2533.06,0.006371396052242701,17305.48,0.04352840712583397,376.20608695652174,0.6534512445625906,2025-02-23 00:00:00,2025-02-27 00:00:00,2025-02-24 00:00:00,5,2025,2025
1,VELD_INTERM,HASU4200024207951,5AIBK3907 ,484,FILME BRANCO,305183.72,25753.9,124,ALIANÇA,Cabotagem,PA/ PA,2025-01-30 00:00:00,LÚCIO,Manaus AM,Lauro de Freitas,BA,PLASKEM,2025-01-30 00:00:00,13:00:00,2025-01-30 00:00:00,11:00:00,14:50:00,PERFORMANCE,DENTRO DO HR,03:50:00,03:00:00,NÃO PERF.,HASU4200024,207951,2025-02-01 00:00:00,ENT. REALIZADA ,2025-02-16 00:00:00,2025-02-21 00:00:00,ENT. REALIZADA ,2,15,5,22,30.0,PERFORMANCE,919376,465609,7364.9,1068.14,774.0,395.0,1309.37,,10911.41,0.03575357820528566,,2025-02-06 00:00:00,2025-02-24 00:00:00,FINANC 07/02,59.394354838709674,0.42367990867402605,25.0,janeiro,janeiro,3889.91,0.012746125514165697,14801.32,0.04849970371945136,119.36548387096774,0.5747214984914906,2025-02-16 00:00:00,2025-02-21 00:00:00,2025-02-24 00:00:00,5,2025,2025
1,VELD_INTERM,MSKU1858113MSKU1858113,5AIBK3953 ,483,SILO,419853.15,27087.3,47,ALIANÇA,Cabotagem,PA/ PA,2025-01-30 00:00:00,ADRIANO,Manaus AM,Carazinho,RS,EXTRAPLAST F2,2025-01-30 00:00:00,10:00:00,2025-01-30 00:00:00,10:20:00,13:00:00,PERFORMANCE,FORA DO HR,02:40:00,03:00:00,PERFORMANCE,MSKU1858113,MSKU1858113,2025-02-01 00:00:00,ENT. REALIZADA ,2025-02-23 00:00:00,2025-02-27 00:00:00,ENT. REALIZADA ,2,22,4,28,30.0,PERFORMANCE,919377,465610,11067.16,419.85,1140.0,395.0,1775.73,,14797.74,0.03524503746131236,,2025-02-06 00:00:00,2025-02-24 00:00:00,FINANC 07/02,235.4714893617021,0.5462980806503417,25.0,janeiro,janeiro,4185.25,0.009968366320462285,18982.989999999998,0.045213403781774644,403.8934042553191,0.700807758617507,2025-02-23 00:00:00,2025-02-27 00:00:00,2025-02-24 00:00:00,5,2025,2025
1,VELD_INTERM,MRSU5860362207993,5AIBK4632,487,STRECH / SILO,171351.77,14425.9,16,ALIANÇA,Cabotagem,PA/ PA,2025-02-03 00:00:00,LÚCIO,Manaus AM,Carazinho,RS,EXTRAPLAST F2,2025-02-03 00:00:00,15:00:00,2025-02-03 00:00:00,14:30:00,16:00:00,PERFORMANCE,DENTRO DO HR,01:30:00,03:00:00,PERFORMANCE,MRSU5860362,207993,2025-02-08 00:00:00,ENT. REALIZADA ,2025-03-02 00:00:00,2025-03-10 00:00:00,ENT. REALIZADA ,5,22,8,35,30.0,NÃO PERF.,922400,466428,4011.6,171.35,373.35,143.18,640.84,,5340.320000000001,0.031165829217871522,,2025-02-12 00:00:00,2025-03-03 00:00:00,FINANC 14/02,250.725,0.3701897281972009,28.0,fevereiro,fevereiro,1098.79,0.0064124811783385725,6439.110000000001,0.037578310396210096,402.44437500000004,0.44635759294047517,2025-03-02 00:00:00,2025-03-10 00:00:00,2025-03-03 00:00:00,6,2025,2025
0,VELD_FINAL,MRSU5860362207993,5AIBK4632,75,WRAP,161100.0,10945.8,390,ALIANÇA,Cabotagem,PA/ PA,2025-02-03 00:00:00,LÚCIO,Manaus AM,Carazinho,RS,EXTRAPLAST F2,2025-02-03 00:00:00,15:00:00,2025-02-03 00:00:00,14:30:00,16:00:00,PERFORMANCE,DENTRO DO HR,01:30:00,03:00:00,PERFORMANCE,MRSU5860362,207993,2025-02-08 00:00:00,ENT. REALIZADA ,2025-03-02 00:00:00,2025-03-10 00:00:00,ENT. REALIZADA ,5,22,8,35,30.0,NÃO PERF.,922399,466427,7055.56,161.1,656.65,251.82,1107.97,500.0,9733.1,0.060416511483550595,"PO origem, erro NF",2025-02-12 00:00:00,2025-03-03 00:00:00,FINANC 14/02,18.091179487179488,0.8892086462387401,28.0,fevereiro,fevereiro,54.66,0.000339292364990689,9787.76,0.06075580384854128,25.096820512820514,0.8942023424509858,2025-03-02 00:00:00,2025-03-10 00:00:00,2025-03-03 00:00:00,6,2025,2025
1,VELD_INTERM,MSDU5157754153726,LA0406607,491,PEAD,226000.0,20000.0,64,LOG-IN,Cabotagem,PA/ PA,2025-02-06 00:00:00,ADRIANO,Manaus AM,CAMACARI,BA,ANTILHAS BA,2025-02-06 00:00:00,14:00:00,2025-02-06 00:00:00,13:20:00,15:50:00,PERFORMANCE,DENTRO DO HR,02:30:00,02:00:00,NÃO PERF.,MSDU5157754,153726,2025-02-12 00:00:00,ENT. REALIZADA ,2025-03-08 00:00:00,2025-03-13 00:00:00,ENT. REALIZADA ,6,24,5,35,30.0,NÃO PERF.,115684,49148,6430.0,723.2,742.0,,1076.62,,8971.82,0.039698318584070795,,2025-02-08 00:00:00,2025-02-23 00:00:00,FINANC 14/02,100.46875,0.44859099999999996,17.0,fevereiro,fevereiro,2165.03,0.009579778761061948,11136.85,0.04927809734513274,174.01328125,0.5568425,2025-03-08 00:00:00,2025-03-13 00:00:00,2025-02-23 00:00:00,6,2025,2025
1,VELD_INTERM,MSDU76182901537220,LA0406709,494,PEAD,347268.21,30731.7,64,LOG-IN,Cabotagem,PA/ PA,2025-02-06 00:00:00,ADRIANO,Manaus AM,CAMACARI,BA,ANTILHAS BA,2025-02-10 00:00:00,14:00:00,2025-02-10 00:00:00,13:00:00,15:00:00,PERFORMANCE,DENTRO DO HR,02:00:00,02:00:00,NÃO PERF.,MSDU7618290,1537220,2025-02-12 00:00:00,ENT. REALIZADA ,2025-03-08 00:00:00,2025-03-14 00:00:00,ENT. REALIZADA ,2,24,6,32,30.0,NÃO PERF.,115957,49578,6430.0,1111.25,742.0,,1129.54,,9412.79,0.02710524525121375,,2025-02-13 00:00:00,2025-02-28 00:00:00,FINANC 14/02,100.46875,0.3062892713387154,18.0,fevereiro,fevereiro,3292.67,0.00948163380690677,12705.460000000001,0.036586879058120525,198.52281250000001,0.4134317333567619,2025-03-08 00:00:00,2025-03-14 00:00:00,2025-02-28 00:00:00,7,2025,2025
1,VELD_INTERM,BMOU4190359207637,5AIBK6433,496,LONA,325284.25,25695.1,513,ALIANÇA,Cabotagem,PA/ PA,2025-02-13 00:00:00,ADRIANO,Manaus AM,Carazinho,RS,EXTRAPLAST F2,2025-02-13 00:00:00,08:00:00,2025-02-13 00:00:00,10:00:00,16:12:00,PERFORMANCE,FORA DO HR,06:12:00,03:00:00,NÃO PERF.,BMOU4190359,207637,2025-02-15 00:00:00,ENT. REALIZADA ,2025-03-09 00:00:00,2025-03-17 00:00:00,ENT. REALIZADA ,2,22,8,32,30.0,NÃO PERF.,925816,467763,11067.16,325.28,1030.0,395.0,1747.83,,14565.27,0.04477705268545895,,2025-02-20 00:00:00,2025-03-10 00:00:00,FINANC 03/03,21.573411306042885,0.5668500998244802,25.0,fevereiro,fevereiro,2513.96,0.007728502071649642,17079.23,0.05250555475710859,33.29284600389863,0.664688209035964,2025-03-09 00:00:00,2025-03-17 00:00:00,2025-03-10 00:00:00,7,2025,2025
1,VELD_INTERM,1CB342123,25001,499,LONA,362743.6,25016.8,56,BERTOLINI,Rodoviário,BI-TREM,2025-02-14 00:00:00,ADRIANO,Manaus AM,Carazinho,RS,EXTRAPLAST F4,2025-02-14 00:00:00,09:00:00,2025-02-14 00:00:00,11:40:00,15:00:00,PERFORMANCE,FORA DO HR,03:20:00,04:00:00,PERFORMANCE,1CB342,123,2025-02-18 00:00:00,ENT. REALIZADA ,2025-03-05 00:00:00,2025-03-05 00:00:00,ENT. REALIZADA ,4,15,0,19,20.0,PERFORMANCE,2278166,87029,22336.5,1236.63,,852.27,3330.74,,27756.14,0.0765172424820176,,2025-02-19 00:00:00,2025-03-17 00:00:00,FINANC 03/03,398.86607142857144,1.1095000159892552,31.0,fevereiro,fevereiro,2731.36,0.007529726230869408,30487.5,0.08404696871288701,544.4196428571429,1.2186810463368616,2025-03-05 00:00:00,2025-03-05 00:00:00,2025-03-17 00:00:00,7,2025,2025
1,VELD_INTERM,2CB3421234,25002,501,LONA,352381.9,23427.8,53,BERTOLINI,Rodoviário,BI-TREM,2025-02-14 00:00:00,ADRIANO,Manaus AM,Carazinho,RS,EXTRAPLAST F4,2025-02-14 00:00:00,09:00:00,2025-02-14 00:00:00,16:40:00,18:00:00,PERFORMANCE,FORA DO HR,01:20:00,04:00:00,PERFORMANCE,2CB342,1234,2025-02-18 00:00:00,ENT. REALIZADA ,2025-03-05 00:00:00,2025-03-05 00:00:00,ENT. REALIZADA ,4,15,0,19,20.0,PERFORMANCE,2278166,87027,22325.57,1201.3,,852.27,3324.43,,27703.57,0.07861802777043883,,2025-02-19 00:00:00,2025-03-17 00:00:00,FINANC 03/03,421.23716981132077,1.1825083874712947,31.0,fevereiro,fevereiro,2102.86,0.005967559627778838,29806.43,0.08458558739821767,562.3854716981132,1.2722675624685205,2025-03-05 00:00:00,2025-03-05 00:00:00,2025-03-17 00:00:00,7,2025,2025
1,VELD_INTERM,MSKU9512575702969,5AIBK7147,503,SILO,411371.4,26802.4,62,ALIANÇA,Cabotagem,PA/ PA,2025-02-18 00:00:00,LÚCIO,Manaus AM,Carazinho,RS,EXTRAPLAST F2,2025-02-18 00:00:00,10:00:00,2025-02-01 00:00:00,11:01:00,13:30:00,PERFORMANCE,FORA DO HR,02:29:00,03:00:00,PERFORMANCE,MSKU9512575,702969,2025-02-22 00:00:00,ENT. REALIZADA ,2025-03-16 00:00:00,2025-03-19 00:00:00,ENT. REALIZADA ,21,22,3,46,30.0,NÃO PERF.,929814,468366,11067.16,411.37,1030.0,395.0,1759.57,,14663.1,0.03564443225756579,,2025-02-27 00:00:00,2025-03-17 00:00:00,FINANC 03/03,178.5025806451613,0.547081604632421,44.0,fevereiro,fevereiro,3755.44,0.009129074116479658,18418.54,0.04477350637404545,297.0732258064516,0.6871974151568516,2025-03-16 00:00:00,2025-03-19 00:00:00,2025-03-17 00:00:00,5,2025,2025
1,VELD_INTERM,CAAU8272067 702976,5AIBK7147,504,LONA/ SACOS,278622.96,26252.2,72,ALIANÇA,Cabotagem,PA/ PA,2025-02-19 00:00:00,ADRIANO,Manaus AM,Carazinho,RS,EXTRAPLAST F4,2025-02-19 00:00:00,14:00:00,2025-02-19 00:00:00,14:00:00,16:30:00,PERFORMANCE,DENTRO DO HR,02:30:00,03:00:00,PERFORMANCE,CAAU8272067 ,702976,2025-02-22 00:00:00,ENT. REALIZADA ,2025-03-16 00:00:00,2025-03-21 00:00:00,ENT. REALIZADA ,3,22,5,30,30.0,PERFORMANCE,929815,468896,11067.16,278.62,1030.0,395.0,1741.47,,14512.25,0.05208562137161991,,2025-02-27 00:00:00,2025-03-17 00:00:00,FINANC 03/03,153.71055555555554,0.5528012890348237,26.0,fevereiro,fevereiro,662.49,0.0023777293874130113,15174.74,0.05446335075903292,210.7602777777778,0.5780368883369774,2025-03-16 00:00:00,2025-03-21 00:00:00,2025-03-17 00:00:00,8,2025,2025
1,VELD_INTERM,HASU5016752702993,5AMAK0626 ,508,LONA/ SACOS,289251.48,26890.8,83,ALIANÇA,Cabotagem,PA/ PA,2025-02-21 00:00:00,ADRIANO,Manaus AM,Carazinho,RS,EXTRAPLAST F4,2025-02-20 00:00:00,14:00:00,2025-02-20 00:00:00,14:00:00,17:30:00,PERFORMANCE,DENTRO DO HR,03:30:00,03:00:00,NÃO PERF.,HASU5016752,702993,2025-03-01 00:00:00,ENT. REALIZADA ,2025-03-23 00:00:00,2025-03-28 00:00:00,ENT. REALIZADA ,9,22,5,36,30.0,NÃO PERF.,934003,469674,11067.16,289.25,1030.0,395.0,1742.92,,14524.33,0.05021350279694334,,2025-03-06 00:00:00,2025-03-24 00:00:00,FINANC 21/03,133.33927710843372,0.5401226441757032,32.0,fevereiro,fevereiro,2165.04,0.007484974666335329,16689.37,0.05769847746327866,201.0767469879518,0.6206349383432251,2025-03-23 00:00:00,2025-03-28 00:00:00,2025-03-24 00:00:00,8,2025,2025
1,VELD_INTERM,MRKU3976160701791,5AIBK7738,509,LONA,393394.92,25519.4,61,ALIANÇA,Cabotagem,PA/ PA,2025-02-21 00:00:00,ADRIANO,Manaus AM,Carazinho,RS,EXTRAPLAST F4,2025-02-21 00:00:00,14:00:00,2025-02-21 00:00:00,14:00:00,19:50:00,PERFORMANCE,DENTRO DO HR,05:50:00,03:00:00,NÃO PERF.,MRKU3976160,701791,2025-03-21 00:00:00,ENT. REALIZADA ,2025-04-06 00:00:00,2025-04-10 00:00:00,ENT. REALIZADA ,28,16,4,48,30.0,NÃO PERF.,941234,469832,11067.16,393.39,1030.0,395.0,1757.12,,14642.669999999998,0.037221299146415004,,2025-03-20 00:00:00,2025-04-07 00:00:00,FINANC 21/03,181.42885245901638,0.5737858256855568,45.0,fevereiro,fevereiro,2251.29,0.005722722601501819,16893.96,0.042944021747916825,276.9501639344262,0.6620045925844651,2025-04-06 00:00:00,2025-04-10 00:00:00,2025-04-07 00:00:00,8,2025,2025
1,VELD_INTERM,PRL557-A474847,25003,512,MULCHING,227382.12,17096.4,1394,BERTOLINI,Rodoviário,BI-TREM,2025-02-24 00:00:00,ADRIANO,Manaus AM,Carazinho,RS,EXTRAPLAST F2,2025-02-24 00:00:00,10:00:00,2025-02-24 00:00:00,11:10:00,19:00:00,PERFORMANCE,FORA DO HR,07:50:00,04:00:00,NÃO PERF.,PRL557-A,474847,2025-02-26 00:00:00,ENT. REALIZADA ,2025-03-12 00:00:00,2025-03-12 00:00:00,ENT. REALIZADA ,2,14,0,16,20.0,PERFORMANCE,2281331,87696,15273.5,775.17,,578.97,2267.41,,18895.05,0.08309822249876112,,2025-02-25 00:00:00,2025-03-24 00:00:00,FINANC 03/03,10.956599713055954,1.1052063592335226,28.0,fevereiro,fevereiro,2737.27,0.012038193680312243,21632.32,0.09513641617907335,15.518163558106169,1.2653143351816756,2025-03-12 00:00:00,2025-03-12 00:00:00,2025-03-24 00:00:00,9,2025,2025
1,VELD_FINAL,PRL557-B474847,25004,76,WRAP,324000.0,21168.0,720,BERTOLINI,Rodoviário,BI-TREM,2025-02-24 00:00:00,ADRIANO,Manaus AM,Carazinho,RS,EXTRAPLAST F2,2025-02-24 00:00:00,10:00:00,2025-02-24 00:00:00,11:10:00,19:00:00,PERFORMANCE,FORA DO HR,07:50:00,04:00:00,NÃO PERF.,PRL557-B,474847,2025-02-26 00:00:00,ENT. REALIZADA ,2025-03-12 00:00:00,2025-03-12 00:00:00,ENT. REALIZADA ,2,14,0,16,20.0,PERFORMANCE,2281331,87697,22337.18,1104.54,,852.27,3312.82,,27606.81,0.08520620370370371,,2025-02-25 00:00:00,2025-03-24 00:00:00,FINANC 03/03,31.02386111111111,1.3041765873015874,28.0,fevereiro,fevereiro,99.76,0.00030790123456790125,27706.57,0.0855141049382716,38.48134722222222,1.3088893613000756,2025-03-12 00:00:00,2025-03-12 00:00:00,2025-03-24 00:00:00,9,2025,2025
0,VELD_FINAL,PRL557-B474847,25004,77,WRAP VERDE,121500.0,8070.2,270,BERTOLINI,Rodoviário,BI-TREM,2025-02-24 00:00:00,ADRIANO,Manaus AM,Carazinho,RS,EXTRAPLAST F2,2025-02-24 00:00:00,10:00:00,2025-02-24 00:00:00,11:10:00,19:00:00,PERFORMANCE,FORA DO HR,07:50:00,04:00:00,NÃO PERF.,PRL557-B,474847,2025-02-26 00:00:00,ENT. REALIZADA ,2025-03-12 00:00:00,2025-03-12 00:00:00,ENT. REALIZADA ,2,14,0,16,20.0,PERFORMANCE,2281331,87695,7203.03,415.11,,273.3,1076.1,,8967.539999999999,0.07380691358024691,,2025-02-25 00:00:00,2025-03-24 00:00:00,FINANC 03/03,26.677888888888887,1.1111917920249808,28.0,fevereiro,fevereiro,37.41,0.0003079012345679012,9004.949999999999,0.0741148148148148,33.35166666666666,1.1158273648732373,2025-03-12 00:00:00,2025-03-12 00:00:00,2025-03-24 00:00:00,9,2025,2025
1,VELD_INTERM,SUDU8500594701778,5AIBK8619,513,SILO,425806.7,27471.4,45,ALIANÇA,Cabotagem,PA/ PA,2025-02-25 00:00:00,ADRIANO,Manaus AM,Carazinho,RS,EXTRAPLAST F4,2025-02-25 00:00:00,14:00:00,2025-02-25 00:00:00,11:00:00,13:00:00,PERFORMANCE,DENTRO DO HR,02:00:00,03:00:00,PERFORMANCE,SUDU8500594,701778,2025-03-01 00:00:00,ENT. REALIZADA ,2025-03-23 00:00:00,2025-03-26 00:00:00,ENT. REALIZADA ,4,22,3,29,30.0,PERFORMANCE,934006,469673,11067.16,425.81,1030.0,395.0,1761.54,,14679.509999999998,0.03447458670800623,,2025-03-06 00:00:00,2025-03-24 00:00:00,FINANC 21/03,245.9368888888889,0.5343560939740966,27.0,fevereiro,fevereiro,4438.42,0.01042355604080443,19117.93,0.04489814274881067,424.8428888888889,0.6959212126065654,2025-03-23 00:00:00,2025-03-26 00:00:00,2025-03-24 00:00:00,9,2025,2025
1,VELD_INTERM,MRKU5214307701612,5AIBK8619,516,SILO,420561.5,27133.0,45,ALIANÇA,Cabotagem,PA/ PA,2025-02-26 00:00:00,ADRIANO,Manaus AM,Carazinho,RS,EXTRAPLAST F4,2025-02-26 00:00:00,14:00:00,2025-02-26 00:00:00,13:00:00,14:40:00,PERFORMANCE,DENTRO DO HR,01:40:00,03:00:00,PERFORMANCE,MRKU5214307,701612,2025-03-01 00:00:00,ENT. REALIZADA ,2025-03-23 00:00:00,2025-03-27 00:00:00,ENT. REALIZADA ,3,22,4,29,30.0,PERFORMANCE,934004,470120,11067.16,420.56,1030.0,395.0,1760.83,,14673.55,0.03489037869610033,,2025-03-06 00:00:00,2025-03-24 00:00:00,FINANC 21/03,245.9368888888889,0.5408008697895551,26.0,fevereiro,fevereiro,4382.08,0.01041959380494886,19055.629999999997,0.045309972501049185,423.4584444444444,0.7023045737662624,2025-03-23 00:00:00,2025-03-27 00:00:00,2025-03-24 00:00:00,9,2025,2025
1,VELD_INTERM,MRKU5626650704600,5AIBK8619,519,LONA,412795.3,27212.6,49,ALIANÇA,Cabotagem,PA/ PA,2025-02-27 00:00:00,ADRIANO,Manaus AM,Carazinho,RS,EXTRAPLAST F4,2025-02-27 00:00:00,14:00:00,2025-02-27 00:00:00,12:30:00,14:30:00,PERFORMANCE,DENTRO DO HR,02:00:00,03:00:00,PERFORMANCE,MRKU5626650,704600,2025-03-01 00:00:00,ENT. REALIZADA ,2025-03-23 00:00:00,2025-03-27 00:00:00,ENT. REALIZADA ,2,22,4,28,30.0,PERFORMANCE,934005,470119,11067.16,421.8,1030.0,395.0,1760.99,,14674.949999999999,0.03555018673904475,,2025-03-06 00:00:00,2025-03-24 00:00:00,FINANC 21/03,225.8604081632653,0.5392704115005549,25.0,fevereiro,fevereiro,4056.04,0.00982579016766906,18730.989999999998,0.04537597690671381,382.26510204081626,0.6883204838934904,2025-03-23 00:00:00,2025-03-27 00:00:00,2025-03-24 00:00:00,9,2025,2025
1,VELD_INTERM,MRSU7051480709333,5AIBK076X,522,SACO,59356.08,4710.8,498,ALIANÇA,Cabotagem,PA/ PA,2025-02-28 00:00:00,ADRIANO,Manaus AM,Carazinho,RS,EXTRAPLAST,2025-02-28 00:00:00,14:00:00,2025-02-28 00:00:00,13:00:00,16:30:00,PERFORMANCE,DENTRO DO HR,03:30:00,03:00:00,NÃO PERF.,MRSU7051480,709333,2025-03-22 00:00:00,ENT. REALIZADA ,2025-04-13 00:00:00,2025-04-17 00:00:00,ENT. REALIZADA ,22,22,4,48,30.0,NÃO PERF.,1157316,470396,2532.09,59.36,259.91,90.37,401.14,,3342.87,0.05631891459139485,,2025-03-26 00:00:00,2025-04-14 00:00:00,FINANC 01/04,5.084518072289157,0.7096183238515751,45.0,fevereiro,fevereiro,174.96,0.002947634008175742,3517.83,0.05926654859957059,7.063915662650603,0.7467585123545895,2025-04-13 00:00:00,2025-04-17 00:00:00,2025-04-14 00:00:00,9,2025,2025
0,VELD_FINAL,MRSU7051480709333,5AIBK076X,79,WRAP,240750.0,15879.0,615,ALIANÇA,Cabotagem,PA/ PA,2025-02-28 00:00:00,ADRIANO,Manaus AM,Carazinho,RS,EXTRAPLAST,2025-02-28 00:00:00,14:00:00,2025-02-28 00:00:00,13:00:00,16:30:00,PERFORMANCE,DENTRO DO HR,03:30:00,03:00:00,NÃO PERF.,MRSU7051480,709333,2025-03-22 00:00:00,ENT. REALIZADA ,2025-04-13 00:00:00,2025-04-17 00:00:00,ENT. REALIZADA ,22,22,4,48,30.0,NÃO PERF.,1157313,473245,8535.07,240.75,876.09,304.63,1357.71,,11314.25,0.046995846313603325,,2025-03-21 00:00:00,2025-04-14 00:00:00,FINANC 01/04,13.878162601626016,0.7125291265193022,45.0,fevereiro,fevereiro,87.04,0.00036153686396677055,11401.29,0.0473573831775701,18.53868292682927,0.7180105800113358,2025-04-13 00:00:00,2025-04-17 00:00:00,2025-04-14 00:00:00,9,2025,2025
1,VELD_FINAL,MSKU1530680709321,5AIBK9870 ,78,WRAP,364500.0,22450.0,810,ALIANÇA,Cabotagem,PA/ PA,2025-02-28 00:00:00,ADRIANO,Manaus AM,Holambra ,SP,EXTRAPLAST HOL,2025-02-28 00:00:00,11:00:00,2025-02-28 00:00:00,10:50:00,13:55:00,PERFORMANCE,DENTRO DO HR,03:05:00,03:00:00,NÃO PERF.,MSKU1530680,709321,2025-03-22 00:00:00,ENT. REALIZADA ,2025-04-04 00:00:00,2025-04-09 00:00:00,ENT. REALIZADA ,22,13,5,40,30.0,NÃO PERF.,1157315,473350,8400.0,364.5,1052.0,395.0,1392.48,,11603.98,0.03183533607681756,,2025-03-21 00:00:00,2025-04-14 00:00:00,FINANC 01/04,10.37037037037037,0.5168810690423162,45.0,fevereiro,fevereiro,114.13,0.0003131138545953361,11718.109999999999,0.032148449931412894,14.466802469135802,0.5219648106904231,2025-04-04 00:00:00,2025-04-09 00:00:00,2025-04-14 00:00:00,9,2025,2025
1,VELD_INTERM,CAAU8387831701680,5AIBK9840,525,LONA/ SACOS,285180.42,26273.6,112,ALIANÇA,Cabotagem,PA/ PA,2025-03-06 00:00:00,ADRIANO,Manaus AM,Carazinho,RS,EXTRAPLAST F4,2025-03-06 00:00:00,14:00:00,2025-03-06 00:00:00,11:56:00,15:45:00,PERFORMANCE,DENTRO DO HR,03:49:00,03:00:00,NÃO PERF.,CAAU8387831,701680,2025-03-08 00:00:00,ENT. REALIZADA ,2025-03-30 00:00:00,2025-04-04 00:00:00,ENT. REALIZADA ,2,22,5,29,30.0,PERFORMANCE,936719,471201,11067.16,258.18,1136.0,395.0,1756.82,,14613.16,0.05124180685335971,,2025-03-12 00:00:00,2025-03-31 00:00:00,FINANC 21/03,98.81392857142858,0.5561917666402777,25.0,março,março,686.37,0.002406792163361005,15299.53,0.05364859901672072,136.60294642857144,0.5823157085439377,2025-03-30 00:00:00,2025-04-04 00:00:00,2025-03-31 00:00:00,10,2025,2025
1,VELD_INTERM,HASU4623556709453,5AIBK9840,529,LOJA,302874.06,27201.2,549,ALIANÇA,Cabotagem,PA/ PA,2025-03-07 00:00:00,ADRIANO,Manaus AM,Carazinho,RS,EXTRAPLAST F4,2025-03-07 00:00:00,14:00:00,2025-03-07 00:00:00,15:17:00,19:00:00,PERFORMANCE,FORA DO HR,03:43:00,03:00:00,NÃO PERF.,HASU4623556,709453,2025-03-08 00:00:00,ENT. REALIZADA ,2025-03-30 00:00:00,2025-04-04 00:00:00,ENT. REALIZADA ,1,22,5,28,30.0,PERFORMANCE,936721,471238,11067.16,302.87,1136.0,395.0,1759.23,,14660.26,0.04840381510387519,,2025-03-12 00:00:00,2025-03-31 00:00:00,FINANC 21/03,20.158761384335154,0.5389563695719306,24.0,março,março,1802.88,0.005952573158625734,16463.14,0.05435638826250092,29.987504553734063,0.6052357984206579,2025-03-30 00:00:00,2025-04-04 00:00:00,2025-03-31 00:00:00,10,2025,2025
1,VELD_INTERM,UETU7267562 701683,5AIBK9840,527,LONA,286280.4,27264.8,57,ALIANÇA,Cabotagem,PA/ PA,2025-03-07 00:00:00,ADRIANO,Manaus AM,Carazinho,RS,EXTRAPLAST F4,2025-03-07 00:00:00,11:00:00,2025-03-07 00:00:00,13:02:00,18:09:00,PERFORMANCE,FORA DO HR,05:07:00,03:00:00,NÃO PERF.,UETU7267562 ,701683,2025-03-08 00:00:00,ENT. REALIZADA ,2025-03-30 00:00:00,2025-04-07 00:00:00,ENT. REALIZADA ,1,22,8,31,30.0,NÃO PERF.,936720,471258,11067.16,286.28,1136.0,395.0,1756.97,,14641.41,0.051143599072797155,,2025-03-12 00:00:00,2025-03-31 00:00:00,FINANC 21/03,194.16070175438597,0.5370077902643702,24.0,março,março,616.34,0.0021529241959980495,15257.75,0.05329652326879521,267.6798245614035,0.5596134943223497,2025-03-30 00:00:00,2025-04-07 00:00:00,2025-03-31 00:00:00,10,2025,2025
1,VELD_FINAL,HASU4610543 701711,5AIBK9928,80,LONA,331452.3,27750.0,690,ALIANÇA,Cabotagem,PA/ PA,2025-03-11 00:00:00,ADRIANO,Manaus AM,Lageado,RS,AGROKLEIN,2025-03-11 00:00:00,14:00:00,2025-03-11 00:00:00,16:30:00,17:40:00,PERFORMANCE,FORA DO HR,01:10:00,03:00:00,PERFORMANCE,HASU4610543 ,701711,2025-03-15 00:00:00,ENT. REALIZADA ,2025-04-06 00:00:00,2025-04-15 00:00:00,ENT. REALIZADA ,4,22,9,35,30.0,NÃO PERF.,941230,472043,10331.85,331.45,1136.0,395.0,1662.86,,13857.160000000002,0.041807403357888906,,2025-03-20 00:00:00,2025-04-07 00:00:00,FINANC 21/03,14.973695652173914,0.49935711711711717,27.0,março,março,2549.95,0.007693263857272977,16407.11,0.049500667215161887,23.778420289855074,0.5912472072072072,2025-04-06 00:00:00,2025-04-15 00:00:00,2025-04-07 00:00:00,11,2025,2025
1,VELD_INTERM,HASU40325957009117,5AIBK031S,530,LONA,275475.09,26630.0,216,ALIANÇA,Cabotagem,PA/ PA,2025-03-12 00:00:00,ADRIANO,Manaus AM,Carazinho,RS,EXTRAPLAST F4,2025-03-12 00:00:00,10:00:00,2025-03-12 00:00:00,15:50:00,17:29:00,PERFORMANCE,FORA DO HR,01:39:00,03:00:00,PERFORMANCE,HASU4032595,7009117,2025-03-15 00:00:00,ENT. REALIZADA ,2025-04-06 00:00:00,2025-04-14 00:00:00,ENT. REALIZADA ,3,22,8,33,30.0,NÃO PERF.,941233,472008,11067.16,275.48,1136.0,395.0,1755.5,,14629.14,0.053105128307608496,,2025-03-20 00:00:00,2025-04-07 00:00:00,FINANC 21/03,51.23685185185185,0.5493481036425084,26.0,março,março,1424.51,0.005171102766496963,16053.65,0.05827623107410546,74.3224537037037,0.6028407810739767,2025-04-06 00:00:00,2025-04-14 00:00:00,2025-04-07 00:00:00,11,2025,2025
1,VELD_INTERM,MRKU46328807009142,5AIBK031S,531,LONA,293469.12,27750.0,66,ALIANÇA,Cabotagem,PA/ PA,2025-03-12 00:00:00,ADRIANO,Manaus AM,Carazinho,RS,EXTRAPLAST F4,2025-03-12 00:00:00,14:00:00,2025-03-12 00:00:00,16:16:00,18:30:00,PERFORMANCE,FORA DO HR,02:14:00,03:00:00,PERFORMANCE,MRKU4632880,7009142,2025-03-15 00:00:00,ENT. REALIZADA ,2025-04-06 00:00:00,2025-04-11 00:00:00,ENT. REALIZADA ,3,22,5,30,30.0,PERFORMANCE,941235,472246,11067.16,293.47,1136.0,395.0,1757.95,,14649.58,0.04991864220671667,,2025-03-20 00:00:00,2025-04-07 00:00:00,FINANC 21/03,167.68424242424243,0.5279127927927928,26.0,março,março,3400.73,0.01158803352121,18050.31,0.06150667572792668,273.48954545454546,0.6504616216216217,2025-04-06 00:00:00,2025-04-11 00:00:00,2025-04-07 00:00:00,11,2025,2025
1,VELD_INTERM,MRKU4123305701691,5AIBK133B,535,SACO,39865.14,3500.0,32,ALIANÇA,Cabotagem,PA/ PA,2025-03-13 00:00:00,ADRIANO,Manaus AM,Carazinho,RS,EXTRAPLAST F2,2025-03-13 00:00:00,10:00:00,2025-03-13 00:00:00,14:35:00,16:30:00,PERFORMANCE,FORA DO HR,01:55:00,03:00:00,PERFORMANCE,MRKU4123305,701691,2025-03-22 00:00:00,ENT. REALIZADA ,2025-04-19 00:00:00,2025-04-29 00:00:00,ENT. REALIZADA ,9,28,10,47,30.0,NÃO PERF.,954246,472042,1594.44,39.86,163.66,56.91,252.94,,2107.81,0.05287351304924553,,2025-04-12 00:00:00,2025-05-02 00:00:00,ENC FINC 17/04,49.82625,0.6022314285714285,50.0,março,março,243.16,0.006099564682326464,2350.97,0.05897307773157199,73.4678125,0.6717057142857142,2025-04-19 00:00:00,2025-04-29 00:00:00,2025-05-02 00:00:00,11,2025,2025
0,VELD_FINAL,MRKU4123305701691,5AIBK133B,81,WRAP,284145.82,18800.0,645,ALIANÇA,Cabotagem,PA/ PA,2025-03-13 00:00:00,ADRIANO,Manaus AM,Carazinho,RS,EXTRAPLAST F2,2025-03-13 00:00:00,10:00:00,2025-03-13 00:00:00,14:35:00,16:30:00,PERFORMANCE,FORA DO HR,01:55:00,03:00:00,PERFORMANCE,MRKU4123305,701691,2025-03-22 00:00:00,ENT. REALIZADA ,2025-04-19 00:00:00,2025-04-29 00:00:00,ENT. REALIZADA ,9,28,10,47,30.0,NÃO PERF.,1167987,472041,9472.72,284.15,972.34,338.09,1509.18,,12576.48,0.04426065461740736,,2025-04-12 00:00:00,2025-05-02 00:00:00,ENC FINC 17/04,14.686387596899223,0.6689617021276596,50.0,março,março,2659.9,0.009361038638541295,15236.38,0.05362169325594865,23.62229457364341,0.8104457446808511,2025-04-19 00:00:00,2025-04-29 00:00:00,2025-05-02 00:00:00,11,2025,2025
1,VELD_FINAL,SEKU4469068701767,5AIBK076X,82,WRAP,303750.0,19732.4,675,ALIANÇA,Cabotagem,PA/ PA,2025-03-18 00:00:00,ADRIANO,Manaus AM,Carazinho,RS,EXTRAPLAST F2,2025-03-18 00:00:00,15:00:00,2025-03-18 00:00:00,16:45:00,17:30:00,PERFORMANCE,FORA DO HR,00:45:00,03:00:00,PERFORMANCE,SEKU4469068,701767,2025-03-22 00:00:00,ENT. REALIZADA ,2025-04-13 00:00:00,2025-04-16 00:00:00,ENT. REALIZADA ,4,22,3,29,30.0,PERFORMANCE,1157314,473255,9751.68,303.75,1000.97,348.05,1555.15,,12959.599999999999,0.04266534979423868,,2025-03-26 00:00:00,2025-04-14 00:00:00,FINANC 01/04,14.446933333333334,0.6567675498165453,27.0,março,março,92.86,0.0003057119341563786,13052.46,0.04297106172839506,19.336977777777776,0.6614735156392532,2025-04-13 00:00:00,2025-04-16 00:00:00,2025-04-14 00:00:00,12,2025,2025
0,VELD_INTERM,SEKU4469068701767,5AIBK076X,539,LONA,28438.2,2708.4,7,ALIANÇA,Cabotagem,PA/ PA,2025-03-18 00:00:00,ADRIANO,Manaus AM,Carazinho,RS,EXTRAPLAST F2,2025-03-18 00:00:00,15:00:00,2025-03-18 00:00:00,16:45:00,17:30:00,PERFORMANCE,FORA DO HR,00:45:00,03:00:00,PERFORMANCE,SEKU4469068,701767,2025-03-22 00:00:00,ENT. REALIZADA ,2025-04-13 00:00:00,2025-04-16 00:00:00,ENT. REALIZADA ,4,22,3,29,30.0,PERFORMANCE,1157317,473256,1315.48,28.44,135.03,46.95,208.8,,1734.7,0.06099893804811837,,2025-03-21 00:00:00,2025-04-14 00:00:00,FINANC 01/04,187.9257142857143,0.640488849505243,27.0,março,março,71.08,0.0024994549584713517,1805.78,0.06349839300658973,257.9685714285714,0.6667331265691921,2025-04-13 00:00:00,2025-04-16 00:00:00,2025-04-14 00:00:00,12,2025,2025
1,VELD_INTERM,MRKU2113139706590,5AIBK126K,543,,389764.24,27253.4,238,ALIANÇA,Cabotagem,PA/ PA,2025-03-25 00:00:00,ADRIANO,Manaus AM,Carazinho,RS,EXTRAPLAST F4,2025-03-25 00:00:00,15:00:00,2025-03-25 00:00:00,15:30:00,18:30:00,PERFORMANCE,FORA DO HR,03:00:00,03:00:00,PERFORMANCE,MRKU2113139,706590,2025-03-29 00:00:00,ENT. REALIZADA ,2025-04-19 00:00:00,2025-04-25 00:00:00,ENT. REALIZADA ,4,21,6,31,30.0,NÃO PERF.,1167989,474272,11067.16,389.76,1136.0,395.0,1771.08,,14759.0,0.03786648051652969,,2025-04-12 00:00:00,2025-05-02 00:00:00,ENC FINC 17/04,46.500672268907564,0.5415471097184205,38.0,março,março,3025.76,0.007763051838721788,17784.760000000002,0.04562953235525148,74.72588235294118,0.6525703215011706,2025-04-19 00:00:00,2025-04-25 00:00:00,2025-05-02 00:00:00,13,2025,2025
1,VELD_INTERM,MRKU3573057 706468,5AIBK133B,544,,294352.55,22004.3,103,ALIANÇA,Cabotagem,PA/ PA,2025-03-26 00:00:00,ADRIANO,Manaus AM,Carazinho,RS,EXTRAPLAST F4,2025-03-26 00:00:00,15:00:00,2025-03-26 00:00:00,15:00:00,18:00:00,PERFORMANCE,DENTRO DO HR,03:00:00,03:00:00,PERFORMANCE,MRKU3573057 ,706468,2025-03-29 00:00:00,ENT. REALIZADA ,2025-04-19 00:00:00,2025-05-05 00:00:00,ENT. REALIZADA ,3,21,16,40,30.0,NÃO PERF.,1167988,474005,11067.16,294.35,1136.0,395.0,1758.07,,14650.58,0.049772220420716586,,2025-04-12 00:00:00,2025-05-02 00:00:00,ENC FINC 17/04,107.44815533980582,0.6658053198692983,37.0,março,março,2604.96,0.008849795933481806,17255.54,0.0586220163541984,167.5295145631068,0.784189453879469,2025-04-19 00:00:00,2025-05-05 00:00:00,2025-05-02 00:00:00,13,2025,2025
1,VELD_INTERM,SUDU6875117708163,5AIBK150U,545,,409223.9,26805.8,70,ALIANÇA,Cabotagem,PA/ PA,2025-03-28 00:00:00,ADRIANO,Manaus AM,Carazinho,RS,EXTRAPLAST F4,2025-03-28 00:00:00,15:00:00,2025-03-28 00:00:00,15:00:00,18:10:00,PERFORMANCE,DENTRO DO HR,03:10:00,03:00:00,NÃO PERF.,SUDU6875117,708163,2025-04-08 00:00:00,ENT. REALIZADA ,2025-04-27 00:00:00,2025-05-05 00:00:00,ENT. REALIZADA ,11,19,8,38,30.0,NÃO PERF.,953152,475189,11067.16,409.22,1136.0,395.0,1773.73,,14781.109999999999,0.03611986005704945,CUSTO EXTRA COM DD,2025-04-10 00:00:00,2025-04-28 00:00:00,ENC FINC 17/04,158.1022857142857,0.5514146192241978,31.0,março,março,3909.22,0.009552765613152114,18690.329999999998,0.04567262567020156,267.0047142857143,0.697249475859702,2025-04-27 00:00:00,2025-05-05 00:00:00,2025-04-28 00:00:00,13,2025,2025
1,VELD_INTERM,MIEU0054783708199,5AIBK150U,546,,304561.25,23296.5,67,ALIANÇA,Cabotagem,PA/ PA,2025-03-28 00:00:00,ADRIANO,Manaus AM,Carazinho,RS,EXTRAPLAST F4,2025-03-28 00:00:00,15:00:00,2025-03-28 00:00:00,15:00:00,18:10:00,PERFORMANCE,DENTRO DO HR,03:10:00,03:00:00,NÃO PERF.,MIEU0054783,708199,2025-04-08 00:00:00,ENT. REALIZADA ,2025-04-27 00:00:00,2025-05-05 00:00:00,ENT. REALIZADA ,11,19,8,38,30.0,NÃO PERF.,953148,475216,11067.16,304.56,1136.0,395.0,1759.46,,14662.18,0.048141974725937724,,2025-04-10 00:00:00,2025-04-28 00:00:00,ENC FINC 17/04,165.18149253731343,0.6293726525443736,31.0,março,março,3240.33,0.010639337735841312,17902.510000000002,0.05878131246177904,267.2016417910448,0.7684635031013243,2025-04-27 00:00:00,2025-05-05 00:00:00,2025-04-28 00:00:00,13,2025,2025
1,VELD_INTERM,MRSU4698914204363,5AIBK178I,547,,403978.2,26746.0,47,ALIANÇA,Cabotagem,PA/ PA,2025-04-02 00:00:00,ADRIANO,Manaus AM,Carazinho,RS,EXTRAPLAST F4,2025-04-02 00:00:00,08:00:00,2025-04-02 00:00:00,08:00:00,10:00:00,PERFORMANCE,DENTRO DO HR,02:00:00,03:00:00,PERFORMANCE,MRSU4698914,204363,2025-04-08 00:00:00,ENT. REALIZADA ,2025-04-27 00:00:00,2025-05-06 00:00:00,ENT. REALIZADA ,6,19,9,34,30.0,NÃO PERF.,953151,474998,11067.16,403.98,1136.0,395.0,1773.02,,14775.16,0.0365741517735363,,2025-04-10 00:00:00,2025-04-28 00:00:00,ENC FINC 17/04,235.4714893617021,0.55242503551933,26.0,abril,abril,4137.86,0.010242780427260678,18913.02,0.046816932200796975,402.40468085106386,0.7071345247887535,2025-04-27 00:00:00,2025-05-06 00:00:00,2025-04-28 00:00:00,14,2025,2025
1,VELD_INTERM,TCKU6891505704750,5AIBK178I,548,,308329.4,22350.0,134,ALIANÇA,Cabotagem,PA/ PA,2025-04-02 00:00:00,ADRIANO,Manaus AM,Carazinho,RS,EXTRAPLAST F4,2025-04-02 00:00:00,08:00:00,2025-04-02 00:00:00,08:00:00,10:00:00,PERFORMANCE,DENTRO DO HR,02:00:00,03:00:00,PERFORMANCE,TCKU6891505,704750,2025-04-08 00:00:00,ENT. REALIZADA ,2025-04-27 00:00:00,2025-05-06 00:00:00,ENT. REALIZADA ,6,19,9,34,30.0,NÃO PERF.,1166697,475167,11067.16,308.33,1136.0,395.0,1759.98,,14666.47,0.04756753653722285,,2025-04-03 00:00:00,2025-04-28 00:00:00,ENC FINC 17/04,82.59074626865672,0.6562178970917225,26.0,abril,abril,3052.95,0.009901585771580653,17719.42,0.057469122308803494,132.2344776119403,0.7928152125279642,2025-04-27 00:00:00,2025-05-06 00:00:00,2025-04-28 00:00:00,14,2025,2025
1,VELD_INTERM,MRKU4325271205333,5AIBK190C,549,,314790.04,24267.4,166,ALIANÇA,Cabotagem,PA/ PA,2025-04-03 00:00:00,ADRIANO,Manaus AM,Carazinho,RS,EXTRAPLAST F4,2025-04-03 00:00:00,08:00:00,2025-04-02 00:00:00,08:00:00,10:00:00,PERFORMANCE,DENTRO DO HR,02:00:00,03:00:00,PERFORMANCE,MRKU4325271,205333,2025-04-08 00:00:00,ENT. REALIZADA ,2025-04-27 00:00:00,2025-05-07 00:00:00,ENT. REALIZADA ,6,19,10,35,30.0,NÃO PERF.,953150,475215,11067.16,314.79,1136.0,395.0,1760.86,,14673.810000000001,0.04661459428640119,,2025-04-10 00:00:00,2025-04-28 00:00:00,ENC FINC 17/04,66.66963855421686,0.604671699481609,26.0,abril,abril,2930.94,0.009310777431204622,17604.75,0.05592537171760581,106.05271084337349,0.7254485441374025,2025-04-27 00:00:00,2025-05-07 00:00:00,2025-04-28 00:00:00,14,2025,2025
1,VELD_INTERM,UETU7315070709661,5AIBK242U,552,,293168.4,27920.8,63,ALIANÇA,Cabotagem,PA/ PA,2025-04-11 00:00:00,ADRIANO,Manaus AM,Carazinho,RS,EXTRAPLAST F4,2025-04-11 00:00:00,10:00:00,2025-04-11 00:00:00,11:10:00,15:10:00,PERFORMANCE,FORA DO HR,04:00:00,03:00:00,NÃO PERF.,UETU7315070,709661,2025-04-19 00:00:00,ENT. REALIZADA ,2025-05-11 00:00:00,2025-05-19 00:00:00,ENT. REALIZADA ,8,22,8,38,30.0,NÃO PERF.,1175309,476816,11067.16,293.17,1136.0,395.0,1757.91,,14649.24,0.04996868693897432,,2025-04-23 00:00:00,2025-05-12 00:00:00,ENC FINC 02/05,175.66920634920635,0.5246712128592304,31.0,abril,abril,692.98,0.0023637608964676956,15342.22,0.05233244783544201,243.52730158730157,0.5494907022721411,2025-05-11 00:00:00,2025-05-19 00:00:00,2025-05-12 00:00:00,15,2025,2025
1,VELD_INTERM,MRKU3424074705050, 5AIBK279D,557,,283647.0,27014.0,58,ALIANÇA,Cabotagem,PA/ PA,2025-04-16 00:00:00,ADRIANO,Manaus AM,Carazinho,RS,EXTRAPLAST F4,2025-04-16 00:00:00,16:00:00,2025-04-16 00:00:00,08:00:00,08:50:00,PERFORMANCE,DENTRO DO HR,00:50:00,03:00:00,PERFORMANCE,MRKU3424074,705050,2025-04-22 00:00:00,ENT. REALIZADA ,2025-05-11 00:00:00,2025-05-20 00:00:00,ENT. REALIZADA ,6,19,9,34,30.0,NÃO PERF.,1175311,477043,11067.16,283.65,1136.0,395.0,1756.61,,14638.42,0.051607878807108834,,2025-04-23 00:00:00,2025-05-12 00:00:00,ENC FINC 02/05,190.81310344827585,0.5418827274746428,26.0,abril,abril,622.53,0.0021947350051296152,15260.95,0.053802613812238456,263.1198275862069,0.5649274450285038,2025-05-11 00:00:00,2025-05-20 00:00:00,2025-05-12 00:00:00,16,2025,2025
1,VELD_INTERM,HASU4207013622566,5AIBK283F,558,MENSAL,424844.15,27409.3,49,ALIANÇA,Cabotagem,PA/ PA,2025-04-22 00:00:00,ADRIANO,Manaus AM,Carazinho,RS,EXTRAPLAST F4,2025-04-22 00:00:00,14:00:00,2025-04-22 00:00:00,12:00:00,14:00:00,PERFORMANCE,DENTRO DO HR,02:00:00,03:00:00,PERFORMANCE,HASU4207013,622566,2025-04-29 00:00:00,ENT. REALIZADA ,2025-05-18 00:00:00,2025-05-22 00:00:00,ENT. REALIZADA ,7,19,4,30,30.0,PERFORMANCE,1179664,477867,11067.16,424.84,1136.0,395.0,1775.86,,14798.86,0.034833620752457106,,2025-04-30 00:00:00,2025-05-19 00:00:00,ENC FINC 02/05,225.8604081632653,0.5399211216630851,27.0,abril,abril,0,0.0,14798.86,0.034833620752457106,302.0175510204082,0.5399211216630851,2025-05-18 00:00:00,2025-05-22 00:00:00,2025-05-19 00:00:00,17,2025,2025
0,VELD_FINAL,TCKU6866945709333,5AIBK076X,83,MENSAL,19800.0,1300.0,60,ALIANÇA,Cabotagem,PA/ PA,2025-04-23 00:00:00,ADRIANO,Manaus AM,Carazinho,RS,EXTRAPLAST,2025-02-28 00:00:00,14:00:00,2025-02-28 00:00:00,13:00:00,16:30:00,PERFORMANCE,DENTRO DO HR,03:30:00,03:00:00,NÃO PERF.,TCKU6866945,709333,2025-03-22 00:00:00,ENT. REALIZADA ,2025-04-13 00:00:00,2025-04-17 00:00:00,ENT. REALIZADA ,22,22,4,48,30.0,NÃO PERF.,1179665,,,,,,,,0.1,5.050505050505051e-06,,,,FINANC 01/04,0,7.692307692307693e-05,45.0,fevereiro,fevereiro,,0.0,0.1,5.050505050505051e-06,0.0016666666666666668,7.692307692307693e-05,2025-04-13 00:00:00,2025-04-17 00:00:00,00:00:00,9,2025,2025
1,VELD_INTERM,TCKU6866945207043,5AIBK283F,559,MENSAL,421144.3,27170.6,46,ALIANÇA,Cabotagem,PA/ PA,2025-04-23 00:00:00,ADRIANO,Manaus AM,Carazinho,RS,EXTRAPLAST F4,2025-04-23 00:00:00,14:00:00,2025-04-23 00:00:00,14:30:00,16:00:00,PERFORMANCE,FORA DO HR,01:30:00,03:00:00,PERFORMANCE,TCKU6866945,207043,2025-04-29 00:00:00,ENT. REALIZADA ,2025-05-18 00:00:00,2025-05-28 00:00:00,ENT. REALIZADA ,6,19,10,35,30.0,NÃO PERF.,1179665,477868,11067.16,421.14,1136.0,395.0,1775.36,,14794.66,0.035129669331865586,,2025-04-30 00:00:00,2025-05-19 00:00:00,ENC FINC 02/05,240.5904347826087,0.5445098746439166,26.0,abril,abril,0,0.0,14794.66,0.035129669331865586,321.62304347826085,0.5445098746439166,2025-05-18 00:00:00,2025-05-28 00:00:00,2025-05-19 00:00:00,17,2025,2025
1,VELD_INTERM,MSKU1149587620839,5AIBK283F,560,MENSAL,369767.07,26025.49,73,ALIANÇA,Cabotagem,PA/ PA,2025-04-24 00:00:00,ADRIANO,Manaus AM,Carazinho,RS,EXTRAPLAST F4,2025-04-24 00:00:00,14:00:00,2025-04-24 00:00:00,14:00:00,16:00:00,PERFORMANCE,DENTRO DO HR,02:00:00,03:00:00,PERFORMANCE,MSKU1149587,620839,2025-04-29 00:00:00,ENT. REALIZADA ,2025-05-18 00:00:00,2025-05-26 00:00:00,ENT. REALIZADA ,5,19,8,32,30.0,NÃO PERF.,1179666,477869,11067.16,369.77,1136.0,395.0,1768.35,,14736.28,0.039852872782857596,,2025-04-30 00:00:00,2025-05-19 00:00:00,ENC FINC 02/05,151.6049315068493,0.566224881836999,25.0,abril,abril,0,0.0,14736.28,0.039852872782857596,201.8668493150685,0.566224881836999,2025-05-18 00:00:00,2025-05-26 00:00:00,2025-05-19 00:00:00,17,2025,2025
0,VELD_FINAL,MRKU3585905625098,5AMAK1670,84,MENSAL,19350.0,1229.0,43,ALIANÇA,Cabotagem,PA/ PA,2025-04-30 00:00:00,ADRIANO,Manaus AM,Carazinho,RS,EXTRAPLAST F4,2025-04-30 00:00:00,10:00:00,2025-04-30 00:00:00,13:00:00,13:55:00,PERFORMANCE,FORA DO HR,00:55:00,03:00:00,PERFORMANCE,MRKU3585905,625098,2025-05-03 00:00:00,ENT. REALIZADA ,2025-05-25 00:00:00,2025-06-02 00:00:00,ENT. REALIZADA ,3,22,8,33,30.0,NÃO PERF.,1184418,478879,626.66,19.35,64.32,22.37,99.91,,832.6099999999999,0.04302894056847545,,2025-05-07 00:00:00,2025-05-26 00:00:00,ENC FINC 22/05,14.573488372093022,0.6774694873881203,26.0,abril,abril,0,0.0,832.6099999999999,0.04302894056847545,19.36302325581395,0.6774694873881203,2025-05-25 00:00:00,2025-06-02 00:00:00,2025-05-26 00:00:00,18,2025,2025
1,VELD_INTERM,MRKU3585905625098,5AMAK1670,568,MENSAL,343606.6,20593.3,101,ALIANÇA,Cabotagem,PA/ PA,2025-04-30 00:00:00,ADRIANO,Manaus AM,Carazinho,RS,EXTRAPLAST F4,2025-04-30 00:00:00,10:00:00,2025-04-30 00:00:00,13:00:00,13:55:00,PERFORMANCE,FORA DO HR,00:55:00,03:00:00,PERFORMANCE,MRKU3585905,625098,2025-05-03 00:00:00,ENT. REALIZADA ,2025-05-25 00:00:00,2025-06-02 00:00:00,ENT. REALIZADA ,3,22,8,33,30.0,NÃO PERF.,1184419,478880,10440.5,343.61,1071.68,372.63,1667.51,,13895.93,0.0404413943154759,,2025-05-07 00:00:00,2025-05-26 00:00:00,ENC FINC 22/05,103.37128712871286,0.6747791757513366,26.0,abril,abril,0,0.0,13895.93,0.0404413943154759,137.58346534653467,0.6747791757513366,2025-05-25 00:00:00,2025-06-02 00:00:00,2025-05-26 00:00:00,18,2025,2025
1,VELD_FINAL,MRKU2654719625086,5AMAK1771 ,85,MENSAL,110160.0,12438.0,265,ALIANÇA,Cabotagem,PA/ PA,2025-04-30 00:00:00,ADRIANO,Manaus AM,Anta Gorda,RS,DIAMAJU AGRICOLA LTDA,2025-04-30 00:00:00,15:00:00,2025-04-30 00:00:00,15:00:00,20:50:00,PERFORMANCE,DENTRO DO HR,05:50:00,03:00:00,NÃO PERF.,MRKU2654719,625086,2025-05-03 00:00:00,ENT. REALIZADA ,2025-05-29 00:00:00,2025-06-04 00:00:00,ENT. REALIZADA ,3,26,6,35,30.0,NÃO PERF.,1184416,478865,5073.84,110.16,577.05,200.65,812.96,,6774.66,0.061498366013071896,,2025-05-07 00:00:00,2025-05-26 00:00:00,ENC FINC 22/05,19.146566037735848,0.5446743849493487,26.0,abril,abril,,0.0,6774.66,0.061498366013071896,25.56475471698113,0.5446743849493487,2025-05-29 00:00:00,2025-06-04 00:00:00,2025-05-26 00:00:00,18,2025,2025
0,VELD_FINAL,MRKU2654719625086,5AMAK1771 ,86,MENSAL,66393.5,7502.6,167,ALIANÇA,Cabotagem,PA/ PA,2025-04-30 00:00:00,ADRIANO,Manaus AM,Guarapuava,PR,DIAMAJU AGRICOLA LTDA,2025-04-30 00:00:00,15:00:00,2025-04-30 00:00:00,15:00:00,20:50:00,PERFORMANCE,DENTRO DO HR,05:50:00,03:00:00,NÃO PERF.,MRKU2654719,625086,2025-05-03 00:00:00,ENT. REALIZADA ,2025-05-29 00:00:00,2025-06-04 00:00:00,ENT. REALIZADA ,3,26,6,35,30.0,NÃO PERF.,1184417,478866,3062.15,66.4,348.26,121.09,490.62,409.09,4497.610000000001,0.06774172170468495,Custo Extra Estadia Destino,2025-05-07 00:00:00,2025-05-26 00:00:00,ENC FINC 22/05,18.33622754491018,0.5994735158478395,26.0,abril,abril,,0.0,4497.610000000001,0.06774172170468495,26.931796407185633,0.5994735158478395,2025-05-29 00:00:00,2025-06-04 00:00:00,2025-05-26 00:00:00,18,2025,2025
0,VELD_FINAL,MRKU2654719625086,5AMAK1771 ,87,MENSAL,42075.0,4539.6,100,ALIANÇA,Cabotagem,PA/ PA,2025-04-30 00:00:00,ADRIANO,Manaus AM,Curitibanos,SC,DIAMAJU AGRICOLA LTDA,2025-04-30 00:00:00,15:00:00,2025-04-30 00:00:00,15:00:00,20:50:00,PERFORMANCE,DENTRO DO HR,05:50:00,03:00:00,NÃO PERF.,MRKU2654719,625086,2025-05-03 00:00:00,ENT. REALIZADA ,2025-05-29 00:00:00,2025-06-04 00:00:00,ENT. REALIZADA ,3,26,6,35,30.0,NÃO PERF.,1184415,478864,1852.5,42.08,210.69,73.26,297.07,,2475.6000000000004,0.058837789661319084,,2025-05-07 00:00:00,2025-05-26 00:00:00,ENC FINC 22/05,18.525,0.5453343906952155,26.0,abril,abril,,0.0,2475.6000000000004,0.058837789661319084,24.756000000000004,0.5453343906952155,2025-05-29 00:00:00,2025-06-04 00:00:00,2025-05-26 00:00:00,18,2025,2025
1,VELD_INTERM,MRSU4861180625456,5AIBK388A,575,MENSAL,394698.7,27220.7,74,ALIANÇA,Cabotagem,PA/ PA,2025-05-07 00:00:00,ADRIANO,Manaus AM,Carazinho,RS,EXTRAPLAST F4,2025-05-07 00:00:00,10:00:00,2025-05-07 00:00:00,10:00:00,13:00:00,PERFORMANCE,DENTRO DO HR,03:00:00,03:00:00,PERFORMANCE,MRSU4861180,625456,2025-05-10 00:00:00,ENT. REALIZADA ,2025-06-01 00:00:00,2025-06-05 00:00:00,ENT. REALIZADA ,3,22,4,29,30.0,PERFORMANCE,1191371,479814,11067.16,394.7,1064.0,395.0,1761.94,,14682.800000000001,0.03720002118071329,,2025-05-20 00:00:00,2025-06-09 00:00:00,ENC FINC 22/05,149.55621621621623,0.53939832553902,33.0,maio,maio,,0.0,14682.800000000001,0.03720002118071329,198.41621621621624,0.53939832553902,2025-06-01 00:00:00,2025-06-05 00:00:00,2025-06-09 00:00:00,19,2025,2025
1,VELD_INTERM,MRKU3213235 625835,5AIBK388A,576,MENSAL,391111.41,26973.2,75,ALIANÇA,Cabotagem,PA/ PA,2025-05-07 00:00:00,ADRIANO,Manaus AM,Carazinho,RS,EXTRAPLAST F4,2025-05-07 00:00:00,14:00:00,2025-05-07 00:00:00,14:00:00,17:20:00,PERFORMANCE,DENTRO DO HR,03:20:00,03:00:00,NÃO PERF.,MRKU3213235 ,625835,2025-05-10 00:00:00,ENT. REALIZADA ,2025-06-01 00:00:00,2025-06-09 00:00:00,ENT. REALIZADA ,3,22,8,33,30.0,NÃO PERF.,1191372,479844,11067.16,391.11,1064.0,395.0,1761.45,,14678.720000000001,0.03753078950061826,,2025-05-20 00:00:00,2025-06-09 00:00:00,ENC FINC 22/05,147.56213333333332,0.5441964616730681,33.0,maio,maio,,0.0,14678.720000000001,0.03753078950061826,195.71626666666668,0.5441964616730681,2025-06-01 00:00:00,2025-06-09 00:00:00,2025-06-09 00:00:00,19,2025,2025
1,VELD_INTERM,EJY3948471092,25005,579,MENSAL,361311.0,24918.0,54,BERTOLINI,Rodoviário,BI-TREM,2025-05-08 00:00:00,ADRIANO,Manaus AM,Carazinho,RS,EXTRAPLAST F4,2025-05-08 00:00:00,13:00:00,2025-05-08 00:00:00,13:00:00,16:30:00,PERFORMANCE,DENTRO DO HR,03:30:00,04:00:00,PERFORMANCE,EJY3948,471092,2025-05-09 00:00:00,ENT. REALIZADA ,2025-05-21 00:00:00,2025-05-23 00:00:00,ENT. REALIZADA ,1,12,2,15,20.0,PERFORMANCE,2314657,93639,24086.48,1847.61,,940.91,3664.77,,30539.77,0.0845248829955357,,2025-05-09 00:00:00,2025-06-05 00:00:00,ENC FINC 22/05,446.0459259259259,1.2256108034352677,28.0,maio,maio,,0.0,30539.77,0.0845248829955357,565.5512962962963,1.2256108034352677,2025-05-21 00:00:00,2025-05-23 00:00:00,2025-06-05 00:00:00,19,2025,2025
1,VELD_INTERM,QZS9E18471093,25006,581,MENSAL,332612.6,22938.8,49,BERTOLINI,Rodoviário,BI-TREM,2025-05-08 00:00:00,ADRIANO,Manaus AM,Carazinho,RS,EXTRAPLAST F4,2025-05-08 00:00:00,13:00:00,2025-05-08 00:00:00,13:00:00,17:30:00,PERFORMANCE,DENTRO DO HR,04:30:00,04:00:00,NÃO PERF.,QZS9E18,471093,2025-05-09 00:00:00,ENT. REALIZADA ,2025-05-21 00:00:00,2025-05-23 00:00:00,ENT. REALIZADA ,1,12,2,15,20.0,PERFORMANCE,2314657,93638,24104.1,1700.86,,940.91,3647.16,,30393.03,0.09137666462425056,,2025-05-09 00:00:00,2025-06-05 00:00:00,ENC FINC 22/05,491.9204081632653,1.324961637051633,28.0,maio,maio,,0.0,30393.03,0.09137666462425056,620.2659183673469,1.324961637051633,2025-05-21 00:00:00,2025-05-23 00:00:00,2025-06-05 00:00:00,19,2025,2025
1,VELD_INTERM,MRSU6617341204199,5AIBK388A,587,MENSAL,305018.48,21653.0,227,ALIANÇA,Cabotagem,PA/ PA,2025-05-09 00:00:00,ADRIANO,Manaus AM,Carazinho,RS,EXTRAPLAST F4,2025-05-09 00:00:00,14:00:00,2025-05-09 00:00:00,14:00:00,16:00:00,PERFORMANCE,DENTRO DO HR,02:00:00,03:00:00,PERFORMANCE,MRSU6617341,204199,2025-05-10 00:00:00,ENT. REALIZADA ,2025-06-01 00:00:00,2025-06-06 00:00:00,ENT. REALIZADA ,1,22,5,28,30.0,PERFORMANCE,1191370,479813,11067.16,305.02,1064.0,395.0,1749.71,,14580.89,0.04780330031150899,,2025-05-20 00:00:00,2025-06-09 00:00:00,ENC FINC 22/05,48.754008810572685,0.6733889068489355,31.0,maio,maio,,0.0,14580.89,0.04780330031150899,64.23299559471366,0.6733889068489355,2025-06-01 00:00:00,2025-06-06 00:00:00,2025-06-09 00:00:00,19,2025,2025
1,VELD_INTERM,UETU6952807709663,5AIBK245N,591,MENSAL,201912.0,16444.2,283,ALIANÇA,Cabotagem,PA/ PA,2025-05-13 00:00:00,ADRIANO,Manaus AM,LEME,SP,GINEGAR,2025-04-11 00:00:00,14:00:00,2025-04-11 00:00:00,14:00:00,17:25:00,PERFORMANCE,DENTRO DO HR,03:25:00,03:00:00,NÃO PERF.,UETU6952807,709663,2025-04-19 00:00:00,ENT. REALIZADA ,2025-05-03 00:00:00,2025-05-08 00:00:00,ENT. REALIZADA ,8,14,5,27,30.0,PERFORMANCE,1175310,476817,8400.0,219.25,1052.0,395.0,1372.67,,11438.92,0.05665299734537819,,2025-04-23 00:00:00,2025-05-12 00:00:00,ENC FINC 02/05,29.681978798586574,0.6956203403023559,31.0,maio,abril,959.26,0.004750881572170055,12398.18,0.06140387891754824,43.809823321554774,0.7539545858114107,2025-05-03 00:00:00,2025-05-08 00:00:00,2025-05-12 00:00:00,15,2025,2025
1,VELD_INTERM,MRSU7192112620817,5AMAK1856,592,MENSAL,433643.5,27977.0,50,ALIANÇA,Cabotagem,PA/ PA,2025-05-13 00:00:00,ADRIANO,Manaus AM,Carazinho,RS,EXTRAPLAST F2,2025-05-13 00:00:00,14:00:00,2025-05-13 00:00:00,10:00:00,10:20:00,PERFORMANCE,DENTRO DO HR,00:20:00,03:00:00,PERFORMANCE,MRSU7192112,620817,2025-05-17 00:00:00,ENT. REALIZADA ,2025-06-09 00:00:00,2025-06-16 00:00:00,ENT. REALIZADA ,4,23,7,34,30.0,NÃO PERF.,1194890,480869,11067.16,433.64,1064.0,395.0,1767.25,,14727.05,0.03396119162399529,,2025-05-22 00:00:00,2025-06-09 00:00:00,,221.3432,0.5263984701719269,27.0,maio,maio,,0.0,14727.05,0.03396119162399529,294.541,0.5263984701719269,2025-06-09 00:00:00,2025-06-16 00:00:00,2025-06-09 00:00:00,20,2025,2025
1,VELD_INTERM,TCKU6570444625726,5AIBK511O,594,MENSAL,388978.7,25095.4,44,ALIANÇA,Cabotagem,PA/ PA,2025-05-23 00:00:00,LÚCIO,Manaus AM,Carazinho,RS,EXTRAPLAST F2,2025-05-23 00:00:00,13:00:00,2025-05-23 00:00:00,15:20:00,17:40:00,PERFORMANCE,FORA DO HR,02:20:00,03:00:00,PERFORMANCE,TCKU6570444,625726,2025-05-24 00:00:00,ENT. REALIZADA ,2025-06-15 00:00:00,2025-06-25 00:00:00,ENT. REALIZADA ,1,22,10,33,30.0,NÃO PERF.,1199206,482030,11067.16,388.98,1064.0,395.0,1761.16,,14676.3,0.037730343589507595,,2025-05-29 00:00:00,2025-06-16 00:00:00,,251.52636363636364,0.5848203256373677,24.0,maio,maio,,0.0,14676.3,0.037730343589507595,333.55227272727274,0.5848203256373677,2025-06-15 00:00:00,2025-06-25 00:00:00,2025-06-16 00:00:00,21,2025,2025
1,VELD_INTERM,MSKU1345229613302,5AIBK521W,598,MENSAL,403744.0,26048.0,50,ALIANÇA,Cabotagem,PA/ PA,2025-05-28 00:00:00,LÚCIO,Manaus AM,Carazinho,RS,EXTRAPLAST F2,2025-05-27 00:00:00,14:00:00,2025-05-28 00:00:00,09:00:00,11:00:00,NÃO PERF,DENTRO DO HR,02:00:00,03:00:00,PERFORMANCE,MSKU1345229,613302,2025-05-31 00:00:00,ENT. REALIZADA ,2025-06-22 00:00:00,2025-06-27 00:00:00,ENT. REALIZADA ,3,22,5,30,30.0,PERFORMANCE,,483349,11067.16,403.74,1064.0,395.0,1763.17,,14693.07,0.036392045454545455,,,,,221.3432,0.5640767045454546,-45805.0,maio,maio,,0.0,14693.07,0.036392045454545455,293.8614,0.5640767045454546,2025-06-22 00:00:00,2025-06-27 00:00:00,00:00:00,22,2025,2025
1,VELD_INTERM,MRKU4586697206850,5AMAK2104,599,INVTROT,401946.0,25932.0,43,ALIANÇA,Cabotagem,PA/ PA,2025-05-28 00:00:00,LÚCIO,Manaus AM,Carazinho,RS,EXTRAPLAST F2,2025-05-28 00:00:00,10:00:00,2025-05-28 00:00:00,11:00:00,14:30:00,PERFORMANCE,FORA DO HR,03:30:00,03:00:00,NÃO PERF.,MRKU4586697,206850,2025-05-31 00:00:00,ENT. REALIZADA ,2025-06-22 00:00:00,2025-06-27 00:00:00,ENT. REALIZADA ,3,22,5,30,30.0,PERFORMANCE,,483350,11067.16,401.95,1064.0,395.0,1762.92,,14691.03,0.03654976041557821,,,,,257.3758139534884,0.5665212864414623,-45805.0,maio,maio,,0.0,14691.03,0.03654976041557821,341.6518604651163,0.5665212864414623,2025-06-22 00:00:00,2025-06-27 00:00:00,00:00:00,22,2025,2025
1,VELD_INTERM,HASU5027633622207,5AIBK521W,600,INVTROT,358962.5,25195.0,143,ALIANÇA,Cabotagem,PA/ PA,2025-05-28 00:00:00,LÚCIO,Manaus AM,Carazinho,RS,EXTRAPLAST F2,2025-05-28 00:00:00,14:00:00,2025-05-28 00:00:00,16:30:00,18:09:00,PERFORMANCE,FORA DO HR,01:39:00,03:00:00,PERFORMANCE,HASU5027633,622207,2025-05-31 00:00:00,ENT. REALIZADA ,2025-06-22 00:00:00,2025-06-30 00:00:00,ENT. REALIZADA ,3,22,8,33,30.0,NÃO PERF.,,483348,11067.16,358.96,1064.0,395.0,1757.06,,14642.179999999998,0.04079027753595431,,,,,77.39272727272727,0.5811541972613613,-45805.0,maio,maio,,0.0,14642.179999999998,0.04079027753595431,102.39286713286712,0.5811541972613613,2025-06-22 00:00:00,2025-06-30 00:00:00,00:00:00,22,2025,2025
1,VELD_INTERM,B924X480359,25007,613,INVTROT,344658.0,22236.0,41,BERTOLINI,Rodoviário,PA/ PA,2025-06-09 00:00:00,ADRIANO,Manaus AM,Carazinho,RS,EXTRAPLAST F2,2025-06-09 00:00:00,13:00:00,2025-06-09 00:00:00,13:00:00,17:00:00,PERFORMANCE,DENTRO DO HR,04:00:00,04:00:00,PERFORMANCE,B924X,480359,2025-06-12 00:00:00,ENT. REALIZADA ,2025-06-26 00:00:00,2025-06-26 00:00:00,ENT. REALIZADA ,3,14,0,17,20.0,PERFORMANCE,2332368,96463,24096.7,1762.46,,940.91,3654.55,,30454.62,0.08836185435997423,,2025-06-11 00:00:00,2025-07-08 00:00:00,,587.7243902439025,1.3696087425796006,29.0,junho,junho,,0.0,30454.62,0.08836185435997423,742.7956097560975,1.3696087425796006,2025-06-26 00:00:00,2025-06-26 00:00:00,2025-07-08 00:00:00,24,2025,2025
1,VELD_FINAL,B663471094,25008,90,INVTROT,325800.0,24112.0,840,BERTOLINI,Rodoviário,PA/ PA,2025-06-09 00:00:00,ADRIANO,Manaus AM,Carazinho,RS,EXTRAPLAST F2,2025-06-09 00:00:00,13:00:00,2025-06-10 00:00:00,13:00:00,17:00:00,PERFORMANCE,DENTRO DO HR,04:00:00,04:00:00,PERFORMANCE,B663,471094,2025-06-12 00:00:00,ENT. REALIZADA ,2025-06-26 00:00:00,2025-06-26 00:00:00,ENT. REALIZADA ,2,14,0,16,20.0,PERFORMANCE,2332368,96473,24108.27,1666.02,,940.91,3642.98,,30358.18,0.0931804174340086,,2025-06-11 00:00:00,2025-07-08 00:00:00,,28.700321428571428,1.259048606502986,28.0,junho,junho,,0.0,30358.18,0.0931804174340086,36.14069047619048,1.259048606502986,2025-06-26 00:00:00,2025-06-26 00:00:00,2025-07-08 00:00:00,24,2025,2025
1,VELD_INTERM,B202480360,25009,616,MENSAL,140662.5,9075.0,15,BERTOLINI,Rodoviário,PA/ PA,2025-06-12 00:00:00,ADRIANO,Manaus AM,Carazinho,RS,EXTRAPLAST F2,2025-06-12 00:00:00,10:00:00,2025-06-12 00:00:00,10:00:00,12:00:00,PERFORMANCE,DENTRO DO HR,02:00:00,04:00:00,PERFORMANCE,B202,480360,2025-06-14 00:00:00,ENT. REALIZADA ,2025-06-30 00:00:00,2025-06-30 00:00:00,ENT. REALIZADA ,2,16,0,18,20.0,PERFORMANCE,2333372,96614,9012.94,719.3,,352.21,1375.15,,11459.599999999999,0.08146876388518616,,2025-06-13 00:00:00,2025-07-10 00:00:00,,600.8626666666667,1.2627658402203854,28.0,junho,junho,,0.0,11459.599999999999,0.08146876388518616,763.9733333333332,1.2627658402203854,2025-06-30 00:00:00,2025-06-30 00:00:00,2025-07-10 00:00:00,24,2025,2025
0,VELD_FINAL,B202480360,25009,91,INVTROT,207900.0,14926.4,495,BERTOLINI,Rodoviário,PA/ PA,2025-06-12 00:00:00,ADRIANO,Manaus AM,Carazinho,RS,EXTRAPLAST F2,2025-06-12 00:00:00,10:00:00,2025-06-12 00:00:00,10:00:00,12:00:00,PERFORMANCE,DENTRO DO HR,02:00:00,04:00:00,PERFORMANCE,B202,480360,2025-06-14 00:00:00,ENT. REALIZADA ,2025-06-30 00:00:00,2025-06-30 00:00:00,ENT. REALIZADA ,2,16,0,18,20.0,PERFORMANCE,2333372,96613,15081.36,1063.13,,588.7,2281.8,,19014.99,0.09146219336219337,,2025-06-13 00:00:00,2025-07-10 00:00:00,,30.46739393939394,1.2739166845321044,28.0,junho,junho,,0.0,19014.99,0.09146219336219337,38.414121212121216,1.2739166845321044,2025-06-30 00:00:00,2025-06-30 00:00:00,2025-07-10 00:00:00,24,2025,2025
1,VELD_INTERM,B759480217,25010,617,MENSAL,353471.3,22804.6,38,BERTOLINI,Rodoviário,PA/ PA,2025-06-12 00:00:00,ADRIANO,Manaus AM,Carazinho,RS,EXTRAPLAST F2,2025-06-12 00:00:00,13:00:00,2025-06-12 00:00:00,13:00:00,14:00:00,PERFORMANCE,DENTRO DO HR,01:00:00,04:00:00,PERFORMANCE,B759,480217,2025-06-14 00:00:00,ENT. REALIZADA ,2025-06-30 00:00:00,2025-06-30 00:00:00,ENT. REALIZADA ,2,16,0,18,20.0,PERFORMANCE,2333372,96611,24091.29,1807.52,,940.91,3659.96,,30499.68,0.0862861567544522,,2025-06-13 00:00:00,2025-07-10 00:00:00,,633.9813157894737,1.3374354296940092,28.0,junho,junho,,0.0,30499.68,0.0862861567544522,802.6231578947369,1.3374354296940092,2025-06-30 00:00:00,2025-06-30 00:00:00,2025-07-10 00:00:00,24,2025,2025
1,VELD_INTERM,B883481711,250011,624,MENSAL,385407.5,24865.0,44,BERTOLINI,Rodoviário,PA/ PA,2025-06-17 00:00:00,ADRIANO,Manaus AM,Carazinho,RS,EXTRAPLAST F2,2025-06-17 00:00:00,13:00:00,2025-06-17 00:00:00,13:00:00,16:30:00,PERFORMANCE,DENTRO DO HR,03:30:00,04:00:00,PERFORMANCE,B883,481711,2025-06-19 00:00:00,ENT. REALIZADA ,2025-07-07 00:00:00,2025-07-08 00:00:00,ENT. REALIZADA ,2,18,1,21,20.0,NÃO PERF.,2336002,96830,24071.69,1970.83,,940.91,3679.56,,30662.989999999998,0.07955992034405142,,2025-06-18 00:00:00,2025-07-15 00:00:00,,547.0838636363636,1.233178765332797,28.0,junho,junho,,0.0,30662.989999999998,0.07955992034405142,696.8861363636363,1.233178765332797,2025-07-07 00:00:00,2025-07-08 00:00:00,2025-07-15 00:00:00,25,2025,2025
1,VELD_INTERM,B870480220,250012,625,MENSAL,352600.2,22748.4,40,BERTOLINI,Rodoviário,PA/ PA,2025-06-17 00:00:00,ADRIANO,Manaus AM,Carazinho,RS,EXTRAPLAST F2,2025-06-17 00:00:00,13:00:00,2025-06-17 00:00:00,13:00:00,16:30:00,PERFORMANCE,DENTRO DO HR,03:30:00,04:00:00,PERFORMANCE,B870,480220,2025-06-19 00:00:00,ENT. REALIZADA ,2025-07-07 00:00:00,2025-07-08 00:00:00,ENT. REALIZADA ,2,18,1,21,20.0,NÃO PERF.,2336002,96831,24091.82,1803.06,,940.91,3659.43,,30495.22,0.08648667811305837,,2025-06-18 00:00:00,2025-07-15 00:00:00,,602.2955,1.3405435107524046,28.0,junho,junho,,0.0,30495.22,0.08648667811305837,762.3805,1.3405435107524046,2025-07-07 00:00:00,2025-07-08 00:00:00,2025-07-15 00:00:00,25,2025,2025
1,VELD_INTERM,B994481715,250013,626,MENSAL,340007.4,22745.2,43,BERTOLINI,Rodoviário,PA/ PA,2025-06-20 00:00:00,ADRIANO,Manaus AM,Carazinho,RS,EXTRAPLAST F2,2025-06-17 00:00:00,13:00:00,2025-06-20 00:00:00,10:00:00,14:00:00,NÃO PERF,DENTRO DO HR,04:00:00,04:00:00,PERFORMANCE,B994,481715,2025-06-23 00:00:00,ENT. REALIZADA ,2025-07-03 00:00:00,2025-07-04 00:00:00,ENT. REALIZADA ,3,10,1,14,20.0,PERFORMANCE,2337174,97131,24099.55,1738.67,,940.91,3651.7,,30430.83,0.08950049322455923,,2025-06-23 00:00:00,2025-07-18 00:00:00,,560.4546511627907,1.3379011835464185,28.0,junho,junho,,0.0,30430.83,0.08950049322455923,707.6937209302326,1.3379011835464185,2025-07-03 00:00:00,2025-07-04 00:00:00,2025-07-18 00:00:00,25,2025,2025
1,VELD_INTERM,B911481716,250014,627,MENSAL,365125.4,24550.8,48,BERTOLINI,Rodoviário,PA/ PA,2025-06-20 00:00:00,ADRIANO,Manaus AM,Carazinho,RS,EXTRAPLAST F2,2025-06-17 00:00:00,13:00:00,2025-06-20 00:00:00,10:00:00,14:00:00,NÃO PERF,DENTRO DO HR,04:00:00,04:00:00,PERFORMANCE,B911,481716,2025-06-23 00:00:00,ENT. REALIZADA ,2025-07-03 00:00:00,2025-07-04 00:00:00,ENT. REALIZADA ,3,10,1,14,20.0,PERFORMANCE,2337174,97145,24084.14,1867.12,,940.91,3667.11,,30559.28,0.0836953002995683,,2025-06-23 00:00:00,2025-07-18 00:00:00,,501.75291666666664,1.2447366277269987,28.0,junho,junho,,0.0,30559.28,0.0836953002995683,636.6516666666666,1.2447366277269987,2025-07-03 00:00:00,2025-07-04 00:00:00,2025-07-18 00:00:00,25,2025,2025
1,VELD_INTERM,MRKU2989245626306,5AIBK718U,632,MENSAL,373599.83,26408.6,79,ALIANÇA,Cabotagem,PA/ PA,2025-06-25 00:00:00,ADRIANO,Manaus AM,Carazinho,RS,EXTRAPLAST F2,2025-06-25 00:00:00,13:00:00,2025-06-25 00:00:00,13:10:00,17:15:00,PERFORMANCE,FORA DO HR,04:05:00,03:00:00,NÃO PERF.,MRKU2989245,626306,2025-06-28 00:00:00,ENT. REALIZADA ,2025-07-20 00:00:00,2025-07-29 00:00:00,ENT. REALIZADA ,3,22,9,34,30.0,NÃO PERF.,,487910,11067.16,373.6,960.0,395.0,1744.88,,14540.64,0.03892036032243376,,2025-07-05 00:00:00,2025-07-25 00:00:00,,140.0906329113924,0.5506024552607862,30.0,junho,junho,,0.0,14540.64,0.03892036032243376,184.05873417721517,0.5506024552607862,2025-07-20 00:00:00,2025-07-29 00:00:00,2025-07-25 00:00:00,26,2025,2025
1,VELD_FINAL,B605482467,250015,93,MENSAL,324000.0,20870.3,720,BERTOLINI,Rodoviário,PA/ PA,2025-06-30 00:00:00,ADRIANO,Manaus AM,Carazinho,RS,EXTRAPLAST F2,2025-06-30 00:00:00,13:00:00,2025-06-30 00:00:00,12:40:00,18:00:00,PERFORMANCE,DENTRO DO HR,05:20:00,04:00:00,NÃO PERF.,B605,482467,2025-07-02 00:00:00,ENT. REALIZADA ,2025-07-21 00:00:00,2025-07-21 00:00:00,ENT. REALIZADA ,2,19,0,21,20.0,NÃO PERF.,,97814,24109.37,1656.81,,940.91,3641.88,,30348.97,0.09366966049382716,,2025-07-01 00:00:00,2025-07-28 00:00:00,,33.48523611111111,1.454170280254716,28.0,junho,junho,,0.0,30348.97,0.09366966049382716,42.15134722222222,1.454170280254716,2025-07-21 00:00:00,2025-07-21 00:00:00,2025-07-28 00:00:00,27,2025,2025
1,VELD_FINAL,B384482466,250016,94,MENSAL,364500.0,23019.0,810,BERTOLINI,Rodoviário,PA/ PA,2025-06-30 00:00:00,ADRIANO,Manaus AM,Carazinho,RS,EXTRAPLAST F2,2025-06-30 00:00:00,13:00:00,2025-06-30 00:00:00,12:40:00,18:00:00,PERFORMANCE,DENTRO DO HR,05:20:00,04:00:00,NÃO PERF.,B384,482466,2025-07-02 00:00:00,ENT. REALIZADA ,2025-07-21 00:00:00,2025-07-21 00:00:00,ENT. REALIZADA ,2,19,0,21,20.0,NÃO PERF.,,97791,24084.52,1861.36,,940.91,3641.88,,30528.670000000002,0.08375492455418382,,2025-07-01 00:00:00,2025-07-28 00:00:00,,29.733975308641977,1.3262378904383336,28.0,junho,junho,,0.0,30528.670000000002,0.08375492455418382,37.68971604938272,1.3262378904383336,2025-07-21 00:00:00,2025-07-21 00:00:00,2025-07-28 00:00:00,27,2025,2025
1,VELD_FINAL,B45912345,250017,95,MENSAL,324000.0,20870.0,720,BERTOLINI,Rodoviário,PA/ PA,2025-06-30 00:00:00,ADRIANO,Manaus AM,Carazinho,RS,EXTRAPLAST F2,2025-07-04 00:00:00,13:00:00,2025-07-04 00:00:00,12:40:00,18:00:00,PERFORMANCE,DENTRO DO HR,05:20:00,04:00:00,NÃO PERF.,B459,12345,2025-07-07 00:00:00,ENT. REALIZADA ,2025-07-16 00:00:00,2025-07-16 00:00:00,ENT. REALIZADA ,3,9,0,12,20.0,PERFORMANCE,,98124,24109.37,1656.81,,940.91,3641.88,,30348.97,0.09366966049382716,,2025-07-07 00:00:00,2025-08-01 00:00:00,,33.48523611111111,1.45419118351701,28.0,junho,julho,,0.0,30348.97,0.09366966049382716,42.15134722222222,1.45419118351701,2025-07-16 00:00:00,2025-07-16 00:00:00,2025-08-01 00:00:00,27,2025,2025
1,VELD_FINAL,B23223456,250018,96,MENSAL,364500.0,23019.0,810,BERTOLINI,Rodoviário,PA/ PA,2025-06-30 00:00:00,ADRIANO,Manaus AM,Carazinho,RS,EXTRAPLAST F2,2025-07-04 00:00:00,13:00:00,2025-07-04 00:00:00,12:40:00,18:00:00,PERFORMANCE,DENTRO DO HR,05:20:00,04:00:00,NÃO PERF.,B232,23456,2025-07-07 00:00:00,ENT. REALIZADA ,2025-07-16 00:00:00,2025-07-16 00:00:00,ENT. REALIZADA ,3,9,0,12,20.0,PERFORMANCE,,98125,24084.52,1863.92,,940.91,3666.73,,30556.08,0.08383012345679013,,2025-07-07 00:00:00,2025-08-01 00:00:00,,29.733975308641977,1.3274286459012121,28.0,junho,julho,,0.0,30556.08,0.08383012345679013,37.723555555555556,1.3274286459012121,2025-07-16 00:00:00,2025-07-16 00:00:00,2025-08-01 00:00:00,27,2025,2025
1,VELD_FINAL,B737479802,250019,97,MENSAL,324000.0,20566.0,720,BERTOLINI,Rodoviário,PA/ PA,2025-07-10 00:00:00,ADRIANO,Manaus AM,Carazinho,RS,EXTRAPLAST F2,2025-07-09 00:00:00,11:00:00,2025-07-09 00:00:00,11:00:00,16:00:00,PERFORMANCE,DENTRO DO HR,05:00:00,04:00:00,NÃO PERF.,B737,479802,2025-07-11 00:00:00,ENT. REALIZADA ,2025-07-24 00:00:00,2025-07-24 00:00:00,ENT. REALIZADA ,2,13,0,15,20.0,PERFORMANCE,2346817,98468,24109.37,1656.81,,940.91,3641.88,,30348.97,0.09366966049382716,,2025-07-11 00:00:00,2025-08-07 00:00:00,,33.48523611111111,1.4756865700671011,29.0,julho,julho,,0.0,30348.97,0.09366966049382716,42.15134722222222,1.4756865700671011,2025-07-24 00:00:00,2025-07-24 00:00:00,2025-08-07 00:00:00,28,2025,2025
1,VELD_FINAL,B225479801,250020,98,MENSAL,364500.0,23138.1,810,BERTOLINI,Rodoviário,PA/ PA,2025-07-10 00:00:00,ADRIANO,Manaus AM,Carazinho,RS,EXTRAPLAST F2,2025-07-09 00:00:00,11:00:00,2025-07-09 00:00:00,11:00:00,16:00:00,PERFORMANCE,DENTRO DO HR,05:00:00,04:00:00,NÃO PERF.,B225,479801,2025-07-11 00:00:00,ENT. REALIZADA ,2025-07-24 00:00:00,2025-07-24 00:00:00,ENT. REALIZADA ,2,13,0,15,20.0,PERFORMANCE,2346817,98467,24084.52,1863.92,,940.91,3666.73,,30556.08,0.08383012345679013,,2025-07-11 00:00:00,2025-08-07 00:00:00,,29.733975308641977,1.3205959002683887,29.0,julho,julho,,0.0,30556.08,0.08383012345679013,37.723555555555556,1.3205959002683887,2025-07-24 00:00:00,2025-07-24 00:00:00,2025-08-07 00:00:00,28,2025,2025
1,VELD_FINAL,B821479806,250021,99,MENSAL,364500.0,21915.0,810,BERTOLINI,Rodoviário,PA/ PA,2025-07-14 00:00:00,ADRIANO,Manaus AM,Carazinho,RS,EXTRAPLAST F2,2025-07-14 00:00:00,13:00:00,2025-07-14 00:00:00,13:00:00,15:40:00,PERFORMANCE,DENTRO DO HR,02:40:00,03:00:00,PERFORMANCE,B821,479806,2025-07-14 00:00:00,ENT. REALIZADA ,2025-07-30 00:00:00,2025-07-30 00:00:00,ENT. REALIZADA ,0,16,0,16,20.0,PERFORMANCE,2349279,98641,24084.52,1863.92,,940.91,3666.73,,30556.08,0.08383012345679013,,2025-07-30 00:00:00,2025-08-11 00:00:00,,29.733975308641977,1.394299794661191,28.0,julho,julho,,0.0,30556.08,0.08383012345679013,37.723555555555556,1.394299794661191,2025-07-30 00:00:00,2025-07-30 00:00:00,2025-08-11 00:00:00,29,2025,2025
1,VELD_FINAL,B725479805,250022,100,MENSAL,324000.0,20466.5,720,BERTOLINI,Rodoviário,PA/ PA,2025-07-14 00:00:00,ADRIANO,Manaus AM,Carazinho,RS,EXTRAPLAST F2,2025-07-14 00:00:00,13:00:00,2025-07-14 00:00:00,13:00:00,15:40:00,PERFORMANCE,DENTRO DO HR,02:40:00,03:00:00,PERFORMANCE,B725,479805,2025-07-14 00:00:00,ENT. REALIZADA ,2025-07-30 00:00:00,2025-07-30 00:00:00,ENT. REALIZADA ,0,16,0,16,20.0,PERFORMANCE,2349279,98640,24109.37,1656.81,,940.91,3641.88,,30348.97,0.09366966049382716,,2025-07-30 00:00:00,2025-08-11 00:00:00,,33.48523611111111,1.4828607724818608,28.0,julho,julho,,0.0,30348.97,0.09366966049382716,42.15134722222222,1.4828607724818608,2025-07-30 00:00:00,2025-07-30 00:00:00,2025-08-11 00:00:00,29,2025,2025
1,VELD_FINAL,TCNU8555187619699,5AIBK876Z,101,MENSAL,364500.0,22421.0,810,ALIANÇA,Cabotagem,PA/ PA,2025-07-17 00:00:00,ADRIANO,Manaus AM,Carazinho,RS,EXTRAPLAST F2,2025-07-17 00:00:00,14:00:00,2025-07-17 00:00:00,14:00:00,15:30:00,PERFORMANCE,DENTRO DO HR,01:30:00,03:00:00,PERFORMANCE,TCNU8555187,619699,2025-07-19 00:00:00,ENT. REALIZADA ,2025-08-10 00:00:00,2025-08-14 00:00:00,ENT. REALIZADA ,2,22,4,28,30.0,PERFORMANCE,1238820,491205,11067.16,364.5,960.0,395.0,1743.64,,14530.3,0.0398636488340192,,2025-07-23 00:00:00,2025-08-11 00:00:00,,13.66316049382716,0.6480665447571473,25.0,julho,julho,,0.0,14530.3,0.0398636488340192,17.93864197530864,0.6480665447571473,2025-08-10 00:00:00,2025-08-14 00:00:00,2025-08-11 00:00:00,29,2025,2025
1,VELD_INTERM,MRKU2465356619740,5AIBK876Z,654,MENSAL,74318.75,5801.0,195,ALIANÇA,Cabotagem,PA/ PA,2025-07-18 00:00:00,ADRIANO,Manaus AM,Carazinho,RS,EXTRAPLAST F2,2025-07-18 00:00:00,09:00:00,2025-07-18 00:00:00,09:00:00,13:00:00,PERFORMANCE,DENTRO DO HR,04:00:00,03:00:00,NÃO PERF.,MRKU2465356,619740,2025-07-19 00:00:00,ENT. REALIZADA ,2025-08-10 00:00:00,2025-08-14 00:00:00,ENT. REALIZADA ,1,22,4,27,30.0,PERFORMANCE,1238822,491207,2858.31,74.32,247.94,102.02,447.63,,3730.2200000000003,0.05019217895887646,,2025-07-23 00:00:00,2025-08-11 00:00:00,,14.658,0.643030511980693,24.0,julho,julho,,0.0,3730.2200000000003,0.05019217895887646,19.129333333333335,0.643030511980693,2025-08-10 00:00:00,2025-08-14 00:00:00,2025-08-11 00:00:00,29,2025,2025
0,VELD_FINAL,MRKU2465356619740,5AIBK876Z,102,MENSAL,263250.0,16795.0,585,ALIANÇA,Cabotagem,PA/ PA,2025-07-18 00:00:00,ADRIANO,Manaus AM,Carazinho,RS,EXTRAPLAST F2,2025-07-18 00:00:00,09:00:00,2025-07-18 00:00:00,09:00:00,13:00:00,PERFORMANCE,DENTRO DO HR,04:00:00,03:00:00,NÃO PERF.,MRKU2465356,619740,2025-07-19 00:00:00,ENT. REALIZADA ,2025-08-10 00:00:00,2025-08-14 00:00:00,ENT. REALIZADA ,1,22,4,27,30.0,PERFORMANCE,1238821,491206,8208.85,263.25,712.06,282.98,1292.34,,10759.48,0.04087171889838556,,2025-07-23 00:00:00,2025-08-11 00:00:00,,14.032222222222224,0.640635903542721,24.0,julho,julho,,0.0,10759.48,0.04087171889838556,18.392273504273504,0.640635903542721,2025-08-10 00:00:00,2025-08-14 00:00:00,2025-08-11 00:00:00,29,2025,2025
1,VELD_INTERM,TCNU1054774BR1211805,5AIBK02NO,668,MENSAL,219000.0,16611.0,750,ALIANÇA,Cabotagem,PA/ PA,2025-08-14 00:00:00,ADRIANO,Manaus AM,Carazinho,RS,EXTRAPLAST F2,2025-08-14 00:00:00,10:00:00,2025-08-14 00:00:00,10:00:00,15:20:00,PERFORMANCE,DENTRO DO HR,05:20:00,03:00:00,NÃO PERF.,TCNU1054774,BR1211805,2025-08-16 00:00:00,ENT. REALIZADA ,2025-09-07 00:00:00,2025-09-10 00:00:00,ENT. REALIZADA ,2,22,3,27,30.0,PERFORMANCE,1265908,495366,11288.5,254.93,978.0,395.0,1761.33,,14677.76,0.06702173515981735,,2025-08-15 00:00:00,2025-09-22 00:00:00,,15.051333333333334,0.8836168803804708,39.0,agosto,agosto,,0.0,14677.76,0.06702173515981735,19.570346666666666,0.8836168803804708,2025-09-07 00:00:00,2025-09-10 00:00:00,2025-09-22 00:00:00,33,2025,2025
0,VELD_INTERM,TCNU1054774BR1211805,5AIBK02NO,669,MENSAL,35925.12,2806.0,36,ALIANÇA,Cabotagem,PA/ PA,2025-08-14 00:00:00,ADRIANO,Manaus AM,Carazinho,RS,EXTRAPLAST F2,2025-08-14 00:00:00,14:00:00,2025-08-14 00:00:00,10:00:00,15:20:00,PERFORMANCE,DENTRO DO HR,05:20:00,03:00:00,NÃO PERF.,TCNU1054774,BR1211805,2025-08-16 00:00:00,ENT. REALIZADA ,2025-09-07 00:00:00,2025-09-10 00:00:00,ENT. REALIZADA ,2,22,3,27,30.0,PERFORMANCE,1265908,495366,,,,,,,0.1,2.7835675983824133e-06,,2025-08-15 00:00:00,2025-09-22 00:00:00,,0,3.563791874554526e-05,39.0,agosto,agosto,,0.0,0.1,2.7835675983824133e-06,0.002777777777777778,3.563791874554526e-05,2025-09-07 00:00:00,2025-09-10 00:00:00,2025-09-22 00:00:00,33,2025,2025
1,VELD_INTERM,MRKU2781879BR1211933,5AIBK02NO,670,MENSAL,72576.0,5701.0,80,ALIANÇA,Cabotagem,PA/ PA,2025-08-14 00:00:00,ADRIANO,Manaus AM,Carazinho,RS,EXTRAPLAST F2,2025-08-14 00:00:00,14:00:00,2025-08-14 00:00:00,10:00:00,15:20:00,PERFORMANCE,DENTRO DO HR,05:20:00,03:00:00,NÃO PERF.,MRKU2781879,BR1211933,2025-08-16 00:00:00,ENT. REALIZADA ,2025-09-07 00:00:00,2025-09-10 00:00:00,ENT. REALIZADA ,2,22,3,27,30.0,PERFORMANCE,1265908,495490,11288.5,245.5,978.0,395.0,1760.05,,14667.05,0.20209228946208113,,2025-08-15 00:00:00,2025-09-22 00:00:00,,141.10625,2.572715313102964,39.0,agosto,agosto,,0.0,14667.05,0.20209228946208113,183.338125,2.572715313102964,2025-09-07 00:00:00,2025-09-10 00:00:00,2025-09-22 00:00:00,33,2025,2025
0,VELD_INTERM,MRKU2781879BR1211933,5AIBK02NO,671,MENSAL,159700.0,11464.5,580,ALIANÇA,Cabotagem,PA/ PA,2025-08-14 00:00:00,ADRIANO,Manaus AM,Carazinho,RS,EXTRAPLAST F2,2025-08-14 00:00:00,14:00:00,2025-08-14 00:00:00,10:00:00,15:20:00,PERFORMANCE,DENTRO DO HR,05:20:00,03:00:00,NÃO PERF.,MRKU2781879,BR1211933,2025-08-16 00:00:00,ENT. REALIZADA ,2025-09-07 00:00:00,2025-09-10 00:00:00,ENT. REALIZADA ,2,22,3,27,30.0,PERFORMANCE,1265908,495490,,,,,,,0.1,6.261740763932374e-07,,2025-08-15 00:00:00,2025-09-22 00:00:00,,0,8.722578394173318e-06,39.0,agosto,agosto,,0.0,0.1,6.261740763932374e-07,0.0001724137931034483,8.722578394173318e-06,2025-09-07 00:00:00,2025-09-10 00:00:00,2025-09-22 00:00:00,33,2025,2025
0,VELD_INTERM,MRKU2781879BR1211933,5AIBK02NO,672,MENSAL,13224.8,1084.0,90,ALIANÇA,Cabotagem,PA/ PA,2025-08-14 00:00:00,ADRIANO,Manaus AM,Carazinho,RS,EXTRAPLAST F2,2025-08-14 00:00:00,14:00:00,2025-08-14 00:00:00,10:00:00,15:20:00,PERFORMANCE,DENTRO DO HR,05:20:00,03:00:00,NÃO PERF.,MRKU2781879,BR1211933,2025-08-16 00:00:00,ENT. REALIZADA ,2025-09-07 00:00:00,2025-09-10 00:00:00,ENT. REALIZADA ,2,22,3,27,30.0,PERFORMANCE,1265908,495490,,,,,,,0.1,7.56155102534632e-06,,2025-08-15 00:00:00,2025-09-22 00:00:00,,0,9.22509225092251e-05,39.0,agosto,agosto,,0.0,0.1,7.56155102534632e-06,0.0011111111111111111,9.22509225092251e-05,2025-09-07 00:00:00,2025-09-10 00:00:00,2025-09-22 00:00:00,33,2025,2025
1,VELD_FINAL,MSBU51617001679523,LA0441373,103,EXPORT,269121.45,22860.0,810,LOG-IN,Exportação,PO/PO,2025-08-15 00:00:00,LÚCIO,Manaus AM,Montevidéu,UY,DUCART LATIN AMERICA,2025-08-15 00:00:00,14:30:00,2025-08-15 00:00:00,14:30:00,15:30:00,PERFORMANCE,DENTRO DO HR,01:00:00,03:00:00,PERFORMANCE,MSBU5161700,1679523,2025-08-16 00:00:00,ENT. REALIZADA ,2025-09-24 00:00:00,2025-09-24 00:00:00,ENT. REALIZADA ,1,39,0,40,26.0,NÃO PERF.,,,1300.0,,,,,,1300.0,0.0048305328319240256,,2025-08-30 00:00:00,2025-09-12 00:00:00,,1.6049382716049383,0.0568678915135608,28.0,agosto,agosto,,0.0,1300.0,0.0048305328319240256,1.6049382716049383,0.0568678915135608,2025-09-24 00:00:00,2025-09-24 00:00:00,2025-09-12 00:00:00,33,2025,2025
1,VELD_INTERM,MRKU5359430628291,5AIBK03WZ ,676,MENSAL,32287.45,2686.0,120,ALIANÇA,Cabotagem,PA/ PA,2025-08-21 00:00:00,ADRIANO,Manaus AM,Carazinho,RS,EXTRAPLAST F2,2025-08-21 00:00:00,10:00:00,2025-08-21 00:00:00,10:00:00,15:40:00,PERFORMANCE,DENTRO DO HR,05:40:00,03:00:00,NÃO PERF.,MRKU5359430,628291,2025-08-23 00:00:00,ENT. REALIZADA ,2025-09-14 00:00:00,2025-09-18 00:00:00,ENT. REALIZADA ,2,22,4,28,30.0,PERFORMANCE,1265908,496581,11288.5,201.98,978.0,395.0,1754.11,,14617.59,0.45273287298935033,,2025-08-22 00:00:00,2025-09-22 00:00:00,,94.07083333333334,5.442140729709606,32.0,agosto,agosto,,0.0,14617.59,0.45273287298935033,121.81325,5.442140729709606,2025-09-14 00:00:00,2025-09-18 00:00:00,2025-09-22 00:00:00,34,2025,2025
0,VELD_INTERM,MRKU5359430628291,5AIBK03WZ ,677,MENSAL,52500.0,4980.5,44,ALIANÇA,Cabotagem,PA/ PA,2025-08-21 00:00:00,ADRIANO,Manaus AM,Carazinho,RS,EXTRAPLAST F2,2025-08-21 00:00:00,10:00:00,2025-08-21 00:00:00,10:00:00,15:40:00,PERFORMANCE,DENTRO DO HR,05:40:00,03:00:00,NÃO PERF.,MRKU5359430,628291,2025-08-23 00:00:00,ENT. REALIZADA ,2025-09-14 00:00:00,2025-09-18 00:00:00,ENT. REALIZADA ,2,22,4,28,30.0,PERFORMANCE,1265908,496581,,,,,,,0.1,1.904761904761905e-06,,2025-08-22 00:00:00,2025-09-22 00:00:00,,0,2.0078305391025e-05,32.0,agosto,agosto,,0.0,0.1,1.904761904761905e-06,0.002272727272727273,2.0078305391025e-05,2025-09-14 00:00:00,2025-09-18 00:00:00,2025-09-22 00:00:00,34,2025,2025
0,VELD_INTERM,MRKU5359430628291,5AIBK03WZ ,678,MENSAL,117193.45,11400.0,416,ALIANÇA,Cabotagem,PA/ PA,2025-08-21 00:00:00,ADRIANO,Manaus AM,Carazinho,RS,EXTRAPLAST F2,2025-08-21 00:00:00,10:00:00,2025-08-21 00:00:00,10:00:00,15:40:00,PERFORMANCE,DENTRO DO HR,05:40:00,03:00:00,NÃO PERF.,MRKU5359430,628291,2025-08-23 00:00:00,ENT. REALIZADA ,2025-09-14 00:00:00,2025-09-18 00:00:00,ENT. REALIZADA ,2,22,4,28,30.0,PERFORMANCE,1265908,496581,,,,,,,0.1,8.532900089552787e-07,,2025-08-22 00:00:00,2025-09-22 00:00:00,,0,8.771929824561405e-06,32.0,agosto,agosto,,0.0,0.1,8.532900089552787e-07,0.0002403846153846154,8.771929824561405e-06,2025-09-14 00:00:00,2025-09-18 00:00:00,2025-09-22 00:00:00,34,2025,2025
1,VELD_FINAL,B073484309,250028,106,MENSAL,364500.0,24044.0,855,BERTOLINI,Rodoviário,PA/ PA,2025-08-29 00:00:00,ADRIANO,Manaus AM,Carazinho,RS,EXTRAPLAST F2,2025-09-10 00:00:00,14:00:00,2025-09-10 00:00:00,14:00:00,16:00:00,PERFORMANCE,DENTRO DO HR,02:00:00,04:00:00,PERFORMANCE,B073,484309,2025-09-12 00:00:00,ENT. REALIZADA ,2025-09-25 00:00:00,2025-09-25 00:00:00,ENT. REALIZADA ,2,13,0,15,20.0,PERFORMANCE,102409,102409,24084.52,1863.9199999999998,,940.91,3666.73,,30556.079999999998,0.08383012345679011,,2025-09-11 00:00:00,2025-10-08 00:00:00,,28.169029239766083,1.2708401264348694,28.0,agosto,setembro,,0.0,30556.079999999998,0.08383012345679011,35.73810526315789,1.2708401264348694,2025-09-25 00:00:00,2025-09-25 00:00:00,2025-10-08 00:00:00,37,2025,2025
1,VELD_FINAL,B654484308,250029,105,MENSAL,364500.0,20620.0,720,BERTOLINI,Rodoviário,PA/ PA,2025-08-29 00:00:00,ADRIANO,Manaus AM,Carazinho,RS,EXTRAPLAST F2,2025-09-10 00:00:00,14:00:00,2025-09-10 00:00:00,14:00:00,16:00:00,PERFORMANCE,DENTRO DO HR,02:00:00,04:00:00,PERFORMANCE,B654,484308,2025-09-12 00:00:00,ENT. REALIZADA ,2025-09-25 00:00:00,2025-09-25 00:00:00,ENT. REALIZADA ,2,13,0,15,20.0,PERFORMANCE,102408,102408,24084.52,1863.9199999999998,,940.91,3666.73,,30556.079999999998,0.08383012345679011,,2025-09-11 00:00:00,2025-10-08 00:00:00,,33.450722222222225,1.481866149369544,28.0,agosto,setembro,,0.0,30556.079999999998,0.08383012345679011,42.439,1.481866149369544,2025-09-25 00:00:00,2025-09-25 00:00:00,2025-10-08 00:00:00,37,2025,2025
1,VELD_FINAL,B323_487595487595,250030,104,MENSAL,364500.0,24861.5,855,BERTOLINI,Rodoviário,PA/ PA,2025-08-29 00:00:00,ADRIANO,Manaus AM,Carazinho,RS,EXTRAPLAST F2,2025-09-16 00:00:00,14:00:00,2025-09-16 00:00:00,14:00:00,17:30:00,PERFORMANCE,DENTRO DO HR,03:30:00,1900-01-04 00:00:00,PERFORMANCE,B323_487595,487595,2025-09-18 00:00:00,ENT. REALIZADA ,2025-10-03 00:00:00,2025-10-07 00:00:00,ENT. REALIZADA ,2,15,4,21,20.0,NÃO PERF.,,102765,22994.31,1863.9199999999998,,898.71,3512.31,,29269.25,0.0802997256515775,,,,,26.893929824561404,1.1772921987812481,-45916.0,agosto,setembro,,0.0,29269.25,0.0802997256515775,34.23304093567251,1.1772921987812481,2025-10-03 00:00:00,2025-10-07 00:00:00,00:00:00,38,2025,2025
0,VELD_INTERM,B323_487595487595,250030,702,MENSAL,12696.0,1065.0,4,BERTOLINI,Rodoviário,PA/ PA,2025-08-29 00:00:00,ADRIANO,Manaus AM,Carazinho,RS,EXTRAPLAST F2,2025-09-16 00:00:00,14:00:00,2025-09-16 00:00:00,14:00:00,17:30:00,PERFORMANCE,DENTRO DO HR,03:30:00,1900-01-04 00:00:00,PERFORMANCE,B323_487595,487595,2025-09-18 00:00:00,ENT. REALIZADA ,2025-10-03 00:00:00,2025-10-07 00:00:00,ENT. REALIZADA ,2,15,4,21,20.0,NÃO PERF.,,102766,1082.42,64.92,,42.2,162.21,,1351.7500000000002,0.10647054190296158,,,,,270.605,1.26924882629108,-45916.0,agosto,setembro,,0.0,1351.7500000000002,0.10647054190296158,337.93750000000006,1.26924882629108,2025-10-03 00:00:00,2025-10-07 00:00:00,00:00:00,38,2025,2025
1,VELD_FINAL,B645_487596487596,250031,110,MENSAL,324000.0,20874.01,810,BERTOLINI,Rodoviário,PA/ PA,2025-08-29 00:00:00,ADRIANO,Manaus AM,Carazinho,RS,EXTRAPLAST F2,2025-09-16 00:00:00,14:00:00,2025-09-16 00:00:00,14:00:00,17:30:00,PERFORMANCE,DENTRO DO HR,03:30:00,1900-01-04 00:00:00,PERFORMANCE,B645_487596,487596,2025-09-18 00:00:00,ENT. REALIZADA ,2025-10-03 00:00:00,2025-10-07 00:00:00,ENT. REALIZADA ,2,15,4,21,20.0,NÃO PERF.,,102736,24109.37,1656.8100000000002,,940.91,3641.88,,30348.97,0.09366966049382716,,,,,29.764654320987653,1.453911826237508,-45916.0,agosto,setembro,,0.0,30348.97,0.09366966049382716,37.467864197530865,1.453911826237508,2025-10-03 00:00:00,2025-10-07 00:00:00,00:00:00,38,2025,2025
1,VELD_INTERM,B922PQP3056,250023,684,MENSAL,276543.0,24319.0,193,BERTOLINI,Rodoviário,PA/ PA,2025-09-01 00:00:00,ADRIANO,Manaus AM,Carazinho,RS,EXTRAPLAST F2,2025-09-01 00:00:00,10:00:00,2025-09-01 00:00:00,10:00:00,15:00:00,PERFORMANCE,DENTRO DO HR,05:00:00,04:00:00,NÃO PERF.,B922,PQP3056,2025-09-03 00:00:00,ENT. REALIZADA ,2025-09-16 00:00:00,2025-09-16 00:00:00,ENT. REALIZADA ,2,13,0,15,20.0,PERFORMANCE,2375565,101812,24138.49,1414.14,,940.91,3612.76,,30106.300000000003,0.10886661387198375,,2025-09-03 00:00:00,2025-09-30 00:00:00,,125.069896373057,1.2379744232904315,29.0,setembro,setembro,,0.0,30106.300000000003,0.10886661387198375,155.99119170984457,1.2379744232904315,2025-09-16 00:00:00,2025-09-16 00:00:00,2025-09-30 00:00:00,36,2025,2025
1,VELD_FINAL,B057485710,250024,107,MENSAL,38250.0,2206.6,85,BERTOLINI,Rodoviário,PA/ PA,2025-09-01 00:00:00,ADRIANO,Manaus AM,Carazinho,RS,EXTRAPLAST F2,2025-09-01 00:00:00,10:00:00,2025-09-01 00:00:00,10:00:00,15:00:00,PERFORMANCE,DENTRO DO HR,05:00:00,04:00:00,NÃO PERF.,B057,485710,2025-09-03 00:00:00,ENT. REALIZADA ,2025-09-16 00:00:00,2025-09-16 00:00:00,ENT. REALIZADA ,2,13,0,15,20.0,PERFORMANCE,2375565,101810,3071.33,195.6,,119.79,461.82,,3848.54,0.10061542483660131,,2025-09-03 00:00:00,2025-09-30 00:00:00,,36.13329411764706,1.744104051481918,29.0,setembro,setembro,,0.0,3848.54,0.10061542483660131,45.27694117647059,1.744104051481918,2025-09-16 00:00:00,2025-09-16 00:00:00,2025-09-30 00:00:00,36,2025,2025
0,VELD_INTERM,B057485710,250024,685,MENSAL,190440.0,16050.0,60,BERTOLINI,Rodoviário,PA/ PA,2025-09-01 00:00:00,ADRIANO,Manaus AM,Carazinho,RS,EXTRAPLAST F2,2025-09-01 00:00:00,10:00:00,2025-09-01 00:00:00,10:00:00,15:00:00,PERFORMANCE,DENTRO DO HR,05:00:00,04:00:00,NÃO PERF.,B057,485710,2025-09-03 00:00:00,ENT. REALIZADA ,2025-09-16 00:00:00,2025-09-16 00:00:00,ENT. REALIZADA ,2,13,0,15,20.0,PERFORMANCE,2375565,101811,21096.53,973.84,,821.12,3121.57,,26013.059999999998,0.1365945179584121,,2025-09-03 00:00:00,2025-09-30 00:00:00,,351.60883333333334,1.6207514018691587,29.0,setembro,setembro,,0.0,26013.059999999998,0.1365945179584121,433.551,1.6207514018691587,2025-09-16 00:00:00,2025-09-16 00:00:00,2025-09-30 00:00:00,36,2025,2025
1,VELD_INTERM,MRKU5291710120500,5AIBK06CK,687,MENSAL,221661.32,19124.1,174,ALIANÇA,Cabotagem,PA/ PA,2025-09-01 00:00:00,ADRIANO,Manaus AM,Carazinho,RS,EXTRAPLAST F2,2025-09-02 00:00:00,10:00:00,2025-09-02 00:00:00,10:00:00,15:00:00,PERFORMANCE,DENTRO DO HR,05:00:00,03:00:00,NÃO PERF.,MRKU5291710,120500,2025-09-06 00:00:00,ENT. REALIZADA ,2025-10-12 00:00:00,2025-10-15 00:00:00,ENT. REALIZADA ,4,36,3,43,30.0,NÃO PERF.,,498746,11288.5,221.66,978.0,395.0,1756.79,,14639.95,0.06604648027901305,,,,,64.8764367816092,0.7655236063396449,-45902.0,setembro,setembro,,0.0,14639.95,0.06604648027901305,84.13764367816093,0.7655236063396449,2025-10-12 00:00:00,2025-10-15 00:00:00,00:00:00,36,2025,2025
1,VELD_FINAL,OAB0175903,250032,111,MENSAL,380000.0,24623.95,400,TODO BRASIL,Rodoviário,PA/ PA,2025-09-01 00:00:00,ADRIANO,Manaus AM,Balsas,MA,FREEIRE E CIA,2025-09-24 00:00:00,16:00:00,2025-09-24 00:00:00,16:00:00,19:50:00,PERFORMANCE,DENTRO DO HR,03:50:00,04:00:00,PERFORMANCE,OAB0175,903,2025-09-26 00:00:00,ENT. REALIZADA ,2025-10-10 00:00:00,2025-10-11 00:00:00,ENT. REALIZADA ,2,14,1,17,20.0,PERFORMANCE,,99999,20000.0,,,,,,20000.0,0.05263157894736842,,,,,50,0.8122173737357329,-45924.0,setembro,setembro,,0.0,20000.0,0.05263157894736842,50.0,0.8122173737357329,2025-10-10 00:00:00,2025-10-11 00:00:00,00:00:00,39,2025,2025
1,VELD_INTERM,MSKU16545311210707,5AMAK3951,688,MENSAL,151022.32,12744.5,62,ALIANÇA,Cabotagem,PA/ PA,2025-09-03 00:00:00,ADRIANO,Manaus AM,Lauro de Freitas,BA,PLASKEM,2025-09-03 00:00:00,10:00:00,2025-09-03 00:00:00,10:00:00,15:00:00,PERFORMANCE,DENTRO DO HR,05:00:00,03:00:00,NÃO PERF.,MSKU1654531,1210707,2025-09-06 00:00:00,ENT. REALIZADA ,2025-09-21 00:00:00,2025-09-25 00:00:00,ENT. REALIZADA ,3,15,4,22,30.0,PERFORMANCE,,498744,7364.9,151.02,660.0,395.0,1168.76,,9739.68,0.06449165924612997,,,,,118.78870967741935,0.7642261367648789,-45903.0,setembro,setembro,,0.0,9739.68,0.06449165924612997,157.0916129032258,0.7642261367648789,2025-09-21 00:00:00,2025-09-25 00:00:00,00:00:00,36,2025,2025
1,VELD_FINAL,B924484302,250026,108,MENSAL,190312.5,17676.5,609,BERTOLINI,Rodoviário,PA/ PA,2025-09-08 00:00:00,ADRIANO,Manaus AM,Carazinho,RS,EXTRAPLAST F2,2025-09-08 00:00:00,14:00:00,2025-09-08 00:00:00,14:00:00,19:40:00,PERFORMANCE,DENTRO DO HR,05:40:00,04:00:00,NÃO PERF.,B924,484302,2025-09-10 00:00:00,ENT. REALIZADA ,2025-09-22 00:00:00,2025-09-23 00:00:00,ENT. REALIZADA ,2,12,1,15,20.0,PERFORMANCE,2378149,102161,19118.85,973.19,,744.56,2841.36,,23677.96,0.12441621018062397,,2025-09-09 00:00:00,2025-10-06 00:00:00,,31.393842364532016,1.3395163069612197,28.0,setembro,setembro,,0.0,23677.96,0.12441621018062397,38.88006568144499,1.3395163069612197,2025-09-22 00:00:00,2025-09-23 00:00:00,2025-10-06 00:00:00,37,2025,2025
0,VELD_INTERM,B924484302,250026,693,MENSAL,42763.2,4414.0,19,BERTOLINI,Rodoviário,PA/ PA,2025-09-08 00:00:00,ADRIANO,Manaus AM,Carazinho,RS,EXTRAPLAST F2,2025-09-08 00:00:00,14:00:00,2025-09-08 00:00:00,14:00:00,19:40:00,PERFORMANCE,DENTRO DO HR,05:40:00,04:00:00,NÃO PERF.,B924,484302,2025-09-10 00:00:00,ENT. REALIZADA ,2025-09-22 00:00:00,2025-09-23 00:00:00,ENT. REALIZADA ,2,12,1,15,20.0,PERFORMANCE,2378149,102162,5046.31,218.67,,196.35,744.73,,6206.060000000001,0.14512618326037344,,2025-09-09 00:00:00,2025-10-06 00:00:00,,265.59526315789475,1.4059945627548711,28.0,setembro,setembro,,0.0,6206.060000000001,0.14512618326037344,326.6347368421053,1.4059945627548711,2025-09-22 00:00:00,2025-09-23 00:00:00,2025-10-06 00:00:00,37,2025,2025
1,VELD_FINAL,B122484303,250027,109,MENSAL,253125.0,23813.5,810,BERTOLINI,Rodoviário,PA/ PA,2025-09-08 00:00:00,ADRIANO,Manaus AM,Carazinho,RS,EXTRAPLAST F2,2025-09-08 00:00:00,14:00:00,2025-09-08 00:00:00,14:00:00,19:40:00,PERFORMANCE,DENTRO DO HR,05:40:00,04:00:00,NÃO PERF.,B122,484303,2025-09-10 00:00:00,ENT. REALIZADA ,2025-09-22 00:00:00,2025-09-23 00:00:00,ENT. REALIZADA ,2,12,1,15,20.0,PERFORMANCE,2378149,102209,24152.87,1294.38,,940.91,3598.38,,29986.54,0.11846534320987655,,2025-09-09 00:00:00,2025-10-06 00:00:00,,29.818358024691356,1.259224389526949,28.0,setembro,setembro,,0.0,29986.54,0.11846534320987655,37.02041975308642,1.259224389526949,2025-09-22 00:00:00,2025-09-23 00:00:00,2025-10-06 00:00:00,37,2025,2025
1,VELD_INTERM,TCKU69653001215342,5AIBK09HK,700,MENSAL,257703.55,20737.69,107,ALIANÇA,Cabotagem,PA/ PA,2025-09-16 00:00:00,ADRIANO,Manaus AM,Carazinho,RS,EXTRAPLAST F2,2025-09-16 00:00:00,10:00:00,2025-09-16 00:00:00,09:35:00,13:00:00,PERFORMANCE,DENTRO DO HR,03:25:00,03:00:00,NÃO PERF.,TCKU6965300,1215342,2025-09-20 00:00:00,ENT. REALIZADA ,2025-10-12 00:00:00,2025-10-17 00:00:00,ENT. REALIZADA ,4,22,5,31,30.0,NÃO PERF.,,500319,11288.5,257.7,978.0,395.0,1761.71,,14680.91,0.056968210177935075,,,,,105.5,0.7079337187507384,-45916.0,setembro,setembro,,0.0,14680.91,0.056968210177935075,137.20476635514018,0.7079337187507384,2025-10-12 00:00:00,2025-10-17 00:00:00,00:00:00,38,2025,2025
1,VELD_INTERM,MRKU36300961210876,5AIBK09ZR,704,MENSAL,244190.6,19496.5,291,ALIANÇA,Cabotagem,PA/ PA,2025-09-18 00:00:00,ADRIANO,Manaus AM,Carazinho,RS,EXTRAPLAST F2,2025-09-18 00:00:00,10:00:00,2025-09-18 00:00:00,10:00:00,16:00:00,PERFORMANCE,DENTRO DO HR,06:00:00,03:00:00,NÃO PERF.,MRKU3630096,1210876,2025-09-20 00:00:00,ENT. REALIZADA ,2025-10-12 00:00:00,2025-10-16 00:00:00,ENT. REALIZADA ,2,22,4,28,30.0,PERFORMANCE,,500576,11288.5,244.19,978.0,395.0,1759.87,,14665.560000000001,0.06005784006427766,,,,,38.792096219931274,0.7522150129510425,-45918.0,setembro,setembro,,0.0,14665.560000000001,0.06005784006427766,50.39711340206186,0.7522150129510425,2025-10-12 00:00:00,2025-10-16 00:00:00,00:00:00,38,2025,2025
1,VELD_INTERM,MRKU57827971212983,5AMAK4400,713,MENSAL,86432.4,7644.0,51,ALIANÇA,Cabotagem,PA/ PA,2025-09-24 00:00:00,ADRIANO,Manaus AM,Carazinho,RS,EXTRAPLAST F2,2025-09-24 00:00:00,16:00:00,2025-09-24 00:00:00,14:00:00,16:00:00,PERFORMANCE,DENTRO DO HR,02:00:00,03:00:00,PERFORMANCE,MRKU5782797,1212983,2025-10-04 00:00:00,ENT. REALIZADA ,2025-11-18 00:00:00,2025-11-26 00:00:00,ENT. REALIZADA ,10,45,8,63,30.0,NÃO PERF.,,502028,11042.7,86.43,978.0,395.0,1704.84,,14206.970000000001,0.1643708840666232,,,,,216.5235294117647,1.8585779696493985,-45924.0,setembro,setembro,,0.0,14206.970000000001,0.1643708840666232,278.56803921568627,1.8585779696493985,2025-11-18 00:00:00,2025-11-26 00:00:00,00:00:00,39,2025,2025
0,VELD_INTERM,MRKU57827971212983,5AMAK4400,113,MENSAL,238200.0,15445.9,640,ALIANÇA,Cabotagem,PA/ PA,2025-09-24 00:00:00,ADRIANO,Manaus AM,Carazinho,RS,EXTRAPLAST F2,2025-09-24 00:00:00,16:00:00,2025-09-24 00:00:00,14:00:00,16:00:00,PERFORMANCE,DENTRO DO HR,02:00:00,03:00:00,PERFORMANCE,MRKU5782797,1212983,2025-10-04 00:00:00,ENT. REALIZADA ,2025-11-18 00:00:00,2025-11-26 00:00:00,ENT. REALIZADA ,10,45,8,63,30.0,NÃO PERF.,,,,,,,,,0.0,0.0,,,,,0,0.0,-45924.0,setembro,setembro,,0.0,0.0,0.0,0.0,0.0,2025-11-18 00:00:00,2025-11-26 00:00:00,00:00:00,39,2025,2025
1,VELD_FINAL,GESU50437821739802,LM0452679,117,MENSAL,262861.2,23460.0,810,LOG-IN,Exportação,PO/PO,2025-09-30 00:00:00,ADRIANO,Manaus AM,Montevidéu,UY,DUCART LATIN AMERICA,2025-10-03 00:00:00,14:30:00,2025-10-03 00:00:00,15:10:00,16:10:00,PERFORMANCE,FORA DO HR,01:00:00,03:00:00,PERFORMANCE,GESU5043782,1739802,2025-10-10 00:00:00,ENT. REALIZADA ,2025-11-07 00:00:00,2025-11-10 00:00:00,ENT. REALIZADA ,7,28,3,38,26.0,NÃO PERF.,,,1390.0,,,,,,1390.0,0.005287961859719121,,,,,1.7160493827160495,0.05924978687127025,-45933.0,setembro,outubro,,0.0,1390.0,0.005287961859719121,1.7160493827160495,0.05924978687127025,2025-11-07 00:00:00,2025-11-10 00:00:00,00:00:00,40,2025,2025
1,VELD_FINAL,B077489005,250033,118,MENSAL,324000.0,19440.0,720,BERTOLINI,Rodoviário,PA/ PA,2025-09-30 00:00:00,ADRIANO,Manaus AM,Holambra ,SP,EXTRAPLAST HOL,2025-10-07 00:00:00,14:00:00,2025-10-07 00:00:00,14:00:00,17:00:00,PERFORMANCE,DENTRO DO HR,03:00:00,03:00:00,PERFORMANCE,B077,489005,2025-10-09 00:00:00,ENT. REALIZADA ,2025-10-17 00:00:00,2025-10-17 00:00:00,ENT. REALIZADA ,2,8,0,10,20.0,PERFORMANCE,,104362,21874.22,1656.81,,1066.36,3354.19,,27951.58,0.08627030864197531,,,,,30.380861111111113,1.4378384773662551,-45937.0,setembro,outubro,,0.0,27951.58,0.08627030864197531,38.82163888888889,1.4378384773662551,2025-10-17 00:00:00,2025-10-17 00:00:00,00:00:00,41,2025,2025
1,VELD_FINAL,ANT119ANT119,250035,119,MENSAL,405340.2,23477.0,810,BERTOLINI,Rodoviário,PA/ PA,2025-09-30 00:00:00,ADRIANO,Manaus AM,Holambra ,SP,EXTRAPLAST HOL,2025-10-15 00:00:00,14:00:00,2025-10-20 00:00:00,14:00:00,17:00:00,NÃO PERF,DENTRO DO HR,03:00:00,03:00:00,PERFORMANCE,ANT119,ANT119,2025-10-20 00:00:00,ENT. REALIZADA ,2025-11-03 00:00:00,2025-11-03 00:00:00,ENT. REALIZADA ,0,14,0,14,20.0,PERFORMANCE,,105146,21849.37,1863.92,,1066.36,3379.04,,28158.690000000002,0.0694692754382615,,,,,26.97453086419753,1.199416024193892,-45950.0,setembro,outubro,,0.0,28158.690000000002,0.0694692754382615,34.763814814814815,1.199416024193892,2025-11-03 00:00:00,2025-11-03 00:00:00,00:00:00,43,2025,2025
1,VELD_FINAL,B811492194,250036,115,MENSAL,364500.0,21027.6,810,BERTOLINI,Rodoviário,PA/ PA,2025-09-30 00:00:00,ADRIANO,Manaus AM,Carazinho,RS,EXTRAPLAST F2,2025-10-08 00:00:00,15:00:00,2025-10-09 00:00:00,15:00:00,22:00:00,NÃO PERF,DENTRO DO HR,07:00:00,04:00:00,NÃO PERF.,B811,492194,2025-10-11 00:00:00,ENT. REALIZADA ,2025-10-23 00:00:00,2025-10-23 00:00:00,ENT. REALIZADA ,2,12,0,14,20.0,PERFORMANCE,2393937,104642,23623.74,1863.92,,923.07,3601.46,,30012.190000000002,0.08233796982167353,,2025-10-21 00:00:00,2025-11-06 00:00:00,,29.165111111111113,1.4272760562308586,28.0,setembro,outubro,,0.0,30012.190000000002,0.08233796982167353,37.05208641975309,1.4272760562308586,2025-10-23 00:00:00,2025-10-23 00:00:00,2025-11-06 00:00:00,41,2025,2025
1,VELD_FINAL,B841422175,250037,116,MENSAL,364500.0,21027.6,810,BERTOLINI,Rodoviário,PA/ PA,2025-09-30 00:00:00,ADRIANO,Manaus AM,Carazinho,RS,EXTRAPLAST F2,2025-10-11 00:00:00,15:00:00,2025-10-11 00:00:00,09:00:00,12:50:00,PERFORMANCE,DENTRO DO HR,03:50:00,04:00:00,PERFORMANCE,B841,422175,2025-10-14 00:00:00,ENT. REALIZADA ,2025-10-29 00:00:00,2025-10-29 00:00:00,ENT. REALIZADA ,3,15,0,18,20.0,PERFORMANCE,2394586,104762,24084.52,1863.92,,940.91,3666.73,,30556.08,0.08383012345679013,,2025-10-13 00:00:00,,,29.733975308641977,1.4531415853449754,-45941.0,setembro,outubro,,0.0,30556.08,0.08383012345679013,37.723555555555556,1.4531415853449754,2025-10-29 00:00:00,2025-10-29 00:00:00,00:00:00,41,2025,2025
1,VELD_INTERM,BO52489004,250033,719,MENSAL,405340.2,31004.55,500,BERTOLINI,Rodoviário,PA/ PA,2025-10-01 00:00:00,ADRIANO,Manaus AM,Holambra ,SP,OKUBO,2025-10-07 00:00:00,14:00:00,2025-10-07 00:00:00,14:00:00,17:00:00,PERFORMANCE,DENTRO DO HR,03:00:00,03:00:00,PERFORMANCE,BO52,489004,2025-10-09 00:00:00,ENT. REALIZADA ,2025-10-17 00:00:00,2025-10-17 00:00:00,ENT. REALIZADA ,2,8,0,10,20.0,PERFORMANCE,2393509,104451,21824.31,2072.76,,1066.36,3404.1,9600.0,37967.53,0.09366830627704827,FRETE 2ª PERNA HOL x OKUBO,,,,43.64862,1.2245792956195138,-45937.0,outubro,outubro,,0.0,37967.53,0.09366830627704827,75.93506,1.2245792956195138,2025-10-17 00:00:00,2025-10-17 00:00:00,00:00:00,41,2025,2025
1,VELD_INTERM,B069 492193,250038,724,MENSAL,253518.72,20158.2,324,BERTOLINI,Rodoviário,PA/ PA,2025-10-01 00:00:00,ADRIANO,Manaus AM,Carazinho,RS,EXTRAPLAST F2,2025-10-09 00:00:00,15:00:00,2025-10-09 00:00:00,15:00:00,22:00:00,PERFORMANCE,DENTRO DO HR,07:00:00,04:00:00,NÃO PERF.,B069 ,492193,2025-10-11 00:00:00,ENT. REALIZADA ,2025-10-23 00:00:00,2025-10-23 00:00:00,ENT. REALIZADA ,2,12,0,14,20.0,PERFORMANCE,2393937,104640,24152.62,1296.4,,940.91,3598.63,,29988.56,0.11828933184894591,,2025-10-21 00:00:00,2025-11-06 00:00:00,,74.54512345679012,1.4876606046174758,28.0,outubro,outubro,,0.0,29988.56,0.11828933184894591,92.55728395061729,1.4876606046174758,2025-10-23 00:00:00,2025-10-23 00:00:00,2025-11-06 00:00:00,41,2025,2025
1,VELD_INTERM,B811492194,250039,725,MENSAL,6036.16,413.6,8,BERTOLINI,Rodoviário,PA/ PA,2025-10-01 00:00:00,ADRIANO,Manaus AM,Carazinho,RS,EXTRAPLAST F2,2025-10-08 00:00:00,15:00:00,2025-10-09 00:00:00,15:00:00,22:00:00,NÃO PERF,DENTRO DO HR,07:00:00,04:00:00,NÃO PERF.,B811,492194,2025-10-11 00:00:00,ENT. REALIZADA ,2025-10-23 00:00:00,2025-10-23 00:00:00,ENT. REALIZADA ,2,12,0,14,20.0,PERFORMANCE,2393937,104643,461.2,30.87,,13.72,68.97,,574.76,0.09521947728357101,,2025-10-21 00:00:00,2025-11-06 00:00:00,,57.65,1.3896518375241778,28.0,outubro,outubro,,0.0,574.76,0.09521947728357101,71.845,1.3896518375241778,2025-10-23 00:00:00,2025-10-23 00:00:00,2025-11-06 00:00:00,41,2025,2025
1,VELD_INTERM,MRKU34917661214079,5AMAK4468,721,MENSAL,206551.86,17918.3,333,ALIANÇA,Cabotagem,PA/ PA,2025-10-02 00:00:00,ADRIANO,Manaus AM,Carazinho,RS,EXTRAPLAST F2,2025-10-02 00:00:00,12:00:00,2025-10-02 00:00:00,12:00:00,15:00:00,PERFORMANCE,DENTRO DO HR,03:00:00,03:00:00,PERFORMANCE,MRKU3491766,1214079,2025-10-11 00:00:00,ENT. REALIZADA ,2025-11-02 00:00:00,2025-11-06 00:00:00,ENT. REALIZADA ,9,22,4,35,30.0,NÃO PERF.,,503738,11042.7,206.55,978.0,395.0,1721.22,,14343.47,0.06944246350529112,,,,,33.16126126126127,0.8004927922849824,-45932.0,outubro,outubro,,0.0,14343.47,0.06944246350529112,43.07348348348348,0.8004927922849824,2025-11-02 00:00:00,2025-11-06 00:00:00,00:00:00,40,2025,2025
1,VELD_INTERM,MSKU1787236BR1213037,5AIBK12RU,723,MENSAL,133852.5,11100.0,99,ALIANÇA,Cabotagem,PA/ PA,2025-10-02 00:00:00,ADRIANO,Manaus AM,Carazinho,RS,EXTRAPLAST F2,2025-10-02 00:00:00,10:00:00,2025-10-02 00:00:00,10:00:00,16:00:00,PERFORMANCE,DENTRO DO HR,06:00:00,03:00:00,NÃO PERF.,MSKU1787236,BR1213037,2025-10-11 00:00:00,ENT. REALIZADA ,2025-11-02 00:00:00,2025-11-06 00:00:00,ENT. REALIZADA ,9,22,4,35,30.0,NÃO PERF.,,503044,6409.94,133.85,567.7,229.28,1001.01,,8341.779999999999,0.062320688817915235,,,,,64.74686868686868,0.7515117117117116,-45932.0,outubro,outubro,,0.0,8341.779999999999,0.062320688817915235,84.26040404040403,0.7515117117117116,2025-11-02 00:00:00,2025-11-06 00:00:00,00:00:00,40,2025,2025
0,VELD_FINAL,MSKU1787236BR1213037,5AIBK12RU,120,MENSAL,202500.0,12007.0,450,ALIANÇA,Cabotagem,PA/ PA,2025-10-02 00:00:00,ADRIANO,Manaus AM,Carazinho,RS,EXTRAPLAST F2,2025-10-02 00:00:00,10:00:00,2025-10-02 00:00:00,10:00:00,16:00:00,PERFORMANCE,DENTRO DO HR,06:00:00,03:00:00,NÃO PERF.,MSKU1787236,BR1213037,2025-10-11 00:00:00,ENT. REALIZADA ,2025-11-02 00:00:00,2025-11-06 00:00:00,ENT. REALIZADA ,9,22,4,35,30.0,NÃO PERF.,,503043,4632.76,202.5,410.3,165.72,737.9,,6149.18,0.03036632098765432,,,,,10.295022222222222,0.5121329224618972,-45932.0,outubro,outubro,,0.0,6149.18,0.03036632098765432,13.664844444444444,0.5121329224618972,2025-11-02 00:00:00,2025-11-06 00:00:00,00:00:00,40,2025,2025
1,VELD_FINAL,ANT121ANT121,250034,121,MENSAL,348000.0,17715.5,600,BERTOLINI,Rodoviário,PA/ PA,2025-10-03 00:00:00,ADRIANO,Manaus AM,ENGENHEIRO COELHO,SP,CELSO CARDOSO,2025-10-15 00:00:00,14:00:00,2025-10-20 00:00:00,14:00:00,17:00:00,NÃO PERF,DENTRO DO HR,03:00:00,03:00:00,PERFORMANCE,ANT121,ANT121,2025-10-20 00:00:00,ENT. REALIZADA ,2025-11-03 00:00:00,2025-11-03 00:00:00,ENT. REALIZADA ,0,14,0,14,20.0,PERFORMANCE,,105147,21859.49,1779.54,,1066.36,3368.92,,28074.310000000005,0.08067330459770117,,,,,36.43248333333334,1.584731449860292,-45950.0,outubro,outubro,,0.0,28074.310000000005,0.08067330459770117,46.790516666666676,1.584731449860292,2025-11-03 00:00:00,2025-11-03 00:00:00,00:00:00,43,2025,2025
1,VELD_INTERM,BO55422176,250040,726,MENSAL,248320.0,19488.5,428,BERTOLINI,Rodoviário,PA/ PA,2025-10-11 00:00:00,ADRIANO,Manaus AM,Carazinho,RS,EXTRAPLAST F2,2025-10-11 00:00:00,15:00:00,2025-10-11 00:00:00,09:00:00,11:00:00,PERFORMANCE,DENTRO DO HR,02:00:00,04:00:00,PERFORMANCE,BO55,422176,2025-10-14 00:00:00,ENT. REALIZADA ,2025-10-29 00:00:00,2025-10-29 00:00:00,ENT. REALIZADA ,3,15,0,18,20.0,PERFORMANCE,2394586,104763,24155.81,1269.81,,940.91,3595.44,,29961.97,0.12065870650773196,,,,,56.43880841121496,1.5374179644405677,-45941.0,outubro,outubro,,0.0,29961.97,0.12065870650773196,70.00460280373832,1.5374179644405677,2025-10-29 00:00:00,2025-10-29 00:00:00,00:00:00,41,2025,2025
1,VELD_INTERM,B341425377,250041,732,MENSAL,325881.34,23446.7,249,BERTOLINI,Rodoviário,PA/ PA,2025-10-15 00:00:00,ADRIANO,Manaus AM,Carazinho,RS,EXTRAPLAST F2,2025-10-16 00:00:00,14:00:00,2025-10-16 00:00:00,14:00:00,18:00:00,PERFORMANCE,DENTRO DO HR,04:00:00,04:00:00,PERFORMANCE,B341,425377,2025-10-18 00:00:00,ENT. REALIZADA ,2025-10-30 00:00:00,2025-10-30 00:00:00,ENT. REALIZADA ,2,12,0,14,20.0,PERFORMANCE,2397493,105046,24108.22,1666.44,,940.91,3643.03,,30358.6,0.09315844840947321,,,,,96.82016064257029,1.294792017640009,-45946.0,outubro,outubro,,0.0,30358.6,0.09315844840947321,121.92208835341364,1.294792017640009,2025-10-30 00:00:00,2025-10-30 00:00:00,00:00:00,42,2025,2025
1,VELD_INTERM,B342425377,250042,733,MENSAL,253920.0,21867.9,120,BERTOLINI,Rodoviário,PA/ PA,2025-10-15 00:00:00,ADRIANO,Manaus AM,Carazinho,RS,EXTRAPLAST F2,2025-10-16 00:00:00,14:00:00,2025-10-16 00:00:00,14:00:00,18:00:00,PERFORMANCE,DENTRO DO HR,04:00:00,04:00:00,PERFORMANCE,B342,425377,2025-10-18 00:00:00,ENT. REALIZADA ,2025-10-30 00:00:00,2025-10-30 00:00:00,ENT. REALIZADA ,2,12,0,14,20.0,PERFORMANCE,2397493,105068,24152.38,1298.46,,940.91,3598.87,,29990.62,0.11811050724637681,,,,,201.26983333333334,1.3714449032600293,-45946.0,outubro,outubro,,0.0,29990.62,0.11811050724637681,249.92183333333332,1.3714449032600293,2025-10-30 00:00:00,2025-10-30 00:00:00,00:00:00,42,2025,2025
1,VELD_INTERM,MRKU2536260BR1215603,5AIBK15UN,742,MENSAL,249550.0,21124.5,203,ALIANÇA,Cabotagem,PA/ PA,2025-10-23 00:00:00,ADRIANO,Manaus AM,Carazinho,RS,EXTRAPLAST F2,2025-10-23 00:00:00,14:00:00,2025-10-23 00:00:00,14:00:00,14:20:00,PERFORMANCE,DENTRO DO HR,00:20:00,03:00:00,PERFORMANCE,MRKU2536260,BR1215603,2025-11-01 00:00:00,ENT. REALIZADA ,2025-11-24 00:00:00,2025-11-28 00:00:00,ENT. REALIZADA ,9,23,4,36,30.0,NÃO PERF.,,505871,11288.5,249.55,978.0,395.0,2715.14,,15626.189999999999,0.06261747144860749,TAXA SECA,,,,55.608374384236456,0.7397188099126606,-45953.0,outubro,outubro,,0.0,15626.189999999999,0.06261747144860749,76.9763054187192,0.7397188099126606,2025-11-24 00:00:00,2025-11-28 00:00:00,00:00:00,43,2025,2025
1,VELD_INTERM,B439 A488334,250062,744,MENSAL,352968.0,24095.5,42,BERTOLINI,Rodoviário,PA/ PA,2025-10-23 00:00:00,LÚCIO,Manaus AM,Carazinho,RS,EXTRAPLAST F2,2025-12-09 00:00:00,15:00:00,2025-12-09 00:00:00,13:00:00,20:44:00,PERFORMANCE,DENTRO DO HR,07:44:00,04:00:00,NÃO PERF.,B439 A,488334,2025-12-11 00:00:00,ENT. REALIZADA ,2025-12-22 00:00:00,2025-12-22 00:00:00,ENT. REALIZADA ,2,11,0,13,20.0,PERFORMANCE,2424419,108902,24091.6,1804.95,,940.91,3659.65,,30497.11,0.08640191178803744,,2025-12-11 00:00:00,2026-01-07 00:00:00,,573.6095238095238,1.265676578614264,29.0,outubro,dezembro,,0.0,30497.11,0.08640191178803744,726.1216666666667,1.265676578614264,2025-12-22 00:00:00,2025-12-22 00:00:00,2026-01-07 00:00:00,50,2025,2025
1,VELD_FINAL,B960492103,250043,122,MENSAL,243000.0,21121.0,395,BERTOLINI,Rodoviário,PA/ PA,2025-10-27 00:00:00,ADRIANO,Manaus AM,Holambra ,SP,EXTRAPLAST HOL,2025-10-28 00:00:00,10:00:00,2025-10-27 00:00:00,12:00:00,15:00:00,PERFORMANCE,FORA DO HR,03:00:00,04:00:00,PERFORMANCE,B960,492103,2025-10-29 00:00:00,ENT. REALIZADA ,2025-11-18 00:00:00,2025-11-18 00:00:00,ENT. REALIZADA ,2,20,0,22,20.0,NÃO PERF.,,105715,21923.92,1242.61,,1066.36,3304.49,,27537.379999999997,0.11332255144032921,,,,,55.50359493670886,1.303791487145495,-45957.0,outubro,outubro,,0.0,27537.379999999997,0.11332255144032921,69.71488607594937,1.303791487145495,2025-11-18 00:00:00,2025-11-18 00:00:00,00:00:00,44,2025,2025
1,VELD_INTERM,MRSU6185470BR1219651,5AIBK16XG,747,MENSAL,170154.0,13894.0,198,ALIANÇA,Cabotagem,PA/ PA,2025-10-28 00:00:00,ADRIANO,Manaus AM,Carazinho,RS,EXTRAPLAST F2,2025-10-28 00:00:00,10:00:00,2025-10-28 00:00:00,10:00:00,19:00:00,PERFORMANCE,DENTRO DO HR,09:00:00,04:00:00,NÃO PERF.,MRSU6185470,BR1219651,2025-11-01 00:00:00,ENT. REALIZADA ,2025-11-24 00:00:00,2025-11-29 00:00:00,ENT. REALIZADA ,4,23,5,32,30.0,NÃO PERF.,,506593,11042.7,247.99,978.0,395.0,1726.87,,14390.560000000001,0.08457373908341856,,,,,55.77121212121212,1.0357391679861812,-45958.0,outubro,outubro,,0.0,14390.560000000001,0.08457373908341856,72.67959595959597,1.0357391679861812,2025-11-24 00:00:00,2025-11-29 00:00:00,00:00:00,44,2025,2025
0,VELD_INTERM,MRSU6185470BR1219651,5AIBK16XG,748,MENSAL,77832.0,7539.5,144,ALIANÇA,Cabotagem,PA/ PA,2025-10-28 00:00:00,ADRIANO,Manaus AM,Carazinho,RS,EXTRAPLAST F2,2025-10-28 00:00:00,10:00:00,2025-10-28 00:00:00,10:00:00,19:00:00,PERFORMANCE,DENTRO DO HR,09:00:00,04:00:00,NÃO PERF.,MRSU6185470,BR1219651,2025-11-01 00:00:00,ENT. REALIZADA ,2025-11-24 00:00:00,2025-11-29 00:00:00,ENT. REALIZADA ,4,23,5,32,30.0,NÃO PERF.,,506593,,,,,,,0.1,1.2848185836159934e-06,,,,,0,1.3263479010544466e-05,-45958.0,outubro,outubro,,0.0,0.1,1.2848185836159934e-06,0.0006944444444444445,1.3263479010544466e-05,2025-11-24 00:00:00,2025-11-29 00:00:00,00:00:00,44,2025,2025
1,VELD_INTERM,MRKU4486384628700,5AIBK17CQ,749,MENSAL,268012.0,21850.5,386,ALIANÇA,Cabotagem,PA/ PA,2025-10-29 00:00:00,ADRIANO,Manaus AM,Carazinho,RS,EXTRAPLAST F2,2025-10-29 00:00:00,14:00:00,2025-10-29 00:00:00,14:00:00,17:00:00,PERFORMANCE,DENTRO DO HR,03:00:00,04:00:00,PERFORMANCE,MRKU4486384,628700,2025-11-01 00:00:00,ENT. REALIZADA ,2025-11-24 00:00:00,2025-11-29 00:00:00,ENT. REALIZADA ,3,23,5,31,30.0,NÃO PERF.,,506554,11042.7,286.01,978.0,395.0,1729.6,,14431.310000000001,0.053845760637583395,,,,,28.608031088082903,0.6604567401203635,-45959.0,outubro,outubro,,0.0,14431.310000000001,0.053845760637583395,37.38681347150259,0.6604567401203635,2025-11-24 00:00:00,2025-11-29 00:00:00,00:00:00,44,2025,2025
1,VELD_FINAL,OAE65801405,250045,125,MENSAL,492750.0,21644.0,1000,TODO BRASIL,Rodoviário,PA/ PA,2025-11-05 00:00:00,ADRIANO,Manaus AM,RIBEIRA DO AMPARO,BA,ITAUEIRA AGROPECUARIA,2025-11-06 00:00:00,14:00:00,2025-11-06 00:00:00,14:00:00,15:30:00,PERFORMANCE,DENTRO DO HR,01:30:00,03:00:00,PERFORMANCE,OAE6580,1405,2025-11-08 00:00:00,ENT. REALIZADA ,2025-11-24 00:00:00,2025-11-24 00:00:00,ENT. REALIZADA ,2,16,0,18,20.0,PERFORMANCE,,19256,20000.0,3000.0,,,,,23000.0,0.04667681380010147,ENTREGA E ADV ,,,,20,1.0626501570874145,-45967.0,novembro,novembro,,0.0,23000.0,0.04667681380010147,23.0,1.0626501570874145,2025-11-24 00:00:00,2025-11-24 00:00:00,00:00:00,45,2025,2025
1,VELD_FINAL,B891492104,250044,127,MENSAL,405000.0,25765.0,900,BERTOLINI,Rodoviário,PA/ PA,2025-11-06 00:00:00,ADRIANO,Manaus AM,Holambra ,SP,EXTRAPLAST HOL,2025-10-28 00:00:00,10:00:00,2025-10-27 00:00:00,12:00:00,15:00:00,PERFORMANCE,FORA DO HR,03:00:00,04:00:00,PERFORMANCE,B891,492104,2025-10-29 00:00:00,ENT. REALIZADA ,2025-11-18 00:00:00,2025-11-18 00:00:00,ENT. REALIZADA ,2,20,0,22,20.0,NÃO PERF.,,106464,22004.43,2071.02,,1066.36,4429.9,7344.16,36915.869999999995,0.09115029629629628,ERRO E SUSTITUIÇÃO DE CT-e,,,,24.449366666666666,1.4327913836600037,-45957.0,novembro,outubro,,0.0,36915.869999999995,0.09115029629629628,41.01763333333333,1.4327913836600037,2025-11-18 00:00:00,2025-11-18 00:00:00,00:00:00,44,2025,2025
1,VELD_INTERM,SUDU89726461323824,5AIBK18GF,752,MENSAL,243695.0,23177.0,404,ALIANÇA,Cabotagem,PA/ PA,2025-11-06 00:00:00,ADRIANO,Manaus AM,Carazinho,RS,EXTRAPLAST F2,2025-11-06 00:00:00,08:00:00,2025-11-06 00:00:00,08:00:00,13:00:00,PERFORMANCE,DENTRO DO HR,05:00:00,03:00:00,NÃO PERF.,SUDU8972646,1323824,2025-11-08 00:00:00,ENT. REALIZADA ,2025-11-30 00:00:00,2025-12-04 00:00:00,ENT. REALIZADA ,2,22,4,28,30.0,PERFORMANCE,,507927,11042.7,243.7,978.0,395.0,1726.28,,14385.680000000002,0.059031494285890156,,,,,27.33341584158416,0.6206877507874187,-45967.0,novembro,novembro,,0.0,14385.680000000002,0.059031494285890156,35.60811881188119,0.6206877507874187,2025-11-30 00:00:00,2025-12-04 00:00:00,00:00:00,45,2025,2025
1,VELD_INTERM,MRKU49311291323832,MRKU4931129,753,MENSAL,243156.0,21670.0,156,ALIANÇA,Cabotagem,PA/ PA,2025-11-06 00:00:00,ADRIANO,Manaus AM,Carazinho,RS,EXTRAPLAST F2,2025-11-06 00:00:00,08:00:00,2025-11-06 00:00:00,08:00:00,13:00:00,PERFORMANCE,DENTRO DO HR,05:00:00,03:00:00,NÃO PERF.,MRKU4931129,1323832,2025-11-08 00:00:00,ENT. REALIZADA ,2025-11-30 00:00:00,2025-12-04 00:00:00,ENT. REALIZADA ,2,22,4,28,30.0,PERFORMANCE,,507925,11042.7,243.16,978.0,395.0,1726.21,,14385.07,0.05915983977364326,,,,,70.78653846153847,0.6638241808952469,-45967.0,novembro,novembro,,0.0,14385.07,0.05915983977364326,92.21198717948718,0.6638241808952469,2025-11-30 00:00:00,2025-12-04 00:00:00,00:00:00,45,2025,2025
1,VELD_INTERM,B1824921105,250046,754,MENSAL,227536.2,19371.5,268,BERTOLINI,Rodoviário,PA/ PA,2025-11-12 00:00:00,LÚCIO,Manaus AM,Carazinho,RS,EXTRAPLAST F2,2026-01-13 00:00:00,14:00:00,2025-11-13 00:00:00,14:00:00,17:00:00,PERFORMANCE,DENTRO DO HR,03:00:00,04:00:00,PERFORMANCE,B182,4921105,2025-11-14 00:00:00,ENT. REALIZADA ,2025-11-24 00:00:00,2025-11-24 00:00:00,ENT. REALIZADA ,1,10,0,11,20.0,PERFORMANCE,2410976,106996,24168.57,1163.54,,940.91,3582.68,,29855.7,0.13121296743111646,,,,,90.18123134328359,1.5412177683710606,-45974.0,novembro,novembro,,0.0,29855.7,0.13121296743111646,111.4018656716418,1.5412177683710606,2025-11-24 00:00:00,2025-11-24 00:00:00,00:00:00,46,2025,2025
1,VELD_INTERM,CIPU50262901218995,5AMAK5390,756,MENSAL,313674.24,21568.0,64,ALIANÇA,Cabotagem,PA/ PA,2025-11-12 00:00:00,LÚCIO,Manaus AM,UBERLANDIA,MG,YUKAER AGRO,2025-11-14 00:00:00,10:00:00,2025-11-14 00:00:00,10:00:00,12:20:00,PERFORMANCE,DENTRO DO HR,02:20:00,03:00:00,PERFORMANCE,CIPU5026290,1218995,2025-11-29 00:00:00,ENT. REALIZADA ,2025-12-12 00:00:00,2025-12-17 00:00:00,ENT. REALIZADA ,15,13,5,33,30.0,NÃO PERF.,,510932,17460.0,313.67,906.0,395.0,2601.09,,21675.76,0.06910277362910004,,,,,272.8125,1.004996290801187,-45975.0,novembro,novembro,,0.0,21675.76,0.06910277362910004,338.68375,1.004996290801187,2025-12-12 00:00:00,2025-12-17 00:00:00,00:00:00,46,2025,2025
1,VELD_INTERM,MRKU39792411321011,5AMAK5390,755,MENSAL,274464.96,19134.0,48,ALIANÇA,Cabotagem,PA/ PA,2025-11-12 00:00:00,LÚCIO,Manaus AM,UBERLANDIA,MG,YUKAER AGRO,2025-11-14 00:00:00,10:00:00,2025-11-14 00:00:00,14:00:00,16:00:00,PERFORMANCE,FORA DO HR,02:00:00,03:00:00,PERFORMANCE,MRKU3979241,1321011,2025-11-29 00:00:00,ENT. REALIZADA ,2025-12-12 00:00:00,2025-12-18 00:00:00,ENT. REALIZADA ,15,13,6,34,30.0,NÃO PERF.,,510933,17460.0,274.46,906.0,395.0,2595.74,,21631.199999999997,0.07881224619711018,,,,,363.75,1.130511132016306,-45975.0,novembro,novembro,,0.0,21631.199999999997,0.07881224619711018,450.6499999999999,1.130511132016306,2025-12-12 00:00:00,2025-12-18 00:00:00,00:00:00,46,2025,2025
1,VELD_INTERM,B057A492106,250047,757,MENSAL,106437.04,11500.0,434,BERTOLINI,Rodoviário,PA/ PA,2025-11-13 00:00:00,LÚCIO,Manaus AM,Carazinho,RS,EXTRAPLAST F2,2026-01-13 00:00:00,14:00:00,2025-11-13 00:00:00,14:00:00,17:00:00,PERFORMANCE,DENTRO DO HR,03:00:00,04:00:00,PERFORMANCE,B057A,492106,2025-11-14 00:00:00,ENT. REALIZADA ,2025-11-24 00:00:00,2025-11-24 00:00:00,ENT. REALIZADA ,1,10,0,11,20.0,PERFORMANCE,2411484,107074,24242.88,544.28,,940.91,3508.37,,29236.44,0.27468294871785237,,,,,55.85917050691244,2.5422991304347824,-45974.0,novembro,novembro,,0.0,29236.44,0.27468294871785237,67.36506912442395,2.5422991304347824,2025-11-24 00:00:00,2025-11-24 00:00:00,00:00:00,46,2025,2025
1,VELD_INTERM,MRSU47663461320947,5AIBK20JP,758,MENSAL,342264.34,23838.5,84,ALIANÇA,Cabotagem,PA/ PA,2025-11-17 00:00:00,LÚCIO,Manaus AM,UBERLANDIA,MG,YUKAER AGRO,2025-11-17 00:00:00,10:00:00,2025-11-17 00:00:00,14:00:00,18:00:00,PERFORMANCE,FORA DO HR,04:00:00,03:00:00,NÃO PERF.,MRSU4766346,1320947,2025-11-25 00:00:00,ENT. REALIZADA ,2025-12-07 00:00:00,2025-12-11 00:00:00,ENT. REALIZADA ,8,12,4,24,30.0,PERFORMANCE,,510223,17460.0,342.26,906.0,395.0,2604.99,,21708.25,0.0634253921983225,,,,,207.85714285714286,0.9106382532457998,-45978.0,novembro,novembro,,0.0,21708.25,0.0634253921983225,258.4315476190476,0.9106382532457998,2025-12-07 00:00:00,2025-12-11 00:00:00,00:00:00,47,2025,2025
0,VELD_INTERM,MAO492107492107,250048,759,MENSAL,11985.0,2213.0,30,BERTOLINI,Rodoviário,PA/ PA,2025-11-18 00:00:00,LÚCIO,Manaus AM,Carazinho,RS,EXTRAPLAST F2,2025-11-18 00:00:00,10:00:00,2025-11-18 00:00:00,10:00:00,15:00:00,PERFORMANCE,DENTRO DO HR,05:00:00,03:00:00,NÃO PERF.,MAO492107,492107,2025-11-19 00:00:00,ENT. REALIZADA ,2025-12-02 00:00:00,2025-12-03 00:00:00,ENT. REALIZADA ,1,13,1,15,20.0,PERFORMANCE,2414176,107347,24181.42,1056.4,,940.91,3569.83,,29748.559999999998,2.4821493533583645,,,,,806.0473333333333,13.442638951649343,-45979.0,novembro,novembro,,0.0,29748.559999999998,2.4821493533583645,991.6186666666666,13.442638951649343,2025-12-02 00:00:00,2025-12-03 00:00:00,00:00:00,47,2025,2025
1,VELD_INTERM,MAO492107492107,250048,760,MENSAL,194600.86,20330.5,571,BERTOLINI,Rodoviário,PA/ PA,2025-11-18 00:00:00,LÚCIO,Manaus AM,Carazinho,RS,EXTRAPLAST F2,2025-11-18 00:00:00,10:00:00,2025-11-18 00:00:00,10:00:00,15:00:00,PERFORMANCE,DENTRO DO HR,05:00:00,03:00:00,NÃO PERF.,MAO492107,492107,2025-11-19 00:00:00,ENT. REALIZADA ,2025-12-02 00:00:00,2025-12-03 00:00:00,ENT. REALIZADA ,1,13,1,15,20.0,PERFORMANCE,2414176,107347,24181.42,1056.4,,940.91,3569.83,,29748.559999999998,0.15286962246723884,,,,,42.3492469352014,1.463247829615602,-45979.0,novembro,novembro,,0.0,29748.559999999998,0.15286962246723884,52.09905429071804,1.463247829615602,2025-12-02 00:00:00,2025-12-03 00:00:00,00:00:00,47,2025,2025
1,VELD_INTERM,BELT492107492103,250049,761,MENSAL,181302.4,18152.0,411,BERTOLINI,Rodoviário,PA/ PA,2025-11-19 00:00:00,LÚCIO,Manaus AM,Carazinho,RS,EXTRAPLAST F2,2025-11-19 00:00:00,10:00:00,2025-11-18 00:00:00,10:00:00,15:00:00,PERFORMANCE,DENTRO DO HR,05:00:00,03:00:00,NÃO PERF.,BELT492107,492103,2025-11-19 00:00:00,ENT. REALIZADA ,2025-12-02 00:00:00,2025-12-03 00:00:00,ENT. REALIZADA ,1,13,1,15,20.0,PERFORMANCE,,107450,24196.94,927.12,,940.91,3554.31,,29619.28,0.16336948655947192,,,,,58.87333333333333,1.63173644777435,-45979.0,novembro,novembro,,0.0,29619.28,0.16336948655947192,72.06637469586374,1.63173644777435,2025-12-02 00:00:00,2025-12-03 00:00:00,00:00:00,47,2025,2025
1,VELD_INTERM,492108492108,250050,765,MENSAL,276118.08,26416.5,420,BERTOLINI,Rodoviário,PA/ PA,2025-11-24 00:00:00,LÚCIO,Manaus AM,Carazinho,RS,EXTRAPLAST F2,2025-11-24 00:00:00,10:00:00,2025-11-24 00:00:00,14:00:00,17:00:00,PERFORMANCE,FORA DO HR,03:00:00,04:00:00,PERFORMANCE,492108,492108,2025-11-26 00:00:00,ENT. REALIZADA ,2025-12-10 00:00:00,2025-12-10 00:00:00,ENT. REALIZADA ,2,14,0,16,20.0,PERFORMANCE,,107670,25522.46,1411.97,,940.91,3801.18,,31676.52,0.1147209193979619,,,,,60.767761904761905,1.1991187326103003,-45985.0,novembro,novembro,,0.0,31676.52,0.1147209193979619,75.42028571428571,1.1991187326103003,2025-12-10 00:00:00,2025-12-10 00:00:00,00:00:00,48,2025,2025
0,VELD_INTERM,485365MAO485365,250051,766,MENSAL,77832.0,6904.5,32,BERTOLINI,Rodoviário,PA/ PA,2025-11-25 00:00:00,LÚCIO,Manaus AM,Carazinho,RS,EXTRAPLAST F2,2025-11-24 00:00:00,10:00:00,2025-11-24 00:00:00,14:00:00,17:00:00,PERFORMANCE,FORA DO HR,03:00:00,04:00:00,PERFORMANCE,485365,MAO485365,2025-11-26 00:00:00,ENT. REALIZADA ,2025-12-10 00:00:00,2025-12-10 00:00:00,ENT. REALIZADA ,2,14,0,16,20.0,PERFORMANCE,,107737,,,,,,,0.1,1.2848185836159934e-06,,,,,0,1.4483307987544356e-05,-45985.0,novembro,novembro,,0.0,0.1,1.2848185836159934e-06,0.003125,1.4483307987544356e-05,2025-12-10 00:00:00,2025-12-10 00:00:00,00:00:00,48,2025,2025
1,VELD_INTERM,485365MAO485365,250051,767,MENSAL,95879.04,10857.0,192,BERTOLINI,Rodoviário,PA/ PA,2025-11-25 00:00:00,LÚCIO,Manaus AM,Carazinho,RS,EXTRAPLAST F2,2025-11-24 00:00:00,10:00:00,2025-11-24 00:00:00,14:00:00,17:00:00,PERFORMANCE,FORA DO HR,03:00:00,04:00:00,PERFORMANCE,485365,MAO485365,2025-11-26 00:00:00,ENT. REALIZADA ,2025-12-10 00:00:00,2025-12-10 00:00:00,ENT. REALIZADA ,2,14,0,16,20.0,PERFORMANCE,,107737,24201.59,888.3,,940.91,3549.4,,29580.2,0.3085158132580385,,,,,126.04994791666667,2.7245279543151883,-45985.0,novembro,novembro,,0.0,29580.2,0.3085158132580385,154.06354166666668,2.7245279543151883,2025-12-10 00:00:00,2025-12-10 00:00:00,00:00:00,48,2025,2025
1,VELD_FINAL,MRKU29800901321707,5AMAK5614,128,MENSAL,239062.5,21678.5,765,BERTOLINI,Rodoviário,PA/ PA,2025-11-25 00:00:00,LÚCIO,Manaus AM,Holambra ,SP,EXTRAPLAST HOL,2025-11-25 00:00:00,10:00:00,2025-11-25 00:00:00,14:00:00,17:00:00,PERFORMANCE,FORA DO HR,03:00:00,04:00:00,PERFORMANCE,MRKU2980090,1321707,2025-11-29 00:00:00,ENT. REALIZADA ,2025-12-13 00:00:00,2025-12-17 00:00:00,ENT. REALIZADA ,4,14,4,22,20.0,NÃO PERF.,,510715,8526.0,239.06,906.0,395.0,1372.64,,11438.699999999999,0.04784815686274509,,,,,11.145098039215686,0.5276518209285698,-45986.0,novembro,novembro,,0.0,11438.699999999999,0.04784815686274509,14.952549019607842,0.5276518209285698,2025-12-13 00:00:00,2025-12-17 00:00:00,00:00:00,48,2025,2025
1,VELD_INTERM,HASU41032351329832,5AIBK21QX,774,MENSAL,274464.96,17909.16,52,ALIANÇA,Cabotagem,PA/ PA,2025-11-26 00:00:00,LÚCIO,Manaus AM,UBERLANDIA,MG,YUKAER AGRO,2025-11-26 00:00:00,14:00:00,2025-11-26 00:00:00,14:00:00,16:30:00,PERFORMANCE,DENTRO DO HR,02:30:00,03:00:00,PERFORMANCE,HASU4103235,1329832,2025-11-29 00:00:00,ENT. REALIZADA ,2025-12-12 00:00:00,2025-12-17 00:00:00,ENT. REALIZADA ,3,13,5,21,30.0,PERFORMANCE,,510578,17460.0,274.46,906.0,395.0,2595.74,,21631.199999999997,0.07881224619711018,,,,,335.7692307692308,1.207828842893804,-45987.0,novembro,novembro,,0.0,21631.199999999997,0.07881224619711018,415.9846153846153,1.207828842893804,2025-12-12 00:00:00,2025-12-17 00:00:00,00:00:00,48,2025,2025
1,VELD_INTERM,B292XMAO492110,250052,771,MENSAL,242144.0,21293.0,112,BERTOLINI,Rodoviário,PA/ PA,2025-11-26 00:00:00,LÚCIO,Manaus AM,Carazinho,RS,EXTRAPLAST F2,2025-11-26 00:00:00,10:00:00,2025-11-26 00:00:00,09:30:00,16:00:00,PERFORMANCE,DENTRO DO HR,06:30:00,04:00:00,NÃO PERF.,B292X,MAO492110,2025-11-28 00:00:00,ENT. REALIZADA ,2025-12-10 00:00:00,2025-12-11 00:00:00,ENT. REALIZADA ,2,12,1,15,20.0,PERFORMANCE,,107599,24368.44,1427.14,,940.91,3645.89,,30382.379999999997,0.1254723635522664,,,,,217.57535714285714,1.426871741887005,-45987.0,novembro,novembro,,0.0,30382.379999999997,0.1254723635522664,271.27124999999995,1.426871741887005,2025-12-10 00:00:00,2025-12-11 00:00:00,00:00:00,48,2025,2025
0,VELD_INTERM,B292XMAO492110,250052,772,MENSAL,36941.76,3944.0,72,BERTOLINI,Rodoviário,PA/ PA,2025-11-26 00:00:00,LÚCIO,Manaus AM,Carazinho,RS,EXTRAPLAST F2,2025-11-26 00:00:00,10:00:00,2025-11-26 00:00:00,09:30:00,16:00:00,PERFORMANCE,DENTRO DO HR,06:30:00,04:00:00,NÃO PERF.,B292X,MAO492110,2025-11-28 00:00:00,ENT. REALIZADA ,2025-12-10 00:00:00,2025-12-11 00:00:00,ENT. REALIZADA ,2,12,1,15,20.0,PERFORMANCE,,107599,,,,,,,0.1,2.7069636097468015e-06,,,,,0,2.5354969574036514e-05,-45987.0,novembro,novembro,,0.0,0.1,2.7069636097468015e-06,0.001388888888888889,2.5354969574036514e-05,2025-12-10 00:00:00,2025-12-11 00:00:00,00:00:00,48,2025,2025
1,VELD_INTERM,B995485567,250053,776,MENSAL,218489.28,18603.0,97,BERTOLINI,Rodoviário,PA/ PA,2025-11-27 00:00:00,LÚCIO,Manaus AM,Carazinho,RS,EXTRAPLAST F2,2025-11-26 00:00:00,10:00:00,2025-11-27 00:00:00,09:30:00,16:00:00,NÃO PERF,DENTRO DO HR,06:30:00,04:00:00,NÃO PERF.,B995,485567,2025-11-28 00:00:00,ENT. REALIZADA ,2025-12-10 00:00:00,2025-12-11 00:00:00,ENT. REALIZADA ,1,12,1,14,20.0,PERFORMANCE,,107994,24174.12,1117.27,,940.91,3577.13,,29809.43,0.13643429096384044,,,,,249.21773195876287,1.6023990754179434,-45988.0,novembro,novembro,,0.0,29809.43,0.13643429096384044,307.31371134020617,1.6023990754179434,2025-12-10 00:00:00,2025-12-11 00:00:00,00:00:00,48,2025,2025
1,VELD_INTERM,MRSU82592261329875,5AIBK22SR,779,MENSAL,246480.0,24114.0,128,ALIANÇA,Cabotagem,PA/ PA,2025-11-28 00:00:00,LÚCIO,Manaus AM,Lauro de Freitas,BA,PLASKEM,2025-11-28 00:00:00,14:00:00,2025-11-28 00:00:00,15:00:00,16:42:00,PERFORMANCE,FORA DO HR,01:42:00,03:00:00,PERFORMANCE,MRSU8259226,1329875,2025-11-29 00:00:00,ENT. REALIZADA ,2025-12-14 00:00:00,2025-12-17 00:00:00,ENT. REALIZADA ,1,15,3,19,30.0,PERFORMANCE,,511018,7364.9,246.48,660.0,395.0,1181.78,,9848.16,0.03995520934761441,,,,,57.53828125,0.4084000995272456,-45989.0,novembro,novembro,,0.0,9848.16,0.03995520934761441,76.93875,0.4084000995272456,2025-12-14 00:00:00,2025-12-17 00:00:00,00:00:00,48,2025,2025
1,VELD_INTERM,MRSU47308941320225,5AMAK5923,781,MENSAL,111792.0,13152.0,274,ALIANÇA,Cabotagem,PA/ PA,2025-11-29 00:00:00,LÚCIO,Manaus AM,Anta Gorda,RS,DIAMAJU AGRICOLA LTDA,2025-12-12 00:00:00,14:00:00,2025-12-12 00:00:00,09:00:00,19:20:00,PERFORMANCE,DENTRO DO HR,10:20:00,04:00:00,NÃO PERF.,MRSU4730894,1320225,2025-12-27 00:00:00,ENT. REALIZADA ,2026-01-18 00:00:00,2026-01-26 00:00:00,ENT. REALIZADA ,15,22,8,45,30.0,NÃO PERF.,,512820,12050.0,219.0,906.0,395.0,1850.46,,15420.46,0.13793885072277084,,,,,43.97810218978102,0.58,-46003.0,novembro,dezembro,,0.0,15420.46,0.13793885072277084,56.279051094890505,1.1724802311435523,2026-01-18 00:00:00,2026-01-26 00:00:00,00:00:00,50,2026,2025
0,VELD_INTERM,MRSU47308941320225,5AMAK5923,784,MENSAL,38400.0,3378.0,96,ALIANÇA,Cabotagem,PA/ PA,2025-11-29 00:00:00,LÚCIO,Manaus AM,Anta Gorda,RS,DIAMAJU AGRICOLA LTDA,2025-12-12 00:00:00,14:00:00,2025-12-12 00:00:00,09:00:00,19:20:00,PERFORMANCE,DENTRO DO HR,10:20:00,04:00:00,NÃO PERF.,MRSU4730894,1320225,2025-12-27 00:00:00,ENT. REALIZADA ,2026-01-18 00:00:00,2026-01-26 00:00:00,ENT. REALIZADA ,15,22,8,45,30.0,NÃO PERF.,,512820,,,,,,,0.1,2.604166666666667e-06,,,,,0,2.9603315571343993e-05,-46003.0,novembro,dezembro,,0.0,0.1,2.604166666666667e-06,0.0010416666666666667,2.9603315571343993e-05,2026-01-18 00:00:00,2026-01-26 00:00:00,00:00:00,50,2026,2025
1,VELD_INTERM,B050112B485566,250054,786,MENSAL,214679.6,20603.0,360,BERTOLINI,Rodoviário,PA/ PA,2025-12-01 00:00:00,LÚCIO,Manaus AM,Carazinho,RS,EXTRAPLAST F2,2025-12-01 00:00:00,14:00:00,2025-12-01 00:00:00,14:00:00,17:30:00,PERFORMANCE,DENTRO DO HR,03:30:00,04:00:00,PERFORMANCE,B050112B,485566,2025-12-02 00:00:00,ENT. REALIZADA ,2025-12-22 00:00:00,2025-12-23 00:00:00,ENT. REALIZADA ,1,20,1,22,20.0,NÃO PERF.,2420564,108218,24176.46,1097.79,,940.91,3574.79,,29789.95,0.13876469864859073,,2025-12-02 00:00:00,2025-12-29 00:00:00,,67.15683333333332,1.4459035091976897,28.0,dezembro,dezembro,,0.0,29789.95,0.13876469864859073,82.74986111111112,1.4459035091976897,2025-12-22 00:00:00,2025-12-23 00:00:00,2025-12-29 00:00:00,49,2025,2025
1,VELD_INTERM,B050112A485566,250055,787,MENSAL,269255.61,24134.5,300,BERTOLINI,Rodoviário,PA/ PA,2025-12-01 00:00:00,LÚCIO,Manaus AM,Carazinho,RS,EXTRAPLAST F2,2025-12-01 00:00:00,14:00:00,2025-12-01 00:00:00,14:00:00,17:30:00,PERFORMANCE,DENTRO DO HR,03:30:00,04:00:00,PERFORMANCE,B050112A,485566,2025-12-02 00:00:00,ENT. REALIZADA ,2025-12-22 00:00:00,2025-12-23 00:00:00,ENT. REALIZADA ,1,20,1,22,20.0,NÃO PERF.,2421110,108291,24142.97,1376.87,,940.91,3608.28,,30069.03,0.11167466482871054,,2025-12-03 00:00:00,2025-12-30 00:00:00,,80.47656666666667,1.2458940520831174,29.0,dezembro,dezembro,,0.0,30069.03,0.11167466482871054,100.2301,1.2458940520831174,2025-12-22 00:00:00,2025-12-23 00:00:00,2025-12-30 00:00:00,49,2025,2025
1,VELD_INTERM,485565C1485565,250056,789,MENSAL,120422.52,10171.0,123,BERTOLINI,Rodoviário,PA/ PA,2025-12-02 00:00:00,LÚCIO,Manaus AM,Carazinho,RS,EXTRAPLAST F2,2025-12-02 00:00:00,12:00:00,2025-12-02 00:00:00,10:00:00,18:50:00,PERFORMANCE,DENTRO DO HR,08:50:00,04:00:00,NÃO PERF.,485565C1,485565,2025-12-03 00:00:00,ENT. REALIZADA ,2025-12-16 00:00:00,2025-12-23 00:00:00,ENT. REALIZADA ,1,13,7,21,20.0,NÃO PERF.,108344,,,,,,,,29846.92,0.24785164768184553,,,,,0,2.9345118474093006,-45993.0,dezembro,dezembro,,0.0,29846.92,0.24785164768184553,242.6578861788618,2.9345118474093006,2025-12-16 00:00:00,2025-12-23 00:00:00,00:00:00,49,2025,2025
0,VELD_INTERM,485565C1485565,250056,788,MENSAL,105397.36,7553.88,82,BERTOLINI,Rodoviário,PA/ PA,2025-12-02 00:00:00,LÚCIO,Manaus AM,Carazinho,RS,EXTRAPLAST F2,2025-12-02 00:00:00,12:00:00,2025-12-02 00:00:00,10:00:00,18:50:00,PERFORMANCE,DENTRO DO HR,08:50:00,04:00:00,NÃO PERF.,485565C1,485565,2025-12-03 00:00:00,ENT. REALIZADA ,2025-12-16 00:00:00,2025-12-23 00:00:00,ENT. REALIZADA ,1,13,7,21,20.0,NÃO PERF.,108344,,,,,,,,0.1,9.487903681837952e-07,,,,,0,1.3238229889804974e-05,-45993.0,dezembro,dezembro,,0.0,0.1,9.487903681837952e-07,0.0012195121951219512,1.3238229889804974e-05,2025-12-16 00:00:00,2025-12-23 00:00:00,00:00:00,49,2025,2025
1,VELD_INTERM,485565C2485565,250057,790,MENSAL,278399.24,25717.5,208,BERTOLINI,Rodoviário,PA/ PA,2025-12-02 00:00:00,LÚCIO,Manaus AM,Carazinho,RS,EXTRAPLAST F2,2025-12-02 00:00:00,12:00:00,2025-12-02 00:00:00,10:00:00,18:50:00,PERFORMANCE,DENTRO DO HR,08:50:00,04:00:00,NÃO PERF.,485565C2,485565,2025-12-03 00:00:00,ENT. REALIZADA ,2025-12-16 00:00:00,2025-12-23 00:00:00,ENT. REALIZADA ,1,13,7,21,20.0,NÃO PERF.,novdd,,,,,,,,30100.0,0.10811811124197035,,,,,0,1.1704092543987556,-45993.0,dezembro,dezembro,,0.0,30100.0,0.10811811124197035,144.71153846153845,1.1704092543987556,2025-12-16 00:00:00,2025-12-23 00:00:00,00:00:00,49,2025,2025
1,VELD_FINAL,HASU42812211329892,5AMAK5744,129,MENSAL,349312.5,22395.96,801,ALIANÇA,Cabotagem,PA/ PA,2025-12-03 00:00:00,LÚCIO,Manaus AM,Holambra ,SP,EXTRAPLAST HOL,2025-12-03 00:00:00,14:00:00,2025-12-03 00:00:00,13:30:00,17:40:00,PERFORMANCE,DENTRO DO HR,04:10:00,03:00:00,NÃO PERF.,HASU4281221,1329892,2025-12-06 00:00:00,ENT. REALIZADA ,2025-12-20 00:00:00,2026-01-02 00:00:00,ENT. REALIZADA ,3,14,13,30,30.0,PERFORMANCE,,511711,8526.0,349.31,840.0,395.0,1378.68,620.0,12108.99,0.03466520665593129,Estadia no destino,,,,10.644194756554308,0.5406774257500013,-45994.0,dezembro,dezembro,,0.0,12108.99,0.03466520665593129,15.117340823970038,0.5406774257500013,2025-12-20 00:00:00,2026-01-02 00:00:00,00:00:00,49,2026,2025
1,VELD_INTERM,B383 A485562,250058,794,MENSAL,292825.85,21720.5,291,BERTOLINI,Rodoviário,PA/ PA,2025-12-04 00:00:00,LÚCIO,Manaus AM,Carazinho,RS,EXTRAPLAST F2,2025-12-04 00:00:00,14:00:00,2025-12-04 00:00:00,12:00:00,17:00:00,PERFORMANCE,DENTRO DO HR,05:00:00,04:00:00,NÃO PERF.,B383 A,485562,2025-12-06 00:00:00,ENT. REALIZADA ,2025-12-19 00:00:00,2025-12-19 00:00:00,ENT. REALIZADA ,2,13,0,15,20.0,PERFORMANCE,novdd,,,,,,,,30100.0,0.10279147144966881,,,,,0,1.3857876199903316,-45995.0,dezembro,dezembro,,0.0,30100.0,0.10279147144966881,103.43642611683849,1.3857876199903316,2025-12-19 00:00:00,2025-12-19 00:00:00,00:00:00,49,2025,2025
1,VELD_INTERM,B089 B485564,250059,793,MENSAL,134329.62,10511.0,92,BERTOLINI,Rodoviário,PA/ PA,2025-12-04 00:00:00,LÚCIO,Manaus AM,Carazinho,RS,EXTRAPLAST F2,2025-12-04 00:00:00,14:00:00,2025-12-04 00:00:00,12:00:00,17:00:00,PERFORMANCE,DENTRO DO HR,05:00:00,04:00:00,NÃO PERF.,B089 B,485564,2025-12-06 00:00:00,ENT. REALIZADA ,2025-12-19 00:00:00,2025-12-19 00:00:00,ENT. REALIZADA ,2,13,0,15,20.0,PERFORMANCE,108575,,,,,,,,29843.41,0.22216552090298478,,,,,0,2.8392550661212064,-45995.0,dezembro,dezembro,,0.0,29843.41,0.22216552090298478,324.38489130434783,2.8392550661212064,2025-12-19 00:00:00,2025-12-19 00:00:00,00:00:00,49,2025,2025
0,VELD_INTERM,B089 B485564,250059,792,MENSAL,90804.0,9162.5,168,BERTOLINI,Rodoviário,PA/ PA,2025-12-04 00:00:00,LÚCIO,Manaus AM,Carazinho,RS,EXTRAPLAST F2,2025-12-04 00:00:00,14:00:00,2025-12-04 00:00:00,12:00:00,17:00:00,PERFORMANCE,DENTRO DO HR,05:00:00,04:00:00,NÃO PERF.,B089 B,485564,2025-12-06 00:00:00,ENT. REALIZADA ,2025-12-19 00:00:00,2025-12-19 00:00:00,ENT. REALIZADA ,2,13,0,15,20.0,PERFORMANCE,108575,,,,,,,,29843.41,0.3286574379983261,,,,,0,3.257125238744884,-45995.0,dezembro,dezembro,,0.0,29843.41,0.3286574379983261,177.63934523809525,3.257125238744884,2025-12-19 00:00:00,2025-12-19 00:00:00,00:00:00,49,2025,2025
1,VELD_INTERM,ABC250060999999,250060,795,MENSAL,218975.02,18650.0,149,BERTOLINI,Rodoviário,PA/ PA,2025-12-05 00:00:00,LÚCIO,Manaus AM,Carazinho,RS,EXTRAPLAST F2,2025-12-05 00:00:00,14:00:00,2025-12-05 00:00:00,10:00:00,16:00:00,PERFORMANCE,DENTRO DO HR,06:00:00,04:00:00,NÃO PERF.,ABC250060,999999,2025-12-07 00:00:00,ENT. REALIZADA ,2025-12-26 00:00:00,2025-12-26 00:00:00,ENT. REALIZADA ,2,19,0,21,20.0,NÃO PERF.,2422482,108691,24173.82,1119.76,,940.91,3577.43,,29811.92,0.13614301759168695,,2025-12-08 00:00:00,2026-01-02 00:00:00,,162.24040268456375,1.5984943699731902,28.0,dezembro,dezembro,,0.0,29811.92,0.13614301759168695,200.07999999999998,1.5984943699731902,2025-12-26 00:00:00,2025-12-26 00:00:00,2026-01-02 00:00:00,49,2025,2025
1,VELD_INTERM,ABC250061999991,250061,796,MENSAL,235038.53,18900.0,469,BERTOLINI,Rodoviário,PA/ PA,2025-12-05 00:00:00,LÚCIO,Manaus AM,Carazinho,RS,EXTRAPLAST F2,2025-12-05 00:00:00,14:00:00,2025-12-05 00:00:00,10:00:00,16:00:00,PERFORMANCE,DENTRO DO HR,06:00:00,04:00:00,NÃO PERF.,ABC250061,999991,2025-12-07 00:00:00,ENT. REALIZADA ,2025-12-26 00:00:00,2025-12-26 00:00:00,ENT. REALIZADA ,2,19,0,21,20.0,NÃO PERF.,2422482,108690,18800.35,1201.9,,733.3,2827.57,,23563.12,0.10025215865671046,,2025-12-08 00:00:00,2026-01-02 00:00:00,,40.08603411513859,1.2467259259259258,28.0,dezembro,dezembro,,0.0,23563.12,0.10025215865671046,50.241194029850746,1.2467259259259258,2025-12-26 00:00:00,2025-12-26 00:00:00,2026-01-02 00:00:00,49,2025,2025
0,VELD_FINAL,ABC250061999991,250061,130,MENSAL,81000.0,5351.0,180,BERTOLINI,Rodoviário,PA/ PA,2025-12-05 00:00:00,LÚCIO,Manaus AM,Carazinho,RS,EXTRAPLAST F2,2025-12-05 00:00:00,14:00:00,2025-12-05 00:00:00,10:00:00,16:00:00,PERFORMANCE,DENTRO DO HR,06:00:00,04:00:00,NÃO PERF.,ABC250061,999991,2025-12-07 00:00:00,ENT. REALIZADA ,2025-12-26 00:00:00,2025-12-26 00:00:00,ENT. REALIZADA ,2,19,0,21,20.0,NÃO PERF.,2422482,108689,5313.91,414.21,,207.61,809.42,,6745.15,0.08327345679012345,,2025-12-08 00:00:00,2026-01-02 00:00:00,,29.52172222222222,1.26054008596524,28.0,dezembro,dezembro,,0.0,6745.15,0.08327345679012345,37.473055555555554,1.26054008596524,2025-12-26 00:00:00,2025-12-26 00:00:00,2026-01-02 00:00:00,49,2025,2025
1,VELD_INTERM,MRSU46931261329902,5AIBK23HS,801,MENSAL,263110.0,26311.0,42,ALIANÇA,Cabotagem,PA/ PA,2025-12-09 00:00:00,LÚCIO,Manaus AM,Carazinho,RS,EXTRAPLAST F2,2025-11-10 00:00:00,10:00:00,2025-12-10 00:00:00,,,NÃO PERF,DENTRO DO HR,00:00:00,04:00:00,PERFORMANCE,MRSU4693126,1329902,2025-12-12 00:00:00,ENT. REALIZADA ,2026-01-04 00:00:00,2026-01-07 00:00:00,ENT. REALIZADA ,2,23,3,28,30.0,PERFORMANCE,,512007,11042.7,263.11,906.0,395.0,1719.11,,14325.920000000002,0.054448405609821,,,,,262.9214285714286,0.5444840560982099,-46001.0,dezembro,dezembro,,0.0,14325.920000000002,0.054448405609821,341.09333333333336,0.5444840560982099,2026-01-04 00:00:00,2026-01-07 00:00:00,00:00:00,50,2026,2025
1,VELD_INTERM,B439 B488333,250063,802,MENSAL,304630.75,25757.0,357,BERTOLINI,Rodoviário,PA/ PA,2025-12-09 00:00:00,LÚCIO,Manaus AM,Carazinho,RS,EXTRAPLAST F2,2025-12-09 00:00:00,15:00:00,2025-12-09 00:00:00,13:00:00,20:44:00,PERFORMANCE,DENTRO DO HR,07:44:00,04:00:00,NÃO PERF.,B439 B,488333,2025-12-11 00:00:00,ENT. REALIZADA ,2025-12-22 00:00:00,2025-12-22 00:00:00,ENT. REALIZADA ,2,11,0,13,20.0,PERFORMANCE,,108803,24860.73,1557.77,,940.91,3730.83,,31090.239999999998,0.10205877115163192,,,,,69.63789915966386,1.207059828396164,-46000.0,dezembro,dezembro,,0.0,31090.239999999998,0.10205877115163192,87.08750700280112,1.207059828396164,2025-12-22 00:00:00,2025-12-22 00:00:00,00:00:00,50,2025,2025
1,VELD_INTERM,FFAU57446671320237,5AIBK24FK,803,MENSAL,197083.47,18100.0,236,ALIANÇA,Cabotagem,PA/ PA,2025-12-10 00:00:00,LÚCIO,Manaus AM,Carazinho,RS,EXTRAPLAST F2,2025-12-10 00:00:00,10:00:00,2025-12-10 00:00:00,10:00:00,16:30:00,PERFORMANCE,DENTRO DO HR,06:30:00,04:00:00,NÃO PERF.,FFAU5744667,1320237,2025-12-12 00:00:00,ENT. REALIZADA ,2026-01-04 00:00:00,2026-01-08 00:00:00,ENT. REALIZADA ,2,23,4,29,30.0,PERFORMANCE,,512267,11042.7,197.08,906.0,395.0,1710.11,,14250.890000000001,0.07230890546020932,,,,,46.791101694915255,0.7873419889502763,-46001.0,dezembro,dezembro,,0.0,14250.890000000001,0.07230890546020932,60.38512711864407,0.7873419889502763,2026-01-04 00:00:00,2026-01-08 00:00:00,00:00:00,50,2026,2025
1,VELD_INTERM,MRSU65222671320218,5AIBK24FK,804,MENSAL,203823.0,16000.0,105,ALIANÇA,Cabotagem,PA/ PA,2025-12-10 00:00:00,LÚCIO,Manaus AM,Carazinho,RS,EXTRAPLAST F2,2025-12-10 00:00:00,14:00:00,2025-12-10 00:00:00,10:00:00,16:30:00,PERFORMANCE,DENTRO DO HR,06:30:00,04:00:00,NÃO PERF.,MRSU6522267,1320218,2025-12-12 00:00:00,ENT. REALIZADA ,2026-01-04 00:00:00,2026-01-09 00:00:00,ENT. REALIZADA ,2,23,5,30,30.0,PERFORMANCE,,512266,11042.7,203.82,906.0,395.0,1711.02,,14258.54,0.06995550060591789,,,,,105.16857142857144,0.89115875,-46001.0,dezembro,dezembro,,0.0,14258.54,0.06995550060591789,135.79561904761906,0.89115875,2026-01-04 00:00:00,2026-01-09 00:00:00,00:00:00,50,2026,2025
0,VELD_INTERM,MRSU47308941320225,5AMAK5923,809,MENSAL,68809.94,9125.0,136,ALIANÇA,Cabotagem,PA/ PA,2025-12-12 00:00:00,LÚCIO,Manaus AM,Anta Gorda,RS,DIAMAJU AGRICOLA LTDA,2025-12-12 00:00:00,14:00:00,2025-12-12 00:00:00,09:00:00,19:20:00,PERFORMANCE,DENTRO DO HR,10:20:00,04:00:00,NÃO PERF.,MRSU4730894,1320225,2025-12-15 00:00:00,ENT. REALIZADA ,2026-01-18 00:00:00,2026-01-26 00:00:00,ENT. REALIZADA ,3,34,8,45,30.0,NÃO PERF.,,512820,,,,,,,0.1,1.453278407160361e-06,,,,,0,1.0958904109589042e-05,-46003.0,dezembro,dezembro,,0.0,0.1,1.453278407160361e-06,0.0007352941176470588,1.0958904109589042e-05,2026-01-18 00:00:00,2026-01-26 00:00:00,00:00:00,50,2026,2025
1,VELD_INTERM,B 081485570,250064,807,MENSAL,235658.0,24378.5,346,BERTOLINI,Rodoviário,PA/ PA,2025-12-12 00:00:00,LÚCIO,Manaus AM,Carazinho,RS,EXTRAPLAST F2,2025-12-12 00:00:00,10:00:00,2025-12-12 00:00:00,10:00:00,19:00:00,PERFORMANCE,DENTRO DO HR,09:00:00,04:00:00,NÃO PERF.,B 081,485570,2025-12-14 00:00:00,ENT. REALIZADA ,2025-12-30 00:00:00,2025-12-30 00:00:00,ENT. REALIZADA ,2,16,0,18,20.0,PERFORMANCE,novdd,,,,,,,,29500.0,0.12518140695414542,,,,,0,1.2100826547982855,-46003.0,dezembro,dezembro,,0.0,29600.0,0.12560575070653235,85.54913294797687,1.2141846298992964,2025-12-30 00:00:00,2025-12-30 00:00:00,00:00:00,50,2025,2025
1,VELD_INTERM,B 082A485525,250065,810,MENSAL,280986.16,25438.0,521,BERTOLINI,Rodoviário,PA/ PA,2025-12-12 00:00:00,LÚCIO,Manaus AM,Carazinho,RS,EXTRAPLAST F2,2025-12-12 00:00:00,10:00:00,2025-12-12 00:00:00,10:00:00,19:00:00,PERFORMANCE,DENTRO DO HR,09:00:00,04:00:00,NÃO PERF.,B 082A,485525,2025-12-14 00:00:00,ENT. REALIZADA ,2025-12-30 00:00:00,2025-12-30 00:00:00,ENT. REALIZADA ,2,16,0,18,20.0,PERFORMANCE,novdd,,,,,,,,29600.0,0.10534326672886665,,,,,0,1.1636134916267002,-46003.0,dezembro,dezembro,,0.0,30000.0,0.10676682438736486,57.58157389635317,1.1793379982703043,2025-12-30 00:00:00,2025-12-30 00:00:00,00:00:00,50,2025,2025
1,VELD_INTERM,B301 999999,250066,812,MENSAL,52969.0,4744.38,80,BERTOLINI,Rodoviário,PA/ PA,2025-12-15 00:00:00,LÚCIO,Manaus AM,Carazinho,RS,EXTRAPLAST F2,2025-12-15 00:00:00,15:00:00,2025-12-15 00:00:00,15:00:00,18:30:00,PERFORMANCE,DENTRO DO HR,03:30:00,04:00:00,PERFORMANCE,B301 ,999999,2025-12-17 00:00:00,ENT. REALIZADA ,2025-12-29 00:00:00,2025-12-29 00:00:00,ENT. REALIZADA ,2,12,0,14,20.0,PERFORMANCE,2427590,109219,4850.65,270.86,,189.01,724.16,,6034.679999999999,0.11392852423115406,,2025-12-17 00:00:00,2026-01-13 00:00:00,,60.63312499999999,1.27196388147661,29.0,dezembro,dezembro,,0.0,6034.679999999999,0.11392852423115406,75.4335,1.27196388147661,2025-12-29 00:00:00,2025-12-29 00:00:00,2026-01-13 00:00:00,51,2025,2025
0,VELD_FINAL,B301 999999,250066,131,MENSAL,303750.0,18873.0,675,BERTOLINI,Rodoviário,PA/ PA,2025-12-15 00:00:00,LÚCIO,Manaus AM,Carazinho,RS,EXTRAPLAST F2,2025-12-15 00:00:00,15:00:00,2025-12-15 00:00:00,15:00:00,18:30:00,PERFORMANCE,DENTRO DO HR,03:30:00,04:00:00,PERFORMANCE,B301 ,999999,2025-12-17 00:00:00,ENT. REALIZADA ,2025-12-29 00:00:00,2025-12-29 00:00:00,ENT. REALIZADA ,2,12,0,14,20.0,PERFORMANCE,2427590,109218,19238.65,1553.27,,751.89,2937.79,,24481.600000000002,0.08059786008230453,,2025-12-17 00:00:00,2026-01-13 00:00:00,,28.501703703703704,1.2971758596937426,29.0,dezembro,dezembro,,0.0,24481.600000000002,0.08059786008230453,36.26903703703704,1.2971758596937426,2025-12-29 00:00:00,2025-12-29 00:00:00,2026-01-13 00:00:00,51,2025,2025
1,VELD_INTERM,B301 B999999,250067,813,MENSAL,280407.75,23046.0,75,BERTOLINI,Rodoviário,PA/ PA,2025-12-15 00:00:00,LÚCIO,Manaus AM,Carazinho,RS,EXTRAPLAST F2,2025-12-15 00:00:00,15:00:00,2025-12-15 00:00:00,15:00:00,18:30:00,PERFORMANCE,DENTRO DO HR,03:30:00,04:00:00,PERFORMANCE,B301 B,999999,2025-12-17 00:00:00,ENT. REALIZADA ,2025-12-26 00:00:00,2025-12-26 00:00:00,ENT. REALIZADA ,2,9,0,11,20.0,PERFORMANCE,2427590,109217,22877.71,1433.91,,892.2,3436.89,,28640.71,0.10213950933952431,,2025-12-17 00:00:00,2026-01-13 00:00:00,,305.03613333333334,1.2427627353987676,29.0,dezembro,dezembro,,0.0,28640.71,0.10213950933952431,381.8761333333333,1.2427627353987676,2025-12-26 00:00:00,2025-12-26 00:00:00,2026-01-13 00:00:00,51,2025,2025
0,VELD_FINAL,B301 B999999,250067,132,MENSAL,20250.0,1258.2,45,BERTOLINI,Rodoviário,PA/ PA,2025-12-15 00:00:00,LÚCIO,Manaus AM,Carazinho,RS,EXTRAPLAST F2,2025-12-15 00:00:00,15:00:00,2025-12-15 00:00:00,15:00:00,18:30:00,PERFORMANCE,DENTRO DO HR,03:30:00,04:00:00,PERFORMANCE,B301 B,999999,2025-12-17 00:00:00,ENT. REALIZADA ,2025-12-26 00:00:00,2025-12-26 00:00:00,ENT. REALIZADA ,2,9,0,11,20.0,PERFORMANCE,2427590,109216,1245.98,103.55,,48.71,190.67,,1588.91,0.0784646913580247,,2025-12-17 00:00:00,2026-01-13 00:00:00,,27.688444444444446,1.2628437450325862,29.0,dezembro,dezembro,,0.0,1588.91,0.0784646913580247,35.309111111111115,1.2628437450325862,2025-12-26 00:00:00,2025-12-26 00:00:00,2026-01-13 00:00:00,51,2025,2025
1,VELD_INTERM,BO77486663,250068,817,MENSAL,207552.0,22845.0,240,BERTOLINI,Rodoviário,PA/ PA,2025-12-17 00:00:00,LÚCIO,Manaus AM,Carazinho,RS,EXTRAPLAST F2,2025-12-17 00:00:00,13:00:00,2025-12-18 00:00:00,11:40:00,17:20:00,NÃO PERF,DENTRO DO HR,05:40:00,04:00:00,NÃO PERF.,BO77,486663,2025-12-19 00:00:00,ENT. REALIZADA ,2026-01-07 00:00:00,2026-01-07 00:00:00,ENT. REALIZADA ,1,19,0,20,20.0,PERFORMANCE,2429163,109536,24180.83,1061.34,,940.91,3570.42,,29753.5,0.1433544364785692,,2025-12-22 00:00:00,2026-01-16 00:00:00,,100.75345833333334,1.3024075289997812,29.0,dezembro,dezembro,,0.0,29753.5,0.1433544364785692,123.97291666666666,1.3024075289997812,2026-01-07 00:00:00,2026-01-07 00:00:00,2026-01-16 00:00:00,51,2026,2025
0,VELD_FINAL,B202A486483,250069,133,MENSAL,202500.0,13860.0,450,BERTOLINI,Rodoviário,PA/ PA,2025-12-18 00:00:00,LÚCIO,Manaus AM,Carazinho,RS,EXTRAPLAST F2,2025-12-18 00:00:00,10:00:00,2025-12-18 00:00:00,09:00:00,11:50:00,PERFORMANCE,DENTRO DO HR,02:50:00,04:00:00,PERFORMANCE,B202A,486483,2025-12-19 00:00:00,ENT. REALIZADA ,2026-01-07 00:00:00,2026-01-07 00:00:00,ENT. REALIZADA ,1,19,0,20,20.0,PERFORMANCE,2429163,109534,13893.43,1035.51,,542.59,2109.75,,17581.28,0.08682113580246913,,2025-12-22 00:00:00,2026-01-16 00:00:00,,30.874288888888888,1.2684906204906203,29.0,dezembro,dezembro,,0.0,17581.28,0.08682113580246913,39.06951111111111,1.2684906204906203,2026-01-07 00:00:00,2026-01-07 00:00:00,2026-01-16 00:00:00,51,2026,2025
1,VELD_INTERM,B202A486483,250069,821,MENSAL,116748.0,10174.74,207,BERTOLINI,Rodoviário,PA/ PA,2025-12-18 00:00:00,LÚCIO,Manaus AM,Carazinho,RS,EXTRAPLAST F2,2025-12-18 00:00:00,10:00:00,2025-12-18 00:00:00,09:00:00,11:50:00,PERFORMANCE,DENTRO DO HR,02:50:00,04:00:00,PERFORMANCE,B202A,486483,2025-12-19 00:00:00,ENT. REALIZADA ,2026-01-07 00:00:00,2026-01-07 00:00:00,ENT. REALIZADA ,1,19,0,20,20.0,PERFORMANCE,2429163,109535,10218.86,597.01,,398.32,1529.21,,12743.400000000001,0.10915304758968035,,2025-12-22 00:00:00,2026-01-16 00:00:00,,49.3664734299517,1.2524546081767203,29.0,dezembro,dezembro,,0.0,12743.400000000001,0.10915304758968035,61.562318840579714,1.2524546081767203,2026-01-07 00:00:00,2026-01-07 00:00:00,2026-01-16 00:00:00,51,2026,2025
1,VELD_FINAL,MRKU47448321323430,5AMAK6014,134,MENSAL,222922.66,22327.61,383,ALIANÇA,Cabotagem,PA/ PA,2025-12-19 00:00:00,LÚCIO,Manaus AM,Anta Gorda,RS,DIAMAJU AGRICOLA LTDA,2025-12-19 00:00:00,08:00:00,2025-12-19 00:00:00,08:00:00,17:20:00,PERFORMANCE,DENTRO DO HR,09:20:00,04:00:00,NÃO PERF.,MRKU4744832,1323430,2025-12-27 00:00:00,ENT. REALIZADA ,2026-01-20 00:00:00,2026-01-26 00:00:00,ENT. REALIZADA ,8,24,6,38,30.0,NÃO PERF.,,,12050.0,222.92,906.0,395.0,1850.99,,15424.91,0.06919399759539922,,,,,31.4621409921671,0.6908446537717203,-46010.0,dezembro,dezembro,,0.0,15424.91,0.06919399759539922,40.27391644908616,0.6908446537717203,2026-01-20 00:00:00,2026-01-26 00:00:00,00:00:00,51,2026,2025
1,VELD_INTERM,250070MAO486490,250070,824,MENSAL,319788.0,24701.0,415,BERTOLINI,Rodoviário,PA/ PA,2025-12-22 00:00:00,LÚCIO,Manaus AM,Carazinho,RS,EXTRAPLAST F2,2025-12-22 00:00:00,10:00:00,2025-12-23 00:00:00,10:00:00,13:00:00,NÃO PERF,DENTRO DO HR,03:00:00,04:00:00,PERFORMANCE,250070,MAO486490,2025-12-25 00:00:00,ENT. REALIZADA ,2026-01-09 00:00:00,2026-01-09 00:00:00,ENT. REALIZADA ,2,15,0,17,20.0,PERFORMANCE,novdd,,,,,,,,31100.0,0.09725192940322964,,,,,0,1.2590583377191207,-46014.0,dezembro,dezembro,,0.0,30100.0,0.09412485771823834,72.53012048192771,1.2185741467956763,2026-01-09 00:00:00,2026-01-09 00:00:00,00:00:00,52,2026,2025
1,VELD_INTERM,B792MAO486490,250071,825,MENSAL,274750.8,20888.0,240,BERTOLINI,Rodoviário,PA/ PA,2025-12-23 00:00:00,LÚCIO,Manaus AM,Carazinho,RS,EXTRAPLAST F2,2025-12-23 00:00:00,10:00:00,2025-12-23 00:00:00,10:00:00,13:00:00,PERFORMANCE,DENTRO DO HR,03:00:00,04:00:00,PERFORMANCE,B792,MAO486490,2025-12-25 00:00:00,ENT. REALIZADA ,2026-01-09 00:00:00,2026-01-09 00:00:00,ENT. REALIZADA ,2,15,0,17,20.0,PERFORMANCE,novdd,,,,,,,,29600.0,0.10773399021950072,,,,,0,1.4170815779394867,-46014.0,dezembro,dezembro,,0.0,29500.0,0.10737002403632674,122.91666666666667,1.4122941401761777,2026-01-09 00:00:00,2026-01-09 00:00:00,00:00:00,52,2026,2025
1,VELD_FINAL,B882 A486236,250072,136,MENSAL,324000.0,22217.0,720,BERTOLINI,Rodoviário,PA/ PA,2025-12-23 00:00:00,LÚCIO,Manaus AM,Holambra ,SP,EXTRAPLAST HOL,2025-12-23 00:00:00,11:00:00,2025-12-23 00:00:00,11:00:00,12:40:00,PERFORMANCE,DENTRO DO HR,01:40:00,04:00:00,PERFORMANCE,B882 A,486236,2025-12-26 00:00:00,ENT. REALIZADA ,2026-01-05 00:00:00,2026-01-05 00:00:00,ENT. REALIZADA ,3,10,0,13,20.0,PERFORMANCE,novdd,,,,,,,,27951.58,0.08627030864197531,,,,,0,1.2581167574379981,-46014.0,dezembro,dezembro,,0.0,27951.58,0.08627030864197531,38.82163888888889,1.2581167574379981,2026-01-05 00:00:00,2026-01-05 00:00:00,00:00:00,52,2026,2025
1,VELD_FINAL,B393 B486235,250073,135,MENSAL,364500.0,24445.0,810,BERTOLINI,Rodoviário,PA/ PA,2025-12-23 00:00:00,LÚCIO,Manaus AM,Holambra ,SP,EXTRAPLAST HOL,2025-12-23 00:00:00,11:00:00,2025-12-23 00:00:00,11:00:00,12:40:00,PERFORMANCE,DENTRO DO HR,01:40:00,04:00:00,PERFORMANCE,B393 B,486235,2025-12-26 00:00:00,ENT. REALIZADA ,2026-01-05 00:00:00,2026-01-05 00:00:00,ENT. REALIZADA ,3,10,0,13,20.0,PERFORMANCE,x,,,,,,,,28158.69,0.07725292181069958,,,,,0,1.1519202290857025,-46014.0,dezembro,dezembro,,0.0,28158.69,0.07725292181069958,34.763814814814815,1.1519202290857025,2026-01-05 00:00:00,2026-01-05 00:00:00,00:00:00,52,2026,2025
1,VELD_INTERM,SUDU89205341329091,5AIBK26HM,827,MENSAL,317024.4,25004.0,246,ALIANÇA,Cabotagem,PA/ PA,2025-12-23 00:00:00,LÚCIO,Manaus AM,Carazinho,RS,EXTRAPLAST F2,2025-12-23 00:00:00,14:00:00,2025-12-23 00:00:00,12:00:00,14:20:00,PERFORMANCE,DENTRO DO HR,02:20:00,03:00:00,PERFORMANCE,SUDU8920534,1329091,2025-12-27 00:00:00,ENT. REALIZADA ,2026-01-18 00:00:00,2026-01-22 00:00:00,ENT. REALIZADA ,4,22,4,30,30.0,PERFORMANCE,,,11042.7,317.002,906.0,395.0,1726.46,,14387.162,0.0453818759691683,,,,,44.889024390243904,0.5753944168932971,-46014.0,dezembro,dezembro,,0.0,14387.162,0.0453818759691683,58.484398373983744,0.5753944168932971,2026-01-18 00:00:00,2026-01-22 00:00:00,00:00:00,52,2026,2025
1,VELD_FINAL,MSKU19355701329122,5AIBK26JD,137,MENSAL,240575.6,20723.2,380,ALIANÇA,Cabotagem,PA/ PA,2025-12-23 00:00:00,LÚCIO,Manaus AM,Curitibanos,RS,DIAMAJU AGRICOLA LTDA,2025-12-23 00:00:00,13:00:00,2025-12-23 00:00:00,13:00:00,15:20:00,PERFORMANCE,DENTRO DO HR,02:20:00,03:00:00,PERFORMANCE,MSKU1935570,1329122,2025-12-27 00:00:00,ENT. REALIZADA ,2026-01-22 00:00:00,2026-01-27 00:00:00,ENT. REALIZADA ,4,26,5,35,30.0,NÃO PERF.,,,9988.49,240.58,906.0,395.0,1572.28,,13102.35,0.05446250575702607,,,,,26.2855,0.6322551536442248,-46014.0,dezembro,dezembro,,0.0,13102.35,0.05446250575702607,34.479868421052636,0.6322551536442248,2026-01-22 00:00:00,2026-01-27 00:00:00,00:00:00,52,2026,2025
0,VELD_FINAL,B289486484,250074,138,MENSAL,101250.0,6966.5,225,BERTOLINI,Rodoviário,PA/ PA,2025-12-23 00:00:00,LÚCIO,Manaus AM,Carazinho,RS,EXTRAPLAST F2,2025-12-23 00:00:00,11:00:00,2025-12-23 00:00:00,11:40:00,14:42:00,PERFORMANCE,FORA DO HR,03:02:00,03:00:00,NÃO PERF.,B289,486484,2025-12-26 00:00:00,ENT. REALIZADA ,2026-01-07 00:00:00,2026-01-08 00:00:00,ENT. REALIZADA ,3,12,1,16,20.0,PERFORMANCE,,,,,,,,,9511.21,0.09393787654320987,,,,,0,1.3652781167013563,-46014.0,dezembro,dezembro,,0.0,9511.21,0.09393787654320987,42.27204444444444,1.3652781167013563,2026-01-07 00:00:00,2026-01-08 00:00:00,00:00:00,52,2026,2025
1,VELD_INTERM,B289486484,250074,828,MENSAL,152590.0,15259.0,25,BERTOLINI,Rodoviário,PA/ PA,2025-12-23 00:00:00,LÚCIO,Manaus AM,Carazinho,RS,EXTRAPLAST F2,2025-12-23 00:00:00,11:00:00,2025-12-23 00:00:00,11:40:00,14:42:00,PERFORMANCE,FORA DO HR,03:02:00,03:00:00,NÃO PERF.,B289,486484,2025-12-26 00:00:00,ENT. REALIZADA ,2026-01-07 00:00:00,2026-01-08 00:00:00,ENT. REALIZADA ,3,12,1,16,20.0,PERFORMANCE,,,,,,,,,20479.0,0.1342093190903729,,,,,0,1.342093190903729,-46014.0,dezembro,dezembro,,0.0,20479.0,0.1342093190903729,819.16,1.342093190903729,2026-01-07 00:00:00,2026-01-08 00:00:00,00:00:00,52,2026,2025
1,VELD_INTERM,B013486488,250075,829,MENSAL,289747.68,25792.5,223,BERTOLINI,Rodoviário,PA/ PA,2025-12-23 00:00:00,LÚCIO,Manaus AM,Carazinho,RS,EXTRAPLAST F2,2025-12-23 00:00:00,11:00:00,2025-12-23 00:00:00,11:40:00,14:42:00,PERFORMANCE,FORA DO HR,03:02:00,03:00:00,NÃO PERF.,B013,486488,2025-12-26 00:00:00,ENT. REALIZADA ,2026-01-07 00:00:00,2026-01-08 00:00:00,ENT. REALIZADA ,3,12,1,16,20.0,PERFORMANCE,,,,,,,,,31053.54,0.10717442155188267,,,,,0,1.2039755742948532,-46014.0,dezembro,dezembro,,0.0,31053.54,0.10717442155188267,139.25354260089688,1.2039755742948532,2026-01-07 00:00:00,2026-01-08 00:00:00,00:00:00,52,2026,2025
1,VELD_INTERM,GVTU50261504298,250076,831,MENSAL,364211.0,25118.0,44,MILLY,Rodoviário,PA/ PA,2025-12-26 00:00:00,LÚCIO,Manaus AM,Carazinho,RS,EXTRAPLAST F2,2025-12-26 00:00:00,10:00:00,2025-12-26 00:00:00,10:20:00,13:00:00,PERFORMANCE,FORA DO HR,02:40:00,04:00:00,PERFORMANCE,GVTU5026150,4298,2025-12-30 00:00:00,ENT. REALIZADA ,2026-01-14 00:00:00,2026-01-14 00:00:00,ENT. REALIZADA ,4,15,0,19,20.0,PERFORMANCE,,1,24800.0,,,,,,24800.0,0.06809239698965709,,,,,563.6363636363636,0.9873397563500279,-46017.0,dezembro,dezembro,,0.0,24800.0,0.06809239698965709,563.6363636363636,0.9873397563500279,2026-01-14 00:00:00,2026-01-14 00:00:00,00:00:00,52,2026,2025
1,VELD_INTERM,GVTU50251334296,250077,833,MENSAL,285329.75,21616.22,155,MILLY,Rodoviário,PA/ PA,2025-12-26 00:00:00,LÚCIO,Manaus AM,Carazinho,RS,EXTRAPLAST F2,2025-12-26 00:00:00,10:00:00,2025-12-26 00:00:00,10:20:00,13:00:00,PERFORMANCE,FORA DO HR,02:40:00,04:00:00,PERFORMANCE,GVTU5025133,4296,2025-12-30 00:00:00,ENT. REALIZADA ,2026-01-14 00:00:00,2026-01-14 00:00:00,ENT. REALIZADA ,4,15,0,19,20.0,PERFORMANCE,,2,24800.0,,,,,,24800.0,0.08691697938963602,,,,,160,1.1472866208800614,-46017.0,dezembro,dezembro,,0.0,24800.0,0.08691697938963602,160.0,1.1472866208800614,2026-01-14 00:00:00,2026-01-14 00:00:00,00:00:00,52,2026,2025
1,VELD_INTERM,B994 B486485,250078,834,MENSAL,189174.0,17852.0,200,BERTOLINI,Rodoviário,PA/ PA,2025-12-29 00:00:00,LÚCIO,Manaus AM,Carazinho,RS,EXTRAPLAST F2,2025-12-29 00:00:00,10:00:00,2025-12-29 00:00:00,10:00:00,12:30:00,PERFORMANCE,DENTRO DO HR,02:30:00,04:00:00,PERFORMANCE,B994 B,486485,2025-12-31 00:00:00,ENT. REALIZADA ,2026-01-12 00:00:00,2026-01-12 00:00:00,ENT. REALIZADA ,2,12,0,14,20.0,PERFORMANCE,,,,,,,,,30327.44,0.1603150538657532,,,,,0,1.6988259018597356,-46020.0,dezembro,dezembro,,0.0,30327.44,0.1603150538657532,151.6372,1.6988259018597356,2026-01-12 00:00:00,2026-01-12 00:00:00,00:00:00,53,2026,2025
1,VELD_INTERM,B562486486,250079,835,MENSAL,289052.6,24895.0,298,BERTOLINI,Rodoviário,PA/ PA,2025-12-29 00:00:00,LÚCIO,Manaus AM,Carazinho,RS,EXTRAPLAST F2,2025-12-29 00:00:00,10:00:00,2025-12-29 00:00:00,10:00:00,12:30:00,PERFORMANCE,DENTRO DO HR,02:30:00,04:00:00,PERFORMANCE,B562,486486,2025-12-31 00:00:00,ENT. REALIZADA ,2026-01-12 00:00:00,2026-01-12 00:00:00,ENT. REALIZADA ,2,12,0,14,20.0,PERFORMANCE,,,,,,,,,30097.14,0.10412340176147872,,,,,0,1.208963245631653,-46020.0,dezembro,dezembro,,0.0,30097.14,0.10412340176147872,100.99711409395972,1.208963245631653,2026-01-12 00:00:00,2026-01-12 00:00:00,00:00:00,53,2026,2025
1,VELD_INTERM,HASU49087541327721,6AIBK0014,841,MENSAL,395129.72,25492.24,45,ALIANÇA,Cabotagem,PA/ PA,2025-12-29 00:00:00,LÚCIO,Manaus AM,Carazinho,RS,EXTRAPLAST F2,2026-01-06 00:00:00,10:00:00,2025-12-29 00:00:00,11:00:00,13:30:00,PERFORMANCE,FORA DO HR,02:30:00,03:00:00,PERFORMANCE,HASU4908754,1327721,2026-01-24 00:00:00,ENT. REALIZADA ,2026-02-15 00:00:00,2026-02-24 00:00:00,ENT. REALIZADA ,26,22,9,57,30.0,NÃO PERF.,,514927,11042.7,395.13,828.0,395.0,1726.48,,14387.31,0.03641161186255491,,,,,245.39333333333335,0.5643799838696011,-46020.0,dezembro,dezembro,,0.0,14387.31,0.03641161186255491,319.71799999999996,0.5643799838696011,2026-02-15 00:00:00,2026-02-24 00:00:00,00:00:00,53,2026,2025
1,VELD_INTERM,TLLU52387021327716,6AIBK0014,842,MENSAL,395129.72,25492.24,50,ALIANÇA,Cabotagem,PA/ PA,2025-12-29 00:00:00,LÚCIO,Manaus AM,Carazinho,RS,EXTRAPLAST F2,2026-01-06 00:00:00,10:00:00,2025-12-29 00:00:00,15:00:00,17:00:00,PERFORMANCE,FORA DO HR,02:00:00,03:00:00,PERFORMANCE,TLLU5238702,1327716,2026-01-24 00:00:00,ENT. REALIZADA ,2026-02-15 00:00:00,2026-02-24 00:00:00,ENT. REALIZADA ,26,22,9,57,30.0,NÃO PERF.,,514927,,,,,,,15400.0,0.038974542335109594,,,,,0,0.6041054061941986,-46020.0,dezembro,dezembro,,0.0,15400.0,0.038974542335109594,308.0,0.6041054061941986,2026-02-15 00:00:00,2026-02-24 00:00:00,00:00:00,53,2026,2025
1,VELD_INTERM,MRSU42345541320012,6AIBK0328,843,MENSAL,395129.72,25492.24,50,ALIANÇA,Cabotagem,PA/ PA,2025-12-29 00:00:00,LÚCIO,Manaus AM,Carazinho,RS,EXTRAPLAST F2,2026-01-08 00:00:00,10:00:00,2025-12-29 00:00:00,15:00:00,16:25:00,PERFORMANCE,FORA DO HR,01:25:00,03:00:00,PERFORMANCE,MRSU4234554,1320012,2026-01-21 00:00:00,ENT. REALIZADA ,2026-02-08 00:00:00,2026-02-12 00:00:00,ENT. REALIZADA ,23,18,4,45,30.0,NÃO PERF.,,515344,11042.7,395.13,828.0,395.0,1726.48,,14387.31,0.03641161186255491,,,,,220.854,0.5643799838696011,-46020.0,dezembro,dezembro,,0.0,14387.31,0.03641161186255491,287.7462,0.5643799838696011,2026-02-08 00:00:00,2026-02-12 00:00:00,00:00:00,53,2026,2025
1,VELD_INTERM,HASU44244931321321,6AMAK0020,844,MENSAL,144207.32,14958.5,120,ALIANÇA,Cabotagem,PA/ PA,2025-12-30 00:00:00,LÚCIO,Manaus AM,Carazinho,RS,EXTRAPLAST F2,2025-12-30 00:00:00,09:00:00,2025-12-30 00:00:00,09:00:00,13:00:00,PERFORMANCE,DENTRO DO HR,04:00:00,03:00:00,NÃO PERF.,HASU4424493,1321321,2026-01-08 00:00:00,ENT. REALIZADA ,2026-01-25 00:00:00,2026-01-28 00:00:00,ENT. REALIZADA ,9,17,3,29,30.0,PERFORMANCE,,514678,6691.6,144.21,549.01,239.36,1039.66,,8663.84,0.06007905840008676,,,,,55.763333333333335,0.5791917638800682,-46021.0,dezembro,dezembro,,0.0,8663.84,0.06007905840008676,72.19866666666667,0.5791917638800682,2026-01-25 00:00:00,2026-01-28 00:00:00,00:00:00,53,2026,2025
0,VELD_FINAL,HASU44244931321321,6AMAK0020,139,MENSAL,141750.0,9726.5,315,ALIANÇA,Cabotagem,PA/ PA,2025-12-30 00:00:00,LÚCIO,Manaus AM,Carazinho,RS,EXTRAPLAST F2,2025-12-30 00:00:00,09:00:00,2025-12-30 00:00:00,09:00:00,12:00:00,PERFORMANCE,DENTRO DO HR,03:00:00,03:00:00,PERFORMANCE,HASU4424493,1321321,2026-01-08 00:00:00,ENT. REALIZADA ,2026-01-25 00:00:00,2026-01-28 00:00:00,ENT. REALIZADA ,9,17,3,29,30.0,PERFORMANCE,,514677,4351.1,141.75,356.99,155.64,682.56,,5688.040000000001,0.040127266313932985,,,,,13.813015873015875,0.5847982316352235,-46021.0,dezembro,dezembro,,0.0,5688.040000000001,0.040127266313932985,18.057269841269843,0.5847982316352235,2026-01-25 00:00:00,2026-01-28 00:00:00,00:00:00,53,2026,2025
1,VELD_INTERM,MRKU45617911320541,5AIBK27BP,846,MENSAL,270983.0,20558.64,96,ALIANÇA,Cabotagem,PA/ PA,2025-12-30 00:00:00,LÚCIO,Manaus AM,Carazinho,RS,EXTRAPLAST F2,2025-12-30 00:00:00,14:30:00,2025-12-30 00:00:00,15:00:00,17:30:00,PERFORMANCE,FORA DO HR,02:30:00,03:00:00,PERFORMANCE,MRKU4561791,1320541,2026-01-08 00:00:00,ENT. REALIZADA ,2026-01-25 00:00:00,2026-01-29 00:00:00,ENT. REALIZADA ,9,17,4,30,30.0,PERFORMANCE,,514544,11042.7,270.98,906.0,,1666.32,,13886.0,0.05124306690825624,,,,,115.028125,0.6754337835576673,-46021.0,dezembro,dezembro,,0.0,13886.0,0.05124306690825624,144.64583333333334,0.6754337835576673,2026-01-25 00:00:00,2026-01-29 00:00:00,00:00:00,53,2026,2025
1,VELD_INTERM,B48211111,2600,848,MENSAL,315630.34,23399.5,321,BERTOLINI,Rodoviário,PA/ PA,2026-01-05 00:00:00,LÚCIO,Manaus AM,Carazinho,RS,EXTRAPLAST F2,2026-01-05 00:00:00,13:00:00,2026-01-05 00:00:00,13:00:00,15:00:00,PERFORMANCE,DENTRO DO HR,02:00:00,04:00:00,PERFORMANCE,B482,11111,2026-01-10 00:00:00,ENT. REALIZADA ,2026-01-27 00:00:00,2026-01-27 00:00:00,ENT. REALIZADA ,5,17,0,22,20.0,NÃO PERF.,,,30306.18,,,,,,30306.18,0.09601795568829029,,,,,94.41177570093458,1.2951635718711938,-46027.0,janeiro,janeiro,,0.0,30306.18,0.09601795568829029,94.41177570093458,1.2951635718711938,2026-01-27 00:00:00,2026-01-27 00:00:00,00:00:00,2,2026,2026
1,VELD_INTERM,849A2222,2600,849,MENSAL,205740.0,15240.0,185,BERTOLINI,Rodoviário,PA/ PA,2026-01-05 00:00:00,LÚCIO,Manaus AM,Carazinho,RS,EXTRAPLAST F2,2026-01-05 00:00:00,13:00:00,2026-01-05 00:00:00,13:00:00,15:00:00,PERFORMANCE,DENTRO DO HR,02:00:00,04:00:00,PERFORMANCE,849A,2222,2026-01-10 00:00:00,ENT. REALIZADA ,2026-01-27 00:00:00,2026-01-27 00:00:00,ENT. REALIZADA ,5,17,0,22,20.0,NÃO PERF.,,,29744.24,,,,,,29744.24,0.14457198405754837,,,,,160.7796756756757,1.951721784776903,-46027.0,janeiro,janeiro,,0.0,29744.24,0.14457198405754837,160.7796756756757,1.951721784776903,2026-01-27 00:00:00,2026-01-27 00:00:00,00:00:00,2,2026,2026
1,VELD_FINAL,B319A493739,2601,140,MENSAL,324000.0,20131.2,720,BERTOLINI,Rodoviário,PA/ PA,2026-01-06 00:00:00,LÚCIO,Manaus AM,Holambra ,SP,EXTRAPLAST HOL,2026-01-06 00:00:00,10:30:00,2026-01-06 00:00:00,11:00:00,13:20:00,PERFORMANCE,FORA DO HR,02:20:00,04:00:00,PERFORMANCE,B319A,493739,2026-01-08 00:00:00,ENT. REALIZADA ,2026-01-20 00:00:00,2026-01-20 00:00:00,ENT. REALIZADA ,2,12,0,14,20.0,PERFORMANCE,,,27951.58,,,,,,27951.58,0.08627030864197531,,,,,38.82163888888889,1.3884706326498173,-46028.0,janeiro,janeiro,,0.0,27951.58,0.08627030864197531,38.82163888888889,1.3884706326498173,2026-01-20 00:00:00,2026-01-20 00:00:00,00:00:00,2,2026,2026
1,VELD_FINAL,B811B493740,2601,141,MENSAL,405000.0,25164.0,900,BERTOLINI,Rodoviário,PA/ PA,2026-01-06 00:00:00,LÚCIO,Manaus AM,Holambra ,SP,EXTRAPLAST HOL,2026-01-06 00:00:00,10:30:00,2026-01-06 00:00:00,11:00:00,13:20:00,PERFORMANCE,FORA DO HR,02:20:00,04:00:00,PERFORMANCE,B811B,493740,2026-01-08 00:00:00,ENT. REALIZADA ,2026-01-20 00:00:00,2026-01-20 00:00:00,ENT. REALIZADA ,2,12,0,14,20.0,PERFORMANCE,,,28531.29,,,,,,28531.29,0.07044762962962964,,,,,31.701433333333334,1.1338137815927516,-46028.0,janeiro,janeiro,,0.0,28531.29,0.07044762962962964,31.701433333333334,1.1338137815927516,2026-01-20 00:00:00,2026-01-20 00:00:00,00:00:00,2,2026,2026
1,VELD_INTERM,HASU48336341320067,6AIBK0328,855,MENSAL,389470.0,26860.0,46,ALIANÇA,Cabotagem,PA/ PA,2026-01-08 00:00:00,LÚCIO,Manaus AM,Carazinho,RS,EXTRAPLAST F2,2026-01-08 00:00:00,16:00:00,2026-01-08 00:00:00,15:00:00,17:50:00,PERFORMANCE,DENTRO DO HR,02:50:00,03:00:00,PERFORMANCE,HASU4833634,1320067,2026-01-21 00:00:00,ENT. REALIZADA ,2026-02-08 00:00:00,2026-02-12 00:00:00,ENT. REALIZADA ,13,18,4,35,30.0,NÃO PERF.,,515345,11042.7,389.47,828.0,395.0,1725.71,,14380.880000000001,0.03692423036434129,,,,,240.05869565217392,0.5354013402829486,-46030.0,janeiro,janeiro,,0.0,14380.880000000001,0.03692423036434129,312.62782608695653,0.5354013402829486,2026-02-08 00:00:00,2026-02-12 00:00:00,00:00:00,2,2026,2026
1,VELD_INTERM,JXH28961347,2602,856,MENSAL,305724.48,26116.0,163,TODO BRASIL,Rodoviário,PA/ PA,2026-01-09 00:00:00,LÚCIO,Manaus AM,Carazinho,RS,EXTRAPLAST F2,2026-01-09 00:00:00,10:00:00,2026-01-09 00:00:00,09:30:00,12:15:00,PERFORMANCE,DENTRO DO HR,02:45:00,04:00:00,PERFORMANCE,JXH2896,1347,2026-01-11 00:00:00,ENT. REALIZADA ,2026-01-26 00:00:00,2026-01-26 00:00:00,ENT. REALIZADA ,2,15,0,17,20.0,PERFORMANCE,,,32675.4,,,,,,32675.4,0.10687858558137053,,,,,200.46257668711658,1.251164037371726,-46031.0,janeiro,janeiro,,0.0,32675.4,0.10687858558137053,200.46257668711658,1.251164037371726,2026-01-26 00:00:00,2026-01-26 00:00:00,00:00:00,2,2026,2026
1,VELD_FINAL,OAG37161348,2602,142,MENSAL,424500.0,28319.0,1042,TODO BRASIL,Rodoviário,PA/ PA,2026-01-09 00:00:00,LÚCIO,Manaus AM,Carazinho,RS,EXTRAPLAST F2,2026-01-09 00:00:00,13:00:00,2026-01-09 00:00:00,12:40:00,14:30:00,PERFORMANCE,DENTRO DO HR,01:50:00,04:00:00,PERFORMANCE,OAG3716,1348,2026-01-11 00:00:00,ENT. REALIZADA ,2026-01-27 00:00:00,2026-01-28 00:00:00,ENT. REALIZADA ,2,16,1,19,20.0,PERFORMANCE,,,32675.4,,,,,,32675.4,0.07697385159010602,,,,,31.358349328214974,1.153833115576115,-46031.0,janeiro,janeiro,,0.0,32675.4,0.07697385159010602,31.358349328214974,1.153833115576115,2026-01-27 00:00:00,2026-01-28 00:00:00,00:00:00,2,2026,2026
1,VELD_INTERM,B754A493737,2603,858,MENSAL,233419.5,20177.0,280,BERTOLINI,Rodoviário,PA/ PA,2026-01-12 00:00:00,LÚCIO,Manaus AM,Carazinho,RS,EXTRAPLAST F2,2026-01-12 00:00:00,09:00:00,2026-01-12 00:00:00,10:00:00,13:00:00,PERFORMANCE,FORA DO HR,03:00:00,04:00:00,PERFORMANCE,B754A,493737,2026-01-14 00:00:00,ENT. REALIZADA ,2026-02-03 00:00:00,2026-02-03 00:00:00,ENT. REALIZADA ,2,20,0,22,20.0,NÃO PERF.,,,29885.78,,,,,,29885.78,0.12803463292484132,,,,,106.73492857142857,1.4811805521137928,-46034.0,janeiro,janeiro,,0.0,29885.78,0.12803463292484132,106.73492857142857,1.4811805521137928,2026-02-03 00:00:00,2026-02-03 00:00:00,00:00:00,3,2026,2026
1,VELD_INTERM,B754B493735,2603,859,MENSAL,292029.1,26024.0,275,BERTOLINI,Rodoviário,PA/ PA,2026-01-12 00:00:00,LÚCIO,Manaus AM,Carazinho,RS,EXTRAPLAST F2,2026-01-12 00:00:00,09:00:00,2026-01-12 00:00:00,11:00:00,14:00:00,PERFORMANCE,FORA DO HR,03:00:00,04:00:00,PERFORMANCE,B754B,493735,2026-01-14 00:00:00,ENT. REALIZADA ,2026-02-03 00:00:00,2026-02-03 00:00:00,ENT. REALIZADA ,2,20,0,22,20.0,NÃO PERF.,,,31322.18,,,,,,31322.18,0.10725705075281883,,,,,113.89883636363636,1.2035882262526898,-46034.0,janeiro,janeiro,,0.0,31322.18,0.10725705075281883,113.89883636363636,1.2035882262526898,2026-02-03 00:00:00,2026-02-03 00:00:00,00:00:00,3,2026,2026
0,VELD_FINAL,MRKU61552351328403,6AIBK1214,145,MENSAL,116322.5,7906.0,175,ALIANÇA,Cabotagem,PA/ PA,2026-01-16 00:00:00,LÚCIO,Manaus AM,Carazinho,RS,EXTRAPLAST F2,2026-01-16 00:00:00,09:30:00,2026-01-16 00:00:00,09:30:00,12:40:00,PERFORMANCE,DENTRO DO HR,03:10:00,03:00:00,NÃO PERF.,MRKU6155235,1328403,2026-01-24 00:00:00,ENT. REALIZADA ,2026-02-15 00:00:00,2026-02-23 00:00:00,ENT. REALIZADA ,8,22,8,38,30.0,NÃO PERF.,,517235,4335.6,116.32,325.09,155.08,672.56,,5604.65,0.04818199402523157,,,,,24.774857142857144,0.708910953706046,-46038.0,janeiro,janeiro,,0.0,5604.65,0.04818199402523157,32.02657142857143,0.708910953706046,2026-02-15 00:00:00,2026-02-23 00:00:00,00:00:00,3,2026,2026
1,VELD_INTERM,MRKU61552351328403,6AIBK1214,867,MENSAL,158649.3,12230.46,177,ALIANÇA,Cabotagem,PA/ PA,2026-01-16 00:00:00,LÚCIO,Manaus AM,Carazinho,RS,EXTRAPLAST F2,2026-01-16 00:00:00,09:30:00,2026-01-16 00:00:00,09:30:00,12:40:00,PERFORMANCE,DENTRO DO HR,03:10:00,03:00:00,NÃO PERF.,MRKU6155235,1328403,2026-01-24 00:00:00,ENT. REALIZADA ,2026-02-15 00:00:00,2026-02-23 00:00:00,ENT. REALIZADA ,8,22,8,38,30.0,NÃO PERF.,,517236,6707.1,158.65,502.91,239.92,1037.53,,8646.11,0.054498254956057174,,,,,37.893220338983056,0.7069325274764809,-46038.0,janeiro,janeiro,,0.0,8646.11,0.054498254956057174,48.848079096045204,0.7069325274764809,2026-02-15 00:00:00,2026-02-23 00:00:00,00:00:00,3,2026,2026
1,VELD_INTERM,MSKU04933924287,2604,868,MENSAL,202288.0,25029.0,260,MILLY,Rodoviário,PA/ PA,2026-01-16 00:00:00,LÚCIO,Manaus AM,Carazinho,RS,EXTRAPLAST F2,2026-01-16 00:00:00,12:00:00,2026-01-16 00:00:00,11:45:00,16:00:00,PERFORMANCE,DENTRO DO HR,04:15:00,04:00:00,NÃO PERF.,MSKU0493392,4287,2026-01-19 00:00:00,ENT. REALIZADA ,2026-02-03 00:00:00,2026-02-03 00:00:00,ENT. REALIZADA ,3,15,0,18,20.0,PERFORMANCE,,,24800.0,,,,,,24800.0,0.12259748477418335,,,,,95.38461538461539,0.9908506132885853,-46038.0,janeiro,janeiro,,0.0,24800.0,0.12259748477418335,95.38461538461539,0.9908506132885853,2026-02-03 00:00:00,2026-02-03 00:00:00,00:00:00,3,2026,2026
0,VELD_FINAL,GVTU50261304288,2604,147,MENSAL,56499.5,3877.0,85,MILLY,Rodoviário,PA/ PA,2026-01-16 00:00:00,LÚCIO,Manaus AM,Carazinho,RS,EXTRAPLAST F2,2026-01-16 00:00:00,12:00:00,2026-01-16 00:00:00,11:45:00,16:00:00,PERFORMANCE,DENTRO DO HR,04:15:00,04:00:00,NÃO PERF.,GVTU5026130,4288,2026-01-19 00:00:00,ENT. REALIZADA ,2026-02-03 00:00:00,2026-02-03 00:00:00,ENT. REALIZADA ,3,15,0,18,20.0,PERFORMANCE,,,12400.0,,,,,,12400.0,0.21947096876963512,,,,,145.88235294117646,3.1983492391023987,-46038.0,janeiro,janeiro,,0.0,12400.0,0.21947096876963512,145.88235294117646,3.1983492391023987,2026-02-03 00:00:00,2026-02-03 00:00:00,00:00:00,3,2026,2026
1,VELD_INTERM,GVTU50261304288,2604,869,MENSAL,170767.0,16582.0,320,MILLY,Rodoviário,PA/ PA,2026-01-16 00:00:00,LÚCIO,Manaus AM,Carazinho,RS,EXTRAPLAST F2,2026-01-16 00:00:00,12:00:00,2026-01-16 00:00:00,11:45:00,16:00:00,PERFORMANCE,DENTRO DO HR,04:15:00,04:00:00,NÃO PERF.,GVTU5026130,4288,2026-01-19 00:00:00,ENT. REALIZADA ,2026-02-03 00:00:00,2026-02-03 00:00:00,ENT. REALIZADA ,3,15,0,18,20.0,PERFORMANCE,,,12400.0,,,,,,12400.0,0.07261356116814138,,,,,38.75,0.7477988179954167,-46038.0,janeiro,janeiro,,0.0,12400.0,0.07261356116814138,38.75,0.7477988179954167,2026-02-03 00:00:00,2026-02-03 00:00:00,00:00:00,3,2026,2026
1,VELD_INTERM,MRJU6548810BR1326093,6AIBK1250,872,MENSAL,181422.0,16897.5,142,ALIANÇA,Cabotagem,PA/ PA,2026-01-19 00:00:00,RONY,Manaus AM,Carazinho,RS,EXTRAPLAST F2,2026-01-19 00:00:00,10:00:00,2026-01-19 00:00:00,10:00:00,14:00:00,PERFORMANCE,DENTRO DO HR,04:00:00,03:00:00,NÃO PERF.,MRJU6548810,BR1326093,2026-01-24 00:00:00,ENT. REALIZADA ,2026-02-15 00:00:00,2026-02-23 00:00:00,ENT. REALIZADA ,5,22,8,35,30.0,NÃO PERF.,,516721,11042.7,181.42,828.0,395.0,1697.33,,14144.45,0.07796435933899969,,,,,77.76549295774649,0.837073531587513,-46041.0,janeiro,janeiro,,0.0,14144.45,0.07796435933899969,99.60880281690142,0.837073531587513,2026-02-15 00:00:00,2026-02-23 00:00:00,00:00:00,4,2026,2026
1,VELD_INTERM,MRSU3279404BR1323191,6AMAK0372,874,MENSAL,246105.6,24078.0,126,ALIANÇA,Cabotagem,PA/ PA,2026-01-21 00:00:00,RONY,Manaus AM,Lauro de Freitas,BA,PLASKEM,2026-01-21 00:00:00,09:00:00,2026-01-21 00:00:00,09:30:00,12:40:00,PERFORMANCE,FORA DO HR,03:10:00,03:00:00,NÃO PERF.,MRSU3279404,BR1323191,2026-01-24 00:00:00,ENT. REALIZADA ,2026-02-08 00:00:00,2026-02-12 00:00:00,ENT. REALIZADA ,3,15,4,22,30.0,PERFORMANCE,,517714,7364.9,246.11,558.0,395.0,1167.82,,9731.829999999998,0.039543309863733285,,,,,58.451587301587296,0.4041793338317135,-46043.0,janeiro,janeiro,,0.0,9731.829999999998,0.039543309863733285,77.23674603174602,0.4041793338317135,2026-02-08 00:00:00,2026-02-12 00:00:00,00:00:00,4,2026,2026
1,VELD_INTERM,2026 B613MAO493738,2605,876,MENSAL,294814.08,25905.0,228,BERTOLINI,Rodoviário,PA/ PA,2026-01-21 00:00:00,RONY,Manaus AM,Carazinho,RS,EXTRAPLAST F2,2026-01-21 00:00:00,13:00:00,2026-01-21 00:00:00,11:45:00,15:00:00,PERFORMANCE,DENTRO DO HR,03:15:00,04:00:00,PERFORMANCE,2026 B613,MAO493738,2026-01-23 00:00:00,ENT. REALIZADA ,2026-02-09 00:00:00,2026-02-09 00:00:00,ENT. REALIZADA ,2,17,0,19,20.0,PERFORMANCE,,,31204.33,,,,,,31204.33,0.10584409672699485,,,,,136.86109649122807,1.2045678440455512,-46043.0,janeiro,janeiro,,0.0,31204.33,0.10584409672699485,136.86109649122807,1.2045678440455512,2026-02-09 00:00:00,2026-02-09 00:00:00,00:00:00,4,2026,2026
1,VELD_INTERM,2026 B036MAO486489,2605,875,MENSAL,230247.36,18962.0,144,BERTOLINI,Rodoviário,PA/ PA,2026-01-21 00:00:00,RONY,Manaus AM,Carazinho,RS,EXTRAPLAST F2,2026-01-21 00:00:00,13:00:00,2026-01-21 00:00:00,11:45:00,15:00:00,PERFORMANCE,DENTRO DO HR,03:15:00,04:00:00,PERFORMANCE,2026 B036,MAO486489,2026-01-23 00:00:00,ENT. REALIZADA ,2026-02-09 00:00:00,2026-02-09 00:00:00,ENT. REALIZADA ,2,17,0,19,20.0,PERFORMANCE,,,29869.56,,,,,,29869.56,0.12972813238770686,,,,,207.4275,1.5752325704039658,-46043.0,janeiro,janeiro,,0.0,29869.56,0.12972813238770686,207.4275,1.5752325704039658,2026-02-09 00:00:00,2026-02-09 00:00:00,00:00:00,4,2026,2026
1,VELD_INTERM,CRSU91397084333,2606,880,MENSAL,240199.2,21653.0,272,MILLY,Rodoviário,PA/ PA,2026-01-23 00:00:00,RONY,Manaus AM,Carazinho,RS,EXTRAPLAST F2,2026-01-23 00:00:00,09:00:00,2026-01-23 00:00:00,09:00:00,12:00:00,PERFORMANCE,DENTRO DO HR,03:00:00,04:00:00,PERFORMANCE,CRSU9139708,4333,2026-01-25 00:00:00,ENT. REALIZADA ,2026-02-25 00:00:00,2026-03-02 00:00:00,ENT. REALIZADA ,2,31,5,38,20.0,NÃO PERF.,,,24800.0,,,,,,24800.0,0.10324763779396434,,,,,91.17647058823529,1.1453378284764235,-46045.0,janeiro,janeiro,,0.0,24800.0,0.10324763779396434,91.17647058823529,1.1453378284764235,2026-02-25 00:00:00,2026-03-02 00:00:00,00:00:00,4,2026,2026
1,VELD_INTERM,MSKU02747534334,2606,881,MENSAL,243926.76,21822.0,200,MILLY,Rodoviário,PA/ PA,2026-01-23 00:00:00,RONY,Manaus AM,Carazinho,RS,EXTRAPLAST F2,2026-01-23 00:00:00,09:00:00,2026-01-23 00:00:00,09:00:00,12:00:00,PERFORMANCE,DENTRO DO HR,03:00:00,04:00:00,PERFORMANCE,MSKU0274753,4334,2026-01-25 00:00:00,ENT. REALIZADA ,2026-02-25 00:00:00,2026-03-02 00:00:00,ENT. REALIZADA ,2,31,5,38,20.0,NÃO PERF.,,,24800.0,,,,,,24800.0,0.10166986188805197,,,,,124,1.1364677848043259,-46045.0,janeiro,janeiro,,0.0,24800.0,0.10166986188805197,124.0,1.1364677848043259,2026-02-25 00:00:00,2026-03-02 00:00:00,00:00:00,4,2026,2026
1,VELD_FINAL,MRKU21248271371155,6AIBK2085,149,MENSAL,242627.0,16601.0,385,ALIANÇA,Cabotagem,PA/ PA,2026-01-23 00:00:00,RONY,Manaus AM,Carazinho,RS,EXTRAPLAST F2,2026-01-23 00:00:00,16:30:00,2026-01-23 00:00:00,16:00:00,16:40:00,PERFORMANCE,DENTRO DO HR,00:40:00,03:00:00,PERFORMANCE,MRKU2124827,1371155,2026-01-31 00:00:00,ENT. REALIZADA ,2026-02-22 00:00:00,2026-03-02 00:00:00,ENT. REALIZADA ,8,22,8,38,30.0,NÃO PERF.,,517820,11042.7,242.63,828.0,395.0,1705.68,,14214.01,0.058583793229937314,,,,,28.682337662337662,0.8562140834889465,-46045.0,janeiro,janeiro,,0.0,14214.01,0.058583793229937314,36.919506493506496,0.8562140834889465,2026-02-22 00:00:00,2026-03-02 00:00:00,00:00:00,4,2026,2026
1,VELD_FINAL,B452492304,2607,150,MENSAL,364500.0,24624.0,810,BERTOLINI,Rodoviário,PA/ PA,2026-01-26 00:00:00,RONY,Manaus AM,Carazinho,RS,EXTRAPLAST F2,2026-01-26 00:00:00,1900-01-12 00:00:00,2026-01-26 00:00:00,14:00:00,15:00:00,PERFORMANCE,DENTRO DO HR,01:00:00,03:00:00,PERFORMANCE,B452,492304,2026-01-28 00:00:00,ENT. REALIZADA ,2026-02-12 00:00:00,2026-02-12 00:00:00,ENT. REALIZADA ,2,15,0,17,20.0,PERFORMANCE,,,30556.08,,,,,,30556.08,0.08383012345679013,,,,,37.723555555555556,1.2409064327485382,-46048.0,janeiro,janeiro,,0.0,30556.08,0.08383012345679013,37.723555555555556,1.2409064327485382,2026-02-12 00:00:00,2026-02-12 00:00:00,00:00:00,5,2026,2026
1,VELD_INTERM,B013492303,2607,883,MENSAL,357841.88,24915.0,45,BERTOLINI,Rodoviário,PA/ PA,2026-01-26 00:00:00,RONY,Manaus AM,Carazinho,RS,EXTRAPLAST F2,2026-01-26 00:00:00,1900-01-12 00:00:00,2026-01-26 00:00:00,14:00:00,15:00:00,PERFORMANCE,DENTRO DO HR,01:00:00,03:00:00,PERFORMANCE,B013,492303,2026-01-28 00:00:00,ENT. REALIZADA ,2026-02-12 00:00:00,2026-02-12 00:00:00,ENT. REALIZADA ,2,15,0,17,20.0,PERFORMANCE,,,30522.04,,,,,,30522.04,0.0852947676219452,,,,,678.2675555555555,1.2250467589805338,-46048.0,janeiro,janeiro,,0.0,30522.04,0.0852947676219452,678.2675555555555,1.2250467589805338,2026-02-12 00:00:00,2026-02-12 00:00:00,00:00:00,5,2026,2026
1,VELD_INTERM,B325493736,2608,884,MENSAL,310532.0,21626.0,40,BERTOLINI,Rodoviário,PA/ PA,2026-01-26 00:00:00,RONY,Manaus AM,Carazinho,RS,EXTRAPLAST F2,2026-01-26 00:00:00,1900-01-12 00:00:00,2026-01-26 00:00:00,14:00:00,15:00:00,PERFORMANCE,DENTRO DO HR,01:00:00,03:00:00,PERFORMANCE,B325,493736,2026-01-28 00:00:00,ENT. REALIZADA ,2026-02-12 00:00:00,2026-02-12 00:00:00,ENT. REALIZADA ,2,15,0,17,20.0,PERFORMANCE,,,30280.11,,,,,,30280.11,0.09751043370731519,,,,,757.00275,1.400171552760566,-46048.0,janeiro,janeiro,,0.0,30280.11,0.09751043370731519,757.00275,1.400171552760566,2026-02-12 00:00:00,2026-02-12 00:00:00,00:00:00,5,2026,2026
1,VELD_INTERM,B745493734,2608,886,MENSAL,306816.55,21974.0,58,BERTOLINI,Rodoviário,PA/ PA,2026-01-26 00:00:00,RONY,Manaus AM,Carazinho,RS,EXTRAPLAST F2,2026-01-26 00:00:00,1900-01-12 00:00:00,2026-01-26 00:00:00,14:00:00,15:00:00,PERFORMANCE,DENTRO DO HR,01:00:00,03:00:00,PERFORMANCE,B745,493734,2026-01-28 00:00:00,ENT. REALIZADA ,2026-02-12 00:00:00,2026-02-12 00:00:00,ENT. REALIZADA ,2,15,0,17,20.0,PERFORMANCE,,,30261.11,,,,,,30261.11,0.09862932752486787,,,,,521.743275862069,1.377132520251206,-46048.0,janeiro,janeiro,,0.0,30261.11,0.09862932752486787,521.743275862069,1.377132520251206,2026-02-12 00:00:00,2026-02-12 00:00:00,00:00:00,5,2026,2026
1,VELD_FINAL,B719493731,2609,151,MENSAL,260000.0,22968.0,400,BERTOLINI,Rodoviário,PA/ PA,2026-01-28 00:00:00,RONY,Manaus AM,BALSAS,MA,ORCA BUSINESS LTDA,2026-01-28 00:00:00,10:00:00,2026-01-28 00:00:00,10:00:00,17:00:00,PERFORMANCE,DENTRO DO HR,07:00:00,04:00:00,NÃO PERF.,B719,493731,2026-01-30 00:00:00,ENT. REALIZADA ,2026-02-11 00:00:00,2026-02-12 00:00:00,ENT. REALIZADA ,2,12,1,15,20.0,PERFORMANCE,,,26329.54,,,,,,26329.54,0.10126746153846154,,,,,65.82385000000001,1.1463575409265065,-46050.0,janeiro,janeiro,,0.0,26329.54,0.10126746153846154,65.82385000000001,1.1463575409265065,2026-02-11 00:00:00,2026-02-12 00:00:00,00:00:00,5,2026,2026
1,VELD_INTERM,B971493733,2630,887,MENSAL,307551.5,24919.0,48,BERTOLINI,Rodoviário,PA/ PA,2026-01-28 00:00:00,RONY,Manaus AM,Carazinho,RS,EXTRAPLAST F2,2026-01-28 00:00:00,1900-01-05 12:00:00,2026-01-28 00:00:00,12:00:00,17:00:00,PERFORMANCE,DENTRO DO HR,05:00:00,04:00:00,NÃO PERF.,B971,493733,2026-01-30 00:00:00,ENT. REALIZADA ,2026-02-16 00:00:00,2026-02-17 00:00:00,ENT. REALIZADA ,2,17,1,20,20.0,PERFORMANCE,,,30264.87,,,,,,30264.87,0.09840586048190303,,,,,630.5181249999999,1.2145298768008346,-46050.0,janeiro,janeiro,,0.0,30264.87,0.09840586048190303,630.5181249999999,1.2145298768008346,2026-02-16 00:00:00,2026-02-17 00:00:00,00:00:00,5,2026,2026
1,VELD_INTERM,B969493732,2630,889,MENSAL,272500.0,22058.0,40,BERTOLINI,Rodoviário,PA/ PA,2026-01-28 00:00:00,RONY,Manaus AM,Carazinho,RS,EXTRAPLAST F2,2026-01-28 00:00:00,1900-01-05 12:00:00,2026-01-28 00:00:00,12:00:00,17:00:00,PERFORMANCE,DENTRO DO HR,05:00:00,04:00:00,NÃO PERF.,B969,493732,2026-01-30 00:00:00,ENT. REALIZADA ,2026-02-16 00:00:00,2026-02-18 00:00:00,ENT. REALIZADA ,2,17,2,21,20.0,NÃO PERF.,,,30085.63,,,,,,30085.63,0.11040598165137615,,,,,752.14075,1.3639328134917037,-46050.0,janeiro,janeiro,,0.0,30085.63,0.11040598165137615,752.14075,1.3639328134917037,2026-02-16 00:00:00,2026-02-18 00:00:00,00:00:00,5,2026,2026
1,VELD_INTERM,MRSU55839721326387,6AIBK2663,892,MENSAL,343337.5,27900.0,52,ALIANÇA,Cabotagem,PA/ PA,2026-01-29 00:00:00,RONY,Manaus AM,Carazinho,RS,EXTRAPLAST F2,2026-01-29 00:00:00,13:00:00,2026-01-29 00:00:00,13:00:00,18:00:00,PERFORMANCE,DENTRO DO HR,05:00:00,03:00:00,NÃO PERF.,MRSU5583972,1326387,2026-01-31 00:00:00,ENT. REALIZADA ,2026-02-22 00:00:00,2026-03-03 00:00:00,ENT. REALIZADA ,2,22,9,33,30.0,NÃO PERF.,,519112,11042.7,343.34,828.0,395.0,1719.41,,14328.45,0.041732843048021266,,,,,212.3596153846154,0.5135645161290323,-46051.0,janeiro,janeiro,,0.0,14328.45,0.041732843048021266,275.5471153846154,0.5135645161290323,2026-02-22 00:00:00,2026-03-03 00:00:00,00:00:00,5,2026,2026
1,VELD_INTERM,CAAU9132666JXQ9191,6AIBK2663,893,MENSAL,193613.45,20265.0,240,ALIANÇA,Cabotagem,PA/ PA,2026-01-29 00:00:00,RONY,Manaus AM,Carazinho,RS,EXTRAPLAST F2,2026-01-29 00:00:00,13:00:00,2026-01-29 00:00:00,13:00:00,18:00:00,PERFORMANCE,DENTRO DO HR,05:00:00,03:00:00,NÃO PERF.,CAAU9132666,JXQ9191,2026-01-31 00:00:00,ENT. REALIZADA ,2026-02-22 00:00:00,2026-03-03 00:00:00,ENT. REALIZADA ,2,22,9,33,30.0,NÃO PERF.,,519111,11042.7,193.61,828.0,395.0,1495.11,,13954.420000000002,0.07207360852254842,VERIFICAR CORREÇÃO ICMS,,,,46.011250000000004,0.6885970885763633,-46051.0,janeiro,janeiro,,0.0,13954.420000000002,0.07207360852254842,58.143416666666674,0.6885970885763633,2026-02-22 00:00:00,2026-03-03 00:00:00,00:00:00,5,2026,2026
1,VELD_FINAL,B634493490,2631,152,MENSAL,283500.0,22249.0,630,BERTOLINI,Rodoviário,PA/ PA,2026-01-30 00:00:00,RONY,Manaus AM,Carazinho,RS,EXTRAPLAST F2,2026-01-30 00:00:00,13:00:00,2026-01-30 00:00:00,14:00:00,17:00:00,PERFORMANCE,FORA DO HR,03:00:00,03:00:00,PERFORMANCE,B634,493490,2026-02-03 00:00:00,ENT. REALIZADA ,2026-02-20 00:00:00,2026-02-23 00:00:00,ENT. REALIZADA ,4,17,3,24,20.0,NÃO PERF.,,,30141.88,,,,,,30141.88,0.10632056437389771,,,,,47.84425396825397,1.3547521236909525,-46052.0,janeiro,janeiro,,0.0,30141.88,0.10632056437389771,47.84425396825397,1.3547521236909525,2026-02-20 00:00:00,2026-02-23 00:00:00,00:00:00,5,2026,2026
1,VELD_INTERM,B053EJY6128,2631,898,MENSAL,261537.6,23852.0,660,BERTOLINI,Rodoviário,PA/ PA,2026-02-02 00:00:00,LÚCIO,Manaus AM,Carazinho,RS,EXTRAPLAST F2,2026-02-02 00:00:00,09:00:00,2026-02-02 00:00:00,09:00:00,16:45:00,PERFORMANCE,DENTRO DO HR,07:45:00,04:00:00,NÃO PERF.,B053,EJY6128,2026-02-03 00:00:00,ENT. REALIZADA ,2026-02-20 00:00:00,2026-02-23 00:00:00,ENT. REALIZADA ,1,17,3,21,20.0,NÃO PERF.,,,30029.56,,,,,,30029.56,0.11481928411058295,,,,,45.49933333333333,1.2589954720778131,-46055.0,fevereiro,fevereiro,,0.0,30029.56,0.11481928411058295,45.49933333333333,1.2589954720778131,2026-02-20 00:00:00,2026-02-23 00:00:00,00:00:00,6,2026,2026
0,VELD_INTERM,B956QZB3H47,2632,900,MENSAL,79170.0,5460.0,9,BERTOLINI,Rodoviário,PA/ PA,2026-02-04 00:00:00,ANDERSON,Manaus AM,Carazinho,RS,EXTRAPLAST F2,2026-02-04 00:00:00,13:00:00,2026-02-04 00:00:00,13:00:00,15:45:00,PERFORMANCE,DENTRO DO HR,02:45:00,04:00:00,PERFORMANCE,B956,QZB3H47,2026-02-05 00:00:00,ENT. REALIZADA ,2026-02-22 00:00:00,2026-02-23 00:00:00,ENT. REALIZADA ,1,17,1,19,20.0,PERFORMANCE,,,9738.8,,,,,,9738.8,0.12301124163193128,,,,,1082.0888888888887,1.7836630036630035,-46057.0,fevereiro,fevereiro,,0.0,9738.8,0.12301124163193128,1082.0888888888887,1.7836630036630035,2026-02-22 00:00:00,2026-02-23 00:00:00,00:00:00,6,2026,2026
1,VELD_FINAL,B956QZB3H47,2632,154,MENSAL,182250.0,11323.8,405,BERTOLINI,Rodoviário,PA/ PA,2026-02-04 00:00:00,ANDERSON,Manaus AM,Carazinho,RS,EXTRAPLAST F2,2026-02-04 00:00:00,13:00:00,2026-02-04 00:00:00,13:00:00,15:45:00,PERFORMANCE,DENTRO DO HR,02:45:00,04:00:00,PERFORMANCE,B956,QZB3H47,2026-02-05 00:00:00,ENT. REALIZADA ,2026-02-22 00:00:00,2026-02-23 00:00:00,ENT. REALIZADA ,1,17,1,19,20.0,PERFORMANCE,,,20290.16,,,,,,20290.16,0.11133146776406036,,,,,50.09916049382716,1.7918154683056926,-46057.0,fevereiro,fevereiro,,0.0,20290.16,0.11133146776406036,50.09916049382716,1.7918154683056926,2026-02-22 00:00:00,2026-02-23 00:00:00,00:00:00,6,2026,2026
1,VELD_INTERM,B163EJY6I32,2632,899,MENSAL,303321.69,24847.5,379,BERTOLINI,Rodoviário,PA/ PA,2026-02-04 00:00:00,ANDERSON,Manaus AM,Carazinho,RS,EXTRAPLAST F2,2026-02-04 00:00:00,09:31:00,2026-02-04 00:00:00,09:31:00,11:25:00,PERFORMANCE,DENTRO DO HR,01:54:00,04:00:00,PERFORMANCE,B163,EJY6I32,2026-02-05 00:00:00,ENT. REALIZADA ,2026-02-22 00:00:00,2026-02-23 00:00:00,ENT. REALIZADA ,1,17,1,19,20.0,PERFORMANCE,,,30243.24,,,,,,30243.24,0.0997068162187808,,,,,79.79746701846966,1.2171542408693028,-46057.0,fevereiro,fevereiro,,0.0,30243.24,0.0997068162187808,79.79746701846966,1.2171542408693028,2026-02-22 00:00:00,2026-02-23 00:00:00,00:00:00,6,2026,2026
1,VELD_INTERM,B381RCA0D92,2633,902,MENSAL,344299.12,25387.0,273,BERTOLINI,Rodoviário,PA/ PA,2026-02-06 00:00:00,ANDERSON,Manaus AM,Carazinho,RS,EXTRAPLAST F2,2026-02-06 00:00:00,10:00:00,2026-02-06 00:00:00,10:00:00,16:00:00,PERFORMANCE,DENTRO DO HR,06:00:00,04:00:00,NÃO PERF.,B381,RCA0D92,2026-02-07 00:00:00,ENT. REALIZADA ,2026-02-28 00:00:00,2026-03-11 00:00:00,ENT. REALIZADA ,1,21,11,33,20.0,NÃO PERF.,,,30882.37,,,,,,30882.37,0.08969633730112352,,,,,113.12223443223444,1.216463938236105,-46059.0,fevereiro,fevereiro,,0.0,30882.37,0.08969633730112352,113.12223443223444,1.216463938236105,2026-02-28 00:00:00,2026-03-11 00:00:00,00:00:00,6,2026,2026
1,VELD_INTERM,B329TFS4H22,2633,903,MENSAL,230942.66,20839.9,464,BERTOLINI,Rodoviário,PA/ PA,2026-02-06 00:00:00,ANDERSON,Manaus AM,Carazinho,RS,EXTRAPLAST F2,2026-02-06 00:00:00,10:00:00,2026-02-06 00:00:00,10:00:00,16:00:00,PERFORMANCE,DENTRO DO HR,06:00:00,04:00:00,NÃO PERF.,B329,TFS4H22,2026-02-07 00:00:00,ENT. REALIZADA ,2026-02-28 00:00:00,2026-03-12 00:00:00,ENT. REALIZADA ,1,21,12,34,20.0,NÃO PERF.,,,29873.11,,,,,,29873.11,0.12935293115615798,,,,,64.3817025862069,1.4334574542104328,-46059.0,fevereiro,fevereiro,,0.0,29873.11,0.12935293115615798,64.3817025862069,1.4334574542104328,2026-02-28 00:00:00,2026-03-12 00:00:00,00:00:00,6,2026,2026
1,VELD_INTERM,MSDU81089591797641,LA0475246,904,MENSAL,250499.6,24396.0,126,LOG-IN,Cabotagem,PA/ PA,2026-02-09 00:00:00,ANDERSON,Manaus AM,Lauro de Freitas,BA,PLASKEM,2026-02-09 00:00:00,14:30:00,2026-02-09 00:00:00,14:30:00,16:00:00,PERFORMANCE,DENTRO DO HR,01:30:00,03:00:00,PERFORMANCE,MSDU8108959,1797641,2026-02-11 00:00:00,ENT. REALIZADA ,2026-02-28 00:00:00,2026-03-05 00:00:00,ENT. REALIZADA ,2,17,5,24,30.0,PERFORMANCE,0MAO152031-01,85606,7800.0,801.6,742.0,,1274.13,,10617.73,0.04238621538717027,,,,,61.904761904761905,0.435224217084768,-46062.0,fevereiro,fevereiro,,0.0,10617.73,0.04238621538717027,84.26769841269841,0.435224217084768,2026-02-28 00:00:00,2026-03-05 00:00:00,00:00:00,7,2026,2026
1,VELD_INTERM,OAJ6521MAO003546,2634,905,MENSAL,335767.25,24990.5,360,TODO BRASIL,Rodoviário,PA/ PA,2026-02-09 00:00:00,ANDERSON,Manaus AM,Carazinho,RS,EXTRAPLAST F2,2026-02-09 00:00:00,16:00:00,2026-02-09 00:00:00,16:05:00,17:47:00,PERFORMANCE,FORA DO HR,01:42:00,04:00:00,PERFORMANCE,OAJ6521,MAO003546,2026-02-13 00:00:00,ENT. REALIZADA ,2026-03-24 00:00:00,2026-03-25 00:00:00,ENT. REALIZADA ,4,39,1,44,20.0,NÃO PERF.,,,32675.4,,,,,,32675.4,0.09731562563055213,,,,,90.765,1.3075128548848562,-46062.0,fevereiro,fevereiro,,0.0,32675.4,0.09731562563055213,90.765,1.3075128548848562,2026-03-24 00:00:00,2026-03-25 00:00:00,00:00:00,7,2026,2026
1,VELD_INTERM,PHU9G82MAO003538,2635,906,MENSAL,302047.38,24756.0,367,TODO BRASIL,Rodoviário,PA/ PA,2026-02-10 00:00:00,ANDERSON,Manaus AM,Carazinho,RS,EXTRAPLAST F2,2026-02-10 00:00:00,09:30:00,2026-02-10 00:00:00,09:52:00,11:00:00,PERFORMANCE,FORA DO HR,01:08:00,03:00:00,PERFORMANCE,PHU9G82,MAO003538,2026-02-13 00:00:00,ENT. REALIZADA ,2026-03-26 00:00:00,2026-03-30 00:00:00,ENT. REALIZADA ,3,41,4,48,20.0,NÃO PERF.,,,32675.4,,,,,,32675.4,0.10817971670537252,,,,,89.03378746594007,1.319898206495395,-46063.0,fevereiro,fevereiro,,0.0,32675.4,0.10817971670537252,89.03378746594007,1.319898206495395,2026-03-26 00:00:00,2026-03-30 00:00:00,00:00:00,7,2026,2026
1,VELD_INTERM,HAMU1859947441714,42330110,908,MENSAL,230644.0,20441.0,109,NORCOAST,Cabotagem,PA/ PA,2026-02-11 00:00:00,ANDERSON,Manaus AM,Carazinho,RS,EXTRAPLAST F2,2026-02-11 00:00:00,14:00:00,2026-02-11 00:00:00,14:00:00,15:30:00,PERFORMANCE,DENTRO DO HR,01:30:00,03:00:00,PERFORMANCE,HAMU1859947,441714,2026-02-15 00:00:00,ENT. REALIZADA ,2026-03-02 00:00:00,2026-03-09 00:00:00,ENT. REALIZADA ,4,15,7,26,30.0,PERFORMANCE,,24565,10300.0,691.93,1054.0,,1642.63,,13688.560000000001,0.059349300220252865,,,,,94.4954128440367,0.669661953916149,-46064.0,fevereiro,fevereiro,,0.0,13688.560000000001,0.059349300220252865,125.58311926605506,0.669661953916149,2026-03-02 00:00:00,2026-03-09 00:00:00,00:00:00,7,2026,2026
1,VELD_INTERM,B522484168,2636,912,MENSAL,291870.0,24966.5,270,BERTOLINI,Rodoviário,PA/ PA,2026-02-12 00:00:00,ANDERSON,Manaus AM,Carazinho,RS,EXTRAPLAST F2,2026-02-12 00:00:00,13:00:00,2026-02-12 00:00:00,11:00:00,14:20:00,PERFORMANCE,DENTRO DO HR,03:20:00,04:00:00,PERFORMANCE,B522,484168,2026-02-14 00:00:00,ENT. REALIZADA ,2026-03-03 00:00:00,2026-03-18 00:00:00,ENT. REALIZADA ,2,17,15,34,20.0,NÃO PERF.,,,30184.68,,,,,,30184.68,0.10341823414533868,,,,,111.79511111111111,1.2090072697414536,-46065.0,fevereiro,fevereiro,,0.0,30184.68,0.10341823414533868,111.79511111111111,1.2090072697414536,2026-03-03 00:00:00,2026-03-18 00:00:00,00:00:00,7,2026,2026
1,VELD_FINAL,CIPU50074481747082,LA0476005,156,MENSAL,418837.5,24589.0,850,LOG-IN,Cabotagem,PA/ PA,2026-02-12 00:00:00,ANDERSON,Manaus AM,PAJEU DO PIAUI,PI,ITAUEIRA AGROPECUARIA,2026-02-12 00:00:00,14:00:00,2026-02-12 00:00:00,14:00:00,16:00:00,PERFORMANCE,DENTRO DO HR,02:00:00,02:00:00,PERFORMANCE,CIPU5007448,1747082,2026-02-14 00:00:00,ENT. REALIZADA ,2026-02-28 00:00:00,2026-03-06 00:00:00,ENT. REALIZADA ,2,14,6,22,30.0,PERFORMANCE,0MAO152032-01,86165,19299.99,1340.28,742.0,,2915.77,,24298.04,0.05801304801981676,,,,,22.705870588235296,0.9881670665744846,-46065.0,fevereiro,fevereiro,,0.0,24298.04,0.05801304801981676,28.585929411764706,0.9881670665744846,2026-02-28 00:00:00,2026-03-06 00:00:00,00:00:00,7,2026,2026
1,VELD_INTERM,B665999999,2636,914,MENSAL,207552.0,21438.0,303,BERTOLINI,Rodoviário,PA/ PA,2026-02-13 00:00:00,ANDERSON,Manaus AM,Carazinho,RS,EXTRAPLAST F2,2026-02-13 00:00:00,,2026-02-13 00:00:00,,,PERFORMANCE,DENTRO DO HR,00:00:00,04:00:00,PERFORMANCE,B665,999999,2026-02-14 00:00:00,ENT. REALIZADA ,2026-03-03 00:00:00,2026-03-04 00:00:00,ENT. REALIZADA ,1,17,1,19,20.0,PERFORMANCE,,,29753.5,,,,,,29753.5,0.1433544364785692,,,,,98.1963696369637,1.3878859968280624,-46066.0,fevereiro,fevereiro,,0.0,29753.5,0.1433544364785692,98.1963696369637,1.3878859968280624,2026-03-03 00:00:00,2026-03-04 00:00:00,00:00:00,7,2026,2026
1,VELD_INTERM,B190494698,2637,915,MENSAL,308085.0,25579.5,285,BERTOLINI,Rodoviário,PA/ PA,2026-02-16 00:00:00,LÚCIO,Manaus AM,Carazinho,RS,EXTRAPLAST F2,2026-02-16 00:00:00,13:00:00,2026-02-16 00:00:00,13:00:00,14:11:00,PERFORMANCE,DENTRO DO HR,01:11:00,04:00:00,PERFORMANCE,B190,494698,2026-02-18 00:00:00,ENT. REALIZADA ,2026-03-03 00:00:00,2026-03-06 00:00:00,ENT. REALIZADA ,2,13,3,18,20.0,PERFORMANCE,,,30910.86,,,,,,30910.86,0.10033224597107941,,,,,108.45915789473685,1.2084231513516683,-46069.0,fevereiro,fevereiro,,0.0,30910.86,0.10033224597107941,108.45915789473685,1.2084231513516683,2026-03-03 00:00:00,2026-03-06 00:00:00,00:00:00,8,2026,2026
1,VELD_INTERM,B035494695,2638,916,MENSAL,236992.0,21124.5,112,BERTOLINI,Rodoviário,PA/ PA,2026-02-16 00:00:00,LÚCIO,Manaus AM,Carazinho,RS,EXTRAPLAST F2,2026-02-16 00:00:00,13:00:00,2026-02-16 00:00:00,14:00:00,15:45:00,PERFORMANCE,FORA DO HR,01:45:00,04:00:00,PERFORMANCE,B035,494695,2026-02-18 00:00:00,ENT. REALIZADA ,2026-03-04 00:00:00,2026-03-06 00:00:00,ENT. REALIZADA ,2,14,2,18,20.0,PERFORMANCE,,,29904.05,,,,,,29904.05,0.12618168545773698,,,,,267.0004464285714,1.415609836919217,-46069.0,fevereiro,fevereiro,,0.0,29904.05,0.12618168545773698,267.0004464285714,1.415609836919217,2026-03-04 00:00:00,2026-03-06 00:00:00,00:00:00,8,2026,2026
1,VELD_INTERM, PHU3D143635,2639,919,MENSAL,274252.0,25422.0,163,TODO BRASIL,Rodoviário,PA/ PA,2026-02-18 00:00:00,ANDERSON,Manaus AM,Carazinho,RS,EXTRAPLAST F2,2026-02-18 00:00:00,14:00:00,2026-02-18 00:00:00,14:00:00,15:40:00,PERFORMANCE,DENTRO DO HR,01:40:00,04:00:00,PERFORMANCE, PHU3D14,3635,2026-02-21 00:00:00,ENT. REALIZADA ,2026-03-12 00:00:00,2026-03-18 00:00:00,ENT. REALIZADA ,3,19,6,28,20.0,NÃO PERF.,,,32675.4,,,,,,32675.4,0.11914370724734916,,,,,200.46257668711658,1.2853198017465188,-46071.0,fevereiro,fevereiro,,0.0,32675.4,0.11914370724734916,200.46257668711658,1.2853198017465188,2026-03-12 00:00:00,2026-03-18 00:00:00,00:00:00,8,2026,2026
1,VELD_INTERM,B955494696,2640,920,MENSAL,222542.5,18545.0,85,BERTOLINI,Rodoviário,PA/ PA,2026-02-18 00:00:00,ANDERSON,Manaus AM,Carazinho,RS,EXTRAPLAST F2,2026-02-18 00:00:00,12:00:00,2026-02-18 00:00:00,12:00:00,13:30:00,PERFORMANCE,DENTRO DO HR,01:30:00,03:00:00,PERFORMANCE,B955,494696,2026-02-21 00:00:00,ENT. REALIZADA ,2026-03-09 00:00:00,2026-03-10 00:00:00,ENT. REALIZADA ,3,16,1,20,20.0,PERFORMANCE,,,29830.16,,,,,,29830.16,0.13404253120190526,,,,,350.9430588235294,1.6085284443246157,-46071.0,fevereiro,fevereiro,,0.0,29830.16,0.13404253120190526,350.9430588235294,1.6085284443246157,2026-03-09 00:00:00,2026-03-10 00:00:00,00:00:00,8,2026,2026
1,VELD_INTERM,B199494693,2640,921,MENSAL,259440.72,22824.0,204,BERTOLINI,Rodoviário,PA/ PA,2026-02-18 00:00:00,ANDERSON,Manaus AM,Carazinho,RS,EXTRAPLAST F2,2026-02-18 00:00:00,12:00:00,2026-02-18 00:00:00,12:00:00,13:30:00,PERFORMANCE,DENTRO DO HR,01:30:00,03:00:00,PERFORMANCE,B199,494693,2026-02-21 00:00:00,ENT. REALIZADA ,2026-03-09 00:00:00,2026-03-10 00:00:00,ENT. REALIZADA ,3,16,1,20,20.0,PERFORMANCE,,,30018.85,,,,,,30018.85,0.11570600790808783,,,,,147.15122549019608,1.315231773571679,-46071.0,fevereiro,fevereiro,,0.0,30018.85,0.11570600790808783,147.15122549019608,1.315231773571679,2026-03-09 00:00:00,2026-03-10 00:00:00,00:00:00,8,2026,2026
1,VELD_INTERM,B543494692,2641,922,MENSAL,254178.24,24157.0,528,BERTOLINI,Rodoviário,PA/ PA,2026-02-19 00:00:00,ANDERSON,Manaus AM,Carazinho,RS,EXTRAPLAST F2,2026-02-19 00:00:00,13:00:00,2026-02-19 00:00:00,13:00:00,16:00:00,PERFORMANCE,DENTRO DO HR,03:00:00,03:00:00,PERFORMANCE,B543,494692,2026-02-22 00:00:00,ENT. REALIZADA ,2026-03-04 00:00:00,2026-03-04 00:00:00,ENT. REALIZADA ,3,10,0,13,20.0,PERFORMANCE,,,29991.94,,,,,,29991.94,0.11799570254322321,,,,,56.80291666666666,1.2415424100674752,-46072.0,fevereiro,fevereiro,,0.0,29991.94,0.11799570254322321,56.80291666666666,1.2415424100674752,2026-03-04 00:00:00,2026-03-04 00:00:00,00:00:00,8,2026,2026
1,VELD_INTERM,B72711111,2641,923,MENSAL,216874.69,19408.0,408,BERTOLINI,Rodoviário,PA/ PA,2026-02-19 00:00:00,ANDERSON,Manaus AM,Carazinho,RS,EXTRAPLAST F2,2026-02-19 00:00:00,13:00:00,2026-02-19 00:00:00,13:00:00,16:00:00,PERFORMANCE,DENTRO DO HR,03:00:00,03:00:00,PERFORMANCE,B727,11111,2026-02-22 00:00:00,ENT. REALIZADA ,2026-03-04 00:00:00,2026-03-04 00:00:00,ENT. REALIZADA ,3,10,0,13,20.0,PERFORMANCE,,,29801.18,,,,,,29801.18,0.13741197739579478,,,,,73.04210784313726,1.535510098928277,-46072.0,fevereiro,fevereiro,,0.0,29801.18,0.13741197739579478,73.04210784313726,1.535510098928277,2026-03-04 00:00:00,2026-03-04 00:00:00,00:00:00,8,2026,2026
1,VELD_INTERM,B183481264,2642,924,MENSAL,200375.1,16253.0,79,BERTOLINI,Rodoviário,PA/ PA,2026-02-20 00:00:00,ANDERSON,Manaus AM,Carazinho,RS,EXTRAPLAST F2,2026-02-20 00:00:00,14:00:00,2026-02-20 00:00:00,13:00:00,16:00:00,PERFORMANCE,DENTRO DO HR,03:00:00,04:00:00,PERFORMANCE,B183,481264,2026-02-22 00:00:00,ENT. REALIZADA ,2026-03-13 00:00:00,2026-03-13 00:00:00,ENT. REALIZADA ,2,19,0,21,20.0,NÃO PERF.,,113099,11801.47,,,,,,11801.47,0.05889688888489637,,,,,149.38569620253165,0.7261102565680182,-46073.0,fevereiro,fevereiro,,0.0,11801.47,0.05889688888489637,149.38569620253165,0.7261102565680182,2026-03-13 00:00:00,2026-03-13 00:00:00,00:00:00,8,2026,2026
0,VELD_FINAL,B183481264,2642,159,MENSAL,140850.0,9666.5,313,BERTOLINI,Rodoviário,PA/ PA,2026-02-20 00:00:00,ANDERSON,Manaus AM,Carazinho,RS,EXTRAPLAST F2,2026-02-20 00:00:00,14:00:00,2026-02-20 00:00:00,13:00:00,16:00:00,PERFORMANCE,DENTRO DO HR,03:00:00,04:00:00,PERFORMANCE,B183,481264,2026-02-22 00:00:00,ENT. REALIZADA ,2026-03-13 00:00:00,2026-03-13 00:00:00,ENT. REALIZADA ,2,19,0,21,20.0,NÃO PERF.,,113100,19656.29,,,,,,19656.29,0.13955477458288962,,,,,62.79964856230032,2.0334443697305127,-46073.0,fevereiro,fevereiro,,0.0,19656.29,0.13955477458288962,62.79964856230032,2.0334443697305127,2026-03-13 00:00:00,2026-03-13 00:00:00,00:00:00,8,2026,2026
1,VELD_INTERM,B079494451,2642,925,MENSAL,244862.15,22314.0,145,BERTOLINI,Rodoviário,PA/ PA,2026-02-20 00:00:00,ANDERSON,Manaus AM,Carazinho,RS,EXTRAPLAST F2,2026-02-20 00:00:00,14:00:00,2026-02-20 00:00:00,13:00:00,16:00:00,PERFORMANCE,DENTRO DO HR,03:00:00,04:00:00,PERFORMANCE,B079,494451,2026-02-22 00:00:00,ENT. REALIZADA ,2026-03-13 00:00:00,2026-03-13 00:00:00,ENT. REALIZADA ,2,19,0,21,20.0,NÃO PERF.,,113107,29944.29,,,,,,29944.29,0.12229039890403642,,,,,206.51234482758622,1.341950793223985,-46073.0,fevereiro,fevereiro,,0.0,29944.29,0.12229039890403642,206.51234482758622,1.341950793223985,2026-03-13 00:00:00,2026-03-13 00:00:00,00:00:00,8,2026,2026
1,VELD_INTERM,B2402494452,2643,929,MENSAL,271114.8,24932.5,228,BERTOLINI,Rodoviário,PA/ PA,2026-02-24 00:00:00,ANDERSON,Manaus AM,Carazinho,RS,EXTRAPLAST F2,2026-02-25 00:00:00,15:30:00,2026-02-25 00:00:00,15:30:00,17:00:00,PERFORMANCE,DENTRO DO HR,01:30:00,04:00:00,PERFORMANCE,B2402,494452,2026-02-26 00:00:00,ENT. REALIZADA ,2026-03-13 00:00:00,2026-03-10 00:00:00,ENT. REALIZADA ,1,15,-3,13,20.0,PERFORMANCE,,113338,,,,,,,30463.18,0.11236265965561452,,,,,0,1.2218261305524918,-46078.0,fevereiro,fevereiro,,0.0,30463.18,0.11236265965561452,133.61043859649124,1.2218261305524918,2026-03-13 00:00:00,2026-03-10 00:00:00,00:00:00,9,2026,2026
1,VELD_INTERM,B994C494453,2643,930,MENSAL,151009.6,14635.0,280,BERTOLINI,Rodoviário,PA/ PA,2026-02-25 00:00:00,ANDERSON,Manaus AM,Carazinho,RS,EXTRAPLAST F2,2026-02-25 00:00:00,15:30:00,2026-02-25 00:00:00,15:30:00,17:00:00,PERFORMANCE,DENTRO DO HR,01:30:00,04:00:00,PERFORMANCE,B994C,494453,2026-02-26 00:00:00,ENT. REALIZADA ,2026-03-13 00:00:00,2026-03-13 00:00:00,ENT. REALIZADA ,1,15,0,16,20.0,PERFORMANCE,,113361,,,,,,,21366.0,0.14148769349763193,,,,,0,1.4599248377177998,-46078.0,fevereiro,fevereiro,,0.0,21366.0,0.14148769349763193,76.30714285714286,1.4599248377177998,2026-03-13 00:00:00,2026-03-13 00:00:00,00:00:00,9,2026,2026
0,VELD_FINAL,B994C494453,2643,169,MENSAL,56870.0,5754.5,200,BERTOLINI,Rodoviário,PA/ PA,2026-02-25 00:00:00,ANDERSON,Manaus AM,Carazinho,RS,EXTRAPLAST F2,2026-02-25 00:00:00,15:30:00,2026-02-25 00:00:00,15:30:00,17:00:00,PERFORMANCE,DENTRO DO HR,01:30:00,04:00:00,PERFORMANCE,B994C,494453,2026-02-26 00:00:00,ENT. REALIZADA ,2026-03-16 00:00:00,2026-03-10 00:00:00,ENT. REALIZADA ,1,18,-6,13,20.0,PERFORMANCE,,113361,,,,,,,0.61,1.0726217689467206e-05,,,,,0,0.00010600399687201321,-46078.0,fevereiro,fevereiro,,0.0,0.61,1.0726217689467206e-05,0.0030499999999999998,0.00010600399687201321,2026-03-16 00:00:00,2026-03-10 00:00:00,00:00:00,9,2026,2026
1,VELD_FINAL,TB24023643,2644,164,MENSAL,111127.8,5445.24,216,TODO BRASIL,Rodoviário,PA/ PA,2026-02-25 00:00:00,ANDERSON,Manaus AM,BORDA DA MATA,MG,FLOEMA,2026-02-24 00:00:00,13:00:00,2026-02-24 00:00:00,13:00:00,18:00:00,PERFORMANCE,DENTRO DO HR,05:00:00,04:00:00,NÃO PERF.,TB2402,3643,2026-02-27 00:00:00,ENT. REALIZADA ,2026-03-30 00:00:00,2026-04-06 00:00:00,ENT. REALIZADA ,3,31,7,41,20.0,NÃO PERF.,,21028,,,,,,,6427.86,0.057842052123771005,,,,,0,1.1804548559843093,-46077.0,fevereiro,fevereiro,,0.0,6427.86,0.057842052123771005,29.758611111111108,1.1804548559843093,2026-03-30 00:00:00,2026-04-06 00:00:00,00:00:00,9,2026,2026
0,VELD_FINAL,TB24023643,2644,161,MENSAL,259298.2,17994.76,494,TODO BRASIL,Rodoviário,PA/ PA,2026-02-25 00:00:00,ANDERSON,Manaus AM,BORDA DA MATA,MG,FLOEMA,2026-02-24 00:00:00,13:00:00,2026-02-24 00:00:00,13:00:00,18:00:00,PERFORMANCE,DENTRO DO HR,05:00:00,04:00:00,NÃO PERF.,TB2402,3643,2026-02-27 00:00:00,ENT. REALIZADA ,2026-03-30 00:00:00,2026-04-06 00:00:00,ENT. REALIZADA ,3,31,7,41,20.0,NÃO PERF.,,21027,,,,,,,23572.14,0.09090745712851071,,,,,0,1.3099446727825212,-46077.0,fevereiro,fevereiro,,0.0,23572.14,0.09090745712851071,47.71688259109312,1.3099446727825212,2026-03-30 00:00:00,2026-04-06 00:00:00,00:00:00,9,2026,2026
1,VELD_INTERM,FDCU0184510440082,24658263,933,MENSAL,245170.8,20004.5,70,NORCOAST,Cabotagem,PA/ PA,2026-02-25 00:00:00,ANDERSON,Manaus AM,Carazinho,RS,EXTRAPLAST F2,2026-02-25 00:00:00,14:00:00,2026-02-25 00:00:00,13:40:00,16:00:00,PERFORMANCE,DENTRO DO HR,02:20:00,03:00:00,PERFORMANCE,FDCU0184510,440082,2026-03-03 00:00:00,ENT. REALIZADA ,2026-03-23 00:00:00,2026-03-26 00:00:00,ENT. REALIZADA ,6,20,3,29,30.0,PERFORMANCE,,25083,,,,,,,13738.09,0.05603477249329855,,,,,0,0.6867499812542178,-46078.0,fevereiro,fevereiro,,0.0,13738.09,0.05603477249329855,196.25842857142857,0.6867499812542178,2026-03-23 00:00:00,2026-03-26 00:00:00,00:00:00,9,2026,2026
1,VELD_INTERM,QZE5I983609,2645,934,MENSAL,282955.65,23635.5,200,TODO BRASIL,Rodoviário,PA/ PA,2026-02-25 00:00:00,ANDERSON,Manaus AM,Carazinho,RS,EXTRAPLAST F2,2026-02-25 00:00:00,14:00:00,2026-02-25 00:00:00,15:30:00,18:10:00,PERFORMANCE,FORA DO HR,02:40:00,04:00:00,PERFORMANCE,QZE5I98,3609,2026-02-27 00:00:00,ENT. REALIZADA ,2026-04-10 00:00:00,2026-04-10 00:00:00,ENT. REALIZADA ,2,42,0,44,20.0,NÃO PERF.,,21053,,,,,,,32675.4,0.11547887451620067,,,,,0,1.3824712826045569,-46078.0,fevereiro,fevereiro,,0.0,32675.4,0.11547887451620067,163.377,1.3824712826045569,2026-04-10 00:00:00,2026-04-10 00:00:00,00:00:00,9,2026,2026
1,VELD_INTERM,B489494454,2647,936,MENSAL,242042.0,21023.0,336,BERTOLINI,Rodoviário,PA/ PA,2026-02-27 00:00:00,ANDERSON,Manaus AM,Ribeirão Preto,SP,OKUBO,2026-02-27 00:00:00,08:00:00,2026-02-27 00:00:00,08:00:00,13:00:00,PERFORMANCE,DENTRO DO HR,05:00:00,03:00:00,NÃO PERF.,B489,494454,2026-03-04 00:00:00,ENT. REALIZADA ,2026-03-15 00:00:00,2026-03-18 00:00:00,ENT. REALIZADA ,5,11,3,19,20.0,PERFORMANCE,,113906,,,,,,,27532.49,0.11375087794680262,,,,,0,1.3096365884983114,-46080.0,fevereiro,fevereiro,,0.0,27532.49,0.11375087794680262,81.94193452380952,1.3096365884983114,2026-03-15 00:00:00,2026-03-18 00:00:00,00:00:00,9,2026,2026
1,VELD_INTERM,BEAU5996473440123,70022332,937,MENSAL,233089.92,19637.5,61,NORCOAST,Cabotagem,PA/ PA,2026-02-27 00:00:00,ANDERSON,Manaus AM,Carazinho,RS,EXTRAPLAST F2,2026-02-27 00:00:00,09:00:00,2026-02-27 00:00:00,09:00:00,17:00:00,PERFORMANCE,DENTRO DO HR,08:00:00,03:00:00,NÃO PERF.,BEAU5996473,440123,2026-03-03 00:00:00,ENT. REALIZADA ,2026-03-23 00:00:00,2026-03-27 00:00:00,ENT. REALIZADA ,4,20,4,28,30.0,PERFORMANCE,,25190,,,,,,,13696.9,0.05876230083222818,,,,,0,0.6974869509866327,-46080.0,fevereiro,fevereiro,,0.0,13696.9,0.05876230083222818,224.5393442622951,0.6974869509866327,2026-03-23 00:00:00,2026-03-27 00:00:00,00:00:00,9,2026,2026
1,VELD_INTERM,HLBU20612104400745,70022332,938,MENSAL,169032.19,17100.0,54,NORCOAST,Cabotagem,PA/ PA,2026-02-27 00:00:00,ANDERSON,Manaus AM,Carazinho,RS,EXTRAPLAST F2,2026-02-27 00:00:00,14:00:00,2026-02-27 00:00:00,13:00:00,18:00:00,PERFORMANCE,DENTRO DO HR,05:00:00,03:00:00,NÃO PERF.,HLBU2061210,4400745,2026-03-03 00:00:00,ENT. REALIZADA ,2026-03-23 00:00:00,2026-03-27 00:00:00,ENT. REALIZADA ,4,20,4,28,30.0,PERFORMANCE,,25186,,,,,,,10168.0,0.06015422269568891,,,,,0,0.5946198830409357,-46080.0,fevereiro,fevereiro,,0.0,10168.0,0.06015422269568891,188.2962962962963,0.5946198830409357,2026-03-23 00:00:00,2026-03-27 00:00:00,00:00:00,9,2026,2026
0,VELD_FINAL,HLBU20612104400745,70022332,174,MENSAL,101250.0,7028.5,225,NORCOAST,Cabotagem,PA/ PA,2026-02-27 00:00:00,ANDERSON,Manaus AM,Carazinho,RS,EXTRAPLAST F2,2026-02-27 00:00:00,14:00:00,2026-02-27 00:00:00,13:00:00,18:00:00,PERFORMANCE,DENTRO DO HR,05:00:00,03:00:00,NÃO PERF.,HLBU2061210,4400745,2026-03-03 00:00:00,ENT. REALIZADA ,2026-03-23 00:00:00,2026-03-27 00:00:00,ENT. REALIZADA ,4,20,4,28,30.0,PERFORMANCE,,25186,,,,,,,0.77,7.6049382716049385e-06,,,,,0,0.00010955395888169595,-46080.0,fevereiro,fevereiro,,0.0,0.77,7.6049382716049385e-06,0.0034222222222222223,0.00010955395888169595,2026-03-23 00:00:00,2026-03-27 00:00:00,00:00:00,9,2026,2026
1,VELD_INTERM, B731494455,2650,939,MENSAL,270000.0,20000.0,38,BERTOLINI,Rodoviário,PA/ PA,2026-02-28 00:00:00,LÚCIO,Manaus AM,Carazinho,RS,EXTRAPLAST F2,2026-03-03 00:00:00,10:00:00,2026-03-03 00:00:00,10:00:00,14:00:00,PERFORMANCE,DENTRO DO HR,04:00:00,04:00:00,PERFORMANCE, B731,494455,2026-03-05 00:00:00,ENT. REALIZADA ,2026-03-19 00:00:00,2026-03-20 00:00:00,ENT. REALIZADA ,2,14,1,17,20.0,PERFORMANCE,,113903,22201.0,,,,,,24313.45,0.09004981481481482,,,,,584.2368421052631,1.2156725,-46084.0,fevereiro,março,,0.0,24313.45,0.09004981481481482,639.8276315789474,1.2156725,2026-03-19 00:00:00,2026-03-20 00:00:00,00:00:00,10,2026,2026
1,VELD_INTERM,B749494456,2650,940,MENSAL,270000.0,20754.0,38,BERTOLINI,Rodoviário,PA/ PA,2026-02-28 00:00:00,LÚCIO,Manaus AM,Carazinho,RS,EXTRAPLAST F2,2026-03-03 00:00:00,10:00:00,2026-03-03 00:00:00,10:00:00,14:00:00,PERFORMANCE,DENTRO DO HR,04:00:00,04:00:00,PERFORMANCE,B749,494456,2026-03-05 00:00:00,ENT. REALIZADA ,2026-03-19 00:00:00,2026-03-20 00:00:00,ENT. REALIZADA ,2,14,1,17,20.0,PERFORMANCE,,113905,,,,,,,30072.85,0.11138092592592592,,,,,0,1.4490146477787413,-46084.0,fevereiro,março,,0.0,30072.85,0.11138092592592592,791.3907894736842,1.4490146477787413,2026-03-19 00:00:00,2026-03-20 00:00:00,00:00:00,10,2026,2026
1,VELD_INTERM,OAB31853676,2651,941,MENSAL,270000.0,20000.0,38,TODO BRASIL,Rodoviário,PA/ PA,2026-02-28 00:00:00,LÚCIO,Manaus AM,Carazinho,RS,EXTRAPLAST F2,2026-03-04 00:00:00,10:00:00,2026-03-04 00:00:00,10:00:00,17:00:00,PERFORMANCE,DENTRO DO HR,07:00:00,04:00:00,NÃO PERF.,OAB3185,3676,2026-03-05 00:00:00,ENT. REALIZADA ,2026-04-12 00:00:00,2026-04-13 00:00:00,ENT. REALIZADA ,1,38,1,40,20.0,NÃO PERF.,,21192,,,,,,,32675.0,0.12101851851851853,,,,,0,1.63375,-46085.0,fevereiro,março,,0.0,32675.0,0.12101851851851853,859.8684210526316,1.63375,2026-04-12 00:00:00,2026-04-13 00:00:00,00:00:00,10,2026,2026
0,VELD_INTERM,OAB31853676,2651,947,MENSAL,58436.76,5103.0,31,TODO BRASIL,Rodoviário,PA/ PA,2026-02-28 00:00:00,LÚCIO,Manaus AM,Carazinho,RS,EXTRAPLAST F2,2026-03-04 00:00:00,10:00:00,2026-03-04 00:00:00,10:00:00,17:00:00,PERFORMANCE,DENTRO DO HR,07:00:00,04:00:00,NÃO PERF.,OAB3185,3676,2026-03-05 00:00:00,ENT. REALIZADA ,2026-04-12 00:00:00,2026-04-13 00:00:00,ENT. REALIZADA ,1,38,1,40,20.0,NÃO PERF.,,21192,,,,,,,0.4,6.845006465108606e-06,,,,,0,7.838526357044875e-05,-46085.0,fevereiro,março,,0.0,0.4,6.845006465108606e-06,0.012903225806451613,7.838526357044875e-05,2026-04-12 00:00:00,2026-04-13 00:00:00,00:00:00,10,2026,2026
1,VELD_INTERM,FANU3218498429059,2654,942,MENSAL,270000.0,20000.0,37,NORCOAST,Cabotagem,PA/ PA,2026-02-28 00:00:00,ANDERSON,Manaus AM,Carazinho,RS,EXTRAPLAST F2,2026-03-07 00:00:00,10:00:00,2026-03-10 00:00:00,14:00:00,17:00:00,NÃO PERF,FORA DO HR,03:00:00,04:00:00,PERFORMANCE,FANU3218498,429059,2026-03-22 00:00:00,ENT. REALIZADA ,2026-04-06 00:00:00,2026-04-23 00:00:00,ENT. REALIZADA ,12,15,17,44,30.0,NÃO PERF.,,25532,,,,,,,0.92,3.4074074074074077e-06,,,,,0,4.6e-05,-46091.0,fevereiro,março,,0.0,0.92,3.4074074074074077e-06,0.024864864864864868,4.6e-05,2026-04-06 00:00:00,2026-04-23 00:00:00,00:00:00,11,2026,2026
1,VELD_INTERM,TCLU5472311429260,17041904,943,MENSAL,270000.0,20000.0,38,NORCOAST,Cabotagem,PA/ PA,2026-02-28 00:00:00,ANDERSON,Manaus AM,Carazinho,RS,EXTRAPLAST F2,2026-03-07 00:00:00,10:00:00,2026-03-10 00:00:00,13:00:00,16:00:00,NÃO PERF,FORA DO HR,03:00:00,04:00:00,PERFORMANCE,TCLU5472311,429260,2026-03-22 00:00:00,ENT. REALIZADA ,2026-04-06 00:00:00,2026-04-20 00:00:00,ENT. REALIZADA ,12,15,14,41,30.0,NÃO PERF.,,25533,,,,,,1704.55,16875.0,0.0625,Estadia do cavalo destino,,,,0,0.84375,-46091.0,fevereiro,março,,0.0,16875.0,0.0625,444.07894736842104,0.84375,2026-04-06 00:00:00,2026-04-20 00:00:00,00:00:00,11,2026,2026
1,VELD_INTERM,B221 A9999,2647,945,MENSAL,185250.0,14917.0,164,BERTOLINI,Rodoviário,PA/ PA,2026-03-02 00:00:00,ANDERSON,Manaus AM,Ribeirão Preto,SP,OKUBO,2026-02-27 00:00:00,08:00:00,2026-03-02 00:00:00,08:00:00,13:00:00,NÃO PERF,DENTRO DO HR,05:00:00,03:00:00,NÃO PERF.,B221 A,9999,2026-03-04 00:00:00,ENT. REALIZADA ,2026-03-15 00:00:00,2026-03-18 00:00:00,ENT. REALIZADA ,2,11,3,16,20.0,PERFORMANCE,,113907,2272.73,,,,,,2272.73,0.012268448043184886,,,,,13.85810975609756,0.15235838305289268,-46083.0,março,março,,0.0,2272.73,0.012268448043184886,13.85810975609756,0.15235838305289268,2026-03-15 00:00:00,2026-03-18 00:00:00,00:00:00,10,2026,2026
0,VELD_FINAL,B221 A9999,2647,176,MENSAL,121500.0,8497.0,270,BERTOLINI,Rodoviário,PA/ PA,2026-03-02 00:00:00,ANDERSON,Manaus AM,Holambra ,SP,EXTRAPLAST HOL,2026-02-27 00:00:00,08:00:00,2026-03-02 00:00:00,08:00:00,13:00:00,NÃO PERF,DENTRO DO HR,05:00:00,03:00:00,NÃO PERF.,B221 A,9999,2026-03-04 00:00:00,ENT. REALIZADA ,2026-03-15 00:00:00,2026-03-18 00:00:00,ENT. REALIZADA ,2,11,3,16,20.0,PERFORMANCE,,113907,,,,,,,10163.75,0.0836522633744856,,,,,0,1.1961574673414146,-46083.0,março,março,,0.0,10163.75,0.0836522633744856,37.64351851851852,1.1961574673414146,2026-03-15 00:00:00,2026-03-18 00:00:00,00:00:00,10,2026,2026
0,VELD_FINAL, B731494455,2650,175,MENSAL,81000.0,5716.5,180,BERTOLINI,Rodoviário,PA/ PA,2026-03-02 00:00:00,ANDERSON,Manaus AM,Carazinho,RS,EXTRAPLAST F2,2026-03-03 00:00:00,10:00:00,2026-03-03 00:00:00,10:00:00,14:00:00,PERFORMANCE,DENTRO DO HR,04:00:00,04:00:00,PERFORMANCE, B731,494455,2026-03-05 00:00:00,ENT. REALIZADA ,2026-03-19 00:00:00,2026-03-20 00:00:00,ENT. REALIZADA ,2,14,1,17,20.0,PERFORMANCE,,113904,,,,,,,6968.96,0.08603654320987654,,,,,0,1.2190956004548237,-46084.0,março,março,,0.0,6968.96,0.08603654320987654,38.71644444444444,1.2190956004548237,2026-03-19 00:00:00,2026-03-20 00:00:00,00:00:00,10,2026,2026
1,VELD_INTERM,NOK472 B3682,2653,950,MENSAL,271384.75,25969.0,358,TODO BRASIL,Rodoviário,PA/ PA,2026-03-04 00:00:00,ANDERSON,Manaus AM,Ribeirão Preto,SP,OKUBO,2026-03-04 00:00:00,13:00:00,2026-03-04 00:00:00,14:00:00,17:00:00,PERFORMANCE,FORA DO HR,03:00:00,04:00:00,PERFORMANCE,NOK472 B,3682,2026-03-07 00:00:00,ENT. REALIZADA ,2026-03-24 00:00:00,2026-03-24 00:00:00,ENT. REALIZADA ,3,17,0,20,20.0,PERFORMANCE,,21192,28000.0,,,,,,28000.0,0.10317455199675,,,,,78.2122905027933,1.0782086333705572,-46085.0,março,março,,0.0,28000.0,0.10317455199675,78.2122905027933,1.0782086333705572,2026-03-24 00:00:00,2026-03-24 00:00:00,00:00:00,10,2026,2026
1,VELD_INTERM,OAA92053320,2657,951,MENSAL,319743.75,26823.5,402,TODO BRASIL,Rodoviário,PA/ PA,2026-03-05 00:00:00,ANDERSON,Manaus AM,Ribeirão Preto,SP,OKUBO,2026-03-05 00:00:00,13:00:00,2026-03-05 00:00:00,13:00:00,15:10:00,PERFORMANCE,DENTRO DO HR,02:10:00,04:00:00,PERFORMANCE,OAA9205,3320,2026-03-07 00:00:00,ENT. REALIZADA ,2026-03-27 00:00:00,2026-03-27 00:00:00,ENT. REALIZADA ,2,20,0,22,20.0,NÃO PERF.,,21265,30300.0,,,,,,30300.0,0.09476338474168768,,,,,75.3731343283582,1.1296065017615151,-46086.0,março,março,,0.0,30300.0,0.09476338474168768,75.3731343283582,1.1296065017615151,2026-03-27 00:00:00,2026-03-27 00:00:00,00:00:00,10,2026,2026
1,VELD_INTERM,FANU3059884434774,38695490 A,954,MENSAL,179805.55,17542.0,361,NORCOAST,Cabotagem,PA/ PA,2026-03-06 00:00:00,ANDERSON,Manaus AM,Carazinho,RS,EXTRAPLAST F2,2026-03-06 00:00:00,10:00:00,2026-03-06 00:00:00,10:00:00,15:00:00,PERFORMANCE,DENTRO DO HR,05:00:00,03:00:00,NÃO PERF.,FANU3059884,434774,2026-03-22 00:00:00,ENT. REALIZADA ,2026-04-06 00:00:00,2026-04-16 00:00:00,ENT. REALIZADA ,16,15,10,41,30.0,NÃO PERF.,,25392,,,,,,,13570.0,0.07547041790423044,,,,,0,0.773571998631855,-46087.0,março,março,,0.0,13570.0,0.07547041790423044,37.59002770083102,0.773571998631855,2026-04-06 00:00:00,2026-04-16 00:00:00,00:00:00,10,2026,2026
0,VELD_INTERM,FANU3059884434774,38695490 A,955,MENSAL,16179.75,1247.0,17,NORCOAST,Cabotagem,PA/ PA,2026-03-06 00:00:00,ANDERSON,Manaus AM,Carazinho,RS,EXTRAPLAST F2,2026-03-06 00:00:00,10:00:00,2026-03-06 00:00:00,10:00:00,15:00:00,PERFORMANCE,DENTRO DO HR,05:00:00,03:00:00,NÃO PERF.,FANU3059884,434774,2026-03-22 00:00:00,ENT. REALIZADA ,2026-04-08 00:00:00,2026-04-16 00:00:00,ENT. REALIZADA ,16,17,8,41,30.0,NÃO PERF.,,25392,,,,,,,0.41,2.534031737202367e-05,,,,,0,0.00032878909382518044,-46087.0,março,março,,0.0,0.41,2.534031737202367e-05,0.02411764705882353,0.00032878909382518044,2026-04-08 00:00:00,2026-04-16 00:00:00,00:00:00,10,2026,2026
0,VELD_INTERM,FANU3218498429059,2654,959,MENSAL,76828.5,5691.0,9,NORCOAST,Cabotagem,PA/ PA,2026-03-09 00:00:00,ANDERSON,Manaus AM,Carazinho,RS,EXTRAPLAST F2,2026-03-07 00:00:00,10:00:00,2026-03-10 00:00:00,14:00:00,17:00:00,NÃO PERF,FORA DO HR,03:00:00,04:00:00,PERFORMANCE,FANU3218498,429059,2026-03-19 00:00:00,ENT. REALIZADA ,2026-04-06 00:00:00,2026-04-23 00:00:00,ENT. REALIZADA ,9,18,17,44,30.0,NÃO PERF.,,25532,,,,,,,14511.0,0.18887522208555418,,,,,0,2.5498154981549814,-46091.0,março,março,,0.0,14511.0,0.18887522208555418,1612.3333333333333,2.5498154981549814,2026-04-06 00:00:00,2026-04-23 00:00:00,00:00:00,11,2026,2026
0,VELD_INTERM,TCLU5472311429260,17041904,960,MENSAL,70308.0,5208.0,9,NORCOAST,Cabotagem,PA/ PA,2026-03-09 00:00:00,ANDERSON,Manaus AM,Carazinho,RS,EXTRAPLAST F2,2026-03-07 00:00:00,10:00:00,2026-03-10 00:00:00,13:00:00,16:00:00,NÃO PERF,FORA DO HR,03:00:00,04:00:00,PERFORMANCE,TCLU5472311,429260,2026-03-22 00:00:00,ENT. REALIZADA ,2026-04-06 00:00:00,2026-04-20 00:00:00,ENT. REALIZADA ,12,15,14,41,30.0,NÃO PERF.,,25532,,,,,,,0.0,0.0,,,,,0,0.0,-46091.0,março,março,,0.0,0.0,0.0,0.0,0.0,2026-04-06 00:00:00,2026-04-20 00:00:00,00:00:00,11,2026,2026
1,VELD_INTERM,FANU3584882429001,38695490 B,961,MENSAL,336123.0,24898.0,47,NORCOAST,Cabotagem,PA/ PA,2026-03-09 00:00:00,ANDERSON,Manaus AM,Carazinho,RS,EXTRAPLAST F2,2026-03-09 00:00:00,10:00:00,2026-03-09 00:00:00,09:50:00,13:00:00,PERFORMANCE,DENTRO DO HR,03:10:00,03:00:00,NÃO PERF.,FANU3584882,429001,2026-03-22 00:00:00,ENT. REALIZADA ,2026-04-06 00:00:00,2026-04-17 00:00:00,ENT. REALIZADA ,13,15,11,39,30.0,NÃO PERF.,,25534,10300.0,1008.37,2240.0,,1847.5,,15395.87,0.045804274030637596,,,,,219.14893617021278,0.6183576994136075,-46090.0,março,março,,0.0,15395.87,0.045804274030637596,327.5717021276596,0.6183576994136075,2026-04-06 00:00:00,2026-04-17 00:00:00,00:00:00,11,2026,2026
1,VELD_INTERM,FANU1840861429159,33761936,958,MENSAL,335360.25,24841.5,47,NORCOAST,Cabotagem,PA/ PA,2026-03-09 00:00:00,ANDERSON,Manaus AM,Carazinho,RS,EXTRAPLAST F2,2026-03-09 00:00:00,14:00:00,2026-03-09 00:00:00,13:20:00,18:00:00,PERFORMANCE,DENTRO DO HR,04:40:00,03:00:00,NÃO PERF.,FANU1840861,429159,2026-03-22 00:00:00,ENT. REALIZADA ,2026-04-06 00:00:00,2026-04-16 00:00:00,ENT. REALIZADA ,13,15,10,38,30.0,NÃO PERF.,,25536,10300.0,1006.08,2240.0,,1847.19,,15393.27,0.045900699322594135,,,,,219.14893617021278,0.6196594408550209,-46090.0,março,março,,0.0,15393.27,0.045900699322594135,327.5163829787234,0.6196594408550209,2026-04-06 00:00:00,2026-04-16 00:00:00,00:00:00,11,2026,2026
1,VELD_INTERM,HLBU3343760429247,2658,966,MENSAL,320395.5,24785.0,45,NORCOAST,Cabotagem,PA/ PA,2026-03-10 00:00:00,ANDERSON,Manaus AM,Carazinho,RS,EXTRAPLAST F2,2026-03-10 00:00:00,10:00:00,2026-03-10 00:00:00,10:00:00,13:00:00,PERFORMANCE,DENTRO DO HR,03:00:00,03:00:00,PERFORMANCE,HLBU3343760,429247,2026-03-22 00:00:00,ENT. REALIZADA ,2026-04-06 00:00:00,2026-04-20 00:00:00,ENT. REALIZADA ,12,15,14,41,30.0,NÃO PERF.,,25535,10300.0,961.19,2240.0,,1841.07,3068.18,18410.44,0.057461606046277175,Armazenagem no destino,,,,228.88888888888889,0.7428057292717369,-46091.0,março,março,,0.0,18410.44,0.057461606046277175,409.1208888888889,0.7428057292717369,2026-04-06 00:00:00,2026-04-20 00:00:00,00:00:00,11,2026,2026
1,VELD_INTERM,TCNU3625609429009,2660,962,MENSAL,334597.5,24785.0,46,NORCOAST,Cabotagem,PA/ PA,2026-03-10 00:00:00,ANDERSON,Manaus AM,Carazinho,RS,EXTRAPLAST F2,2026-03-10 00:00:00,10:00:00,2026-03-10 00:00:00,10:00:00,13:00:00,PERFORMANCE,DENTRO DO HR,03:00:00,03:00:00,PERFORMANCE,TCNU3625609,429009,2026-03-22 00:00:00,ENT. REALIZADA ,2026-04-06 00:00:00,2026-04-23 00:00:00,ENT. REALIZADA ,12,15,17,44,30.0,NÃO PERF.,,25576,,,,,,613.64,14656.59,0.04380364467756035,Armazenagem no destino,,,,0,0.5913492031470647,-46091.0,março,março,,0.0,14656.59,0.04380364467756035,318.62152173913046,0.5913492031470647,2026-04-06 00:00:00,2026-04-23 00:00:00,00:00:00,11,2026,2026
1,VELD_FINAL,B914494457,2660,179,MENSAL,324000.0,22797.5,720,BERTOLINI,Rodoviário,PA/ PA,2026-03-10 00:00:00,ANDERSON,Manaus AM,Carazinho,RS,EXTRAPLAST F2,2026-03-10 00:00:00,14:00:00,2026-03-10 00:00:00,14:00:00,16:00:00,PERFORMANCE,DENTRO DO HR,02:00:00,04:00:00,PERFORMANCE,B914,494457,2026-03-12 00:00:00,ENT. REALIZADA ,2026-03-26 00:00:00,2026-03-26 00:00:00,ENT. REALIZADA ,2,14,0,16,20.0,PERFORMANCE,,114304,24109.37,,,,,,30348.97,0.09366966049382716,,,,,33.48523611111111,1.3312411448623753,-46091.0,março,março,,0.0,30348.97,0.09366966049382716,42.15134722222222,1.3312411448623753,2026-03-26 00:00:00,2026-03-26 00:00:00,00:00:00,11,2026,2026
1,VELD_INTERM,FANU1039615429195,39701173,968,MENSAL,334179.0,24754.0,47,NORCOAST,Cabotagem,PA/ PA,2026-03-11 00:00:00,ANDERSON,Manaus AM,Carazinho,RS,EXTRAPLAST F2,2026-03-11 00:00:00,10:00:00,2026-03-11 00:00:00,10:00:00,13:00:00,PERFORMANCE,DENTRO DO HR,03:00:00,03:00:00,PERFORMANCE,FANU1039615,429195,2026-03-22 00:00:00,ENT. REALIZADA ,2026-04-06 00:00:00,2026-04-23 00:00:00,ENT. REALIZADA ,11,15,17,43,30.0,NÃO PERF.,,25537,10300.0,1003.79,2240.0,,1846.88,1227.27,16617.940000000002,0.04972766092423522,Armazenagem no destino,,,,219.14893617021278,0.6713234224771755,-46092.0,março,março,,0.0,16617.940000000002,0.04972766092423522,353.57319148936176,0.6713234224771755,2026-04-06 00:00:00,2026-04-23 00:00:00,00:00:00,11,2026,2026
1,VELD_INTERM,B971494458,2660,181,MENSAL,364500.0,25273.0,810,BERTOLINI,Rodoviário,PA/ PA,2026-03-11 00:00:00,ANDERSON,Manaus AM,Carazinho,RS,EXTRAPLAST F2,2026-03-11 00:00:00,14:00:00,2026-03-11 00:00:00,14:00:00,18:30:00,PERFORMANCE,DENTRO DO HR,04:30:00,04:00:00,NÃO PERF.,B971,494458,2026-03-12 00:00:00,ENT. REALIZADA ,2026-03-26 00:00:00,2026-03-26 00:00:00,ENT. REALIZADA ,1,14,0,15,20.0,PERFORMANCE,,114438,25263.0,,,,,,30848.02,0.08463105624142661,,,,,31.18888888888889,1.220591936058244,-46092.0,março,março,,0.0,30848.02,0.08463105624142661,38.083975308641975,1.220591936058244,2026-03-26 00:00:00,2026-03-26 00:00:00,00:00:00,11,2026,2026
0,VELD_INTERM,HLBU2785221429239,39701173 B,976,MENSAL,99569.25,7375.5,14,NORCOAST,Cabotagem,PA/ PA,2026-03-11 00:00:00,ANDERSON,Manaus AM,Carazinho,RS,EXTRAPLAST F2,2026-03-11 00:00:00,14:00:00,2026-03-11 00:00:00,15:00:00,18:00:00,PERFORMANCE,FORA DO HR,03:00:00,03:00:00,PERFORMANCE,HLBU2785221,429239,2026-03-22 00:00:00,ENT. REALIZADA ,2026-04-06 00:00:00,2026-04-15 00:00:00,ENT. REALIZADA ,11,15,9,35,30.0,NÃO PERF.,,25521,,,,,,,0.86,8.637204759501552e-06,,,,,0,0.00011660226425327096,-46092.0,março,março,,0.0,0.86,8.637204759501552e-06,0.06142857142857143,0.00011660226425327096,2026-04-06 00:00:00,2026-04-15 00:00:00,00:00:00,11,2026,2026
1,VELD_INTERM,HLBU2785221429239,39701173 B,974,MENSAL,131536.08,14280.0,171,NORCOAST,Cabotagem,PA/ PA,2026-03-11 00:00:00,ANDERSON,Manaus AM,Carazinho,RS,EXTRAPLAST F2,2026-03-11 00:00:00,14:00:00,2026-03-11 00:00:00,15:00:00,18:00:00,PERFORMANCE,FORA DO HR,03:00:00,03:00:00,PERFORMANCE,HLBU2785221,429239,2026-03-22 00:00:00,ENT. REALIZADA ,2026-04-06 00:00:00,2026-04-15 00:00:00,ENT. REALIZADA ,11,15,9,35,30.0,NÃO PERF.,,25521,10300.0,693.32,2240.0,,1804.54,,15037.0,0.1143184440345189,,,,,60.23391812865497,1.0530112044817928,-46092.0,março,março,,0.0,15037.0,0.1143184440345189,87.93567251461988,1.0530112044817928,2026-04-06 00:00:00,2026-04-15 00:00:00,00:00:00,11,2026,2026
1,VELD_INTERM,TEMU6842547429182,91093169 A,978,MENSAL,340021.25,24230.5,44,NORCOAST,Cabotagem,PA/ PA,2026-03-12 00:00:00,ANDERSON,Manaus AM,Carazinho,RS,EXTRAPLAST F2,2026-03-12 00:00:00,14:00:00,2026-03-12 00:00:00,15:00:00,18:00:00,PERFORMANCE,FORA DO HR,03:00:00,03:00:00,PERFORMANCE,TEMU6842547,429182,2026-03-22 00:00:00,ENT. REALIZADA ,2026-04-06 00:00:00,2026-04-15 00:00:00,ENT. REALIZADA ,10,15,9,34,30.0,NÃO PERF.,,25538,10300.0,1020.06,2240.0,,1849.1,,15409.16,0.04531822643437726,,,,,234.0909090909091,0.6359406533088463,-46093.0,março,março,,0.0,15409.16,0.04531822643437726,350.2081818181818,0.6359406533088463,2026-04-06 00:00:00,2026-04-15 00:00:00,00:00:00,11,2026,2026
1,VELD_INTERM,FANU1766825429204,91093169 B,979,MENSAL,52070.35,17888.0,86,NORCOAST,Cabotagem,PA/ PA,2026-03-12 00:00:00,ANDERSON,Manaus AM,Carazinho,RS,EXTRAPLAST F2,2026-03-12 00:00:00,14:00:00,2026-03-12 00:00:00,15:00:00,18:00:00,PERFORMANCE,FORA DO HR,03:00:00,03:00:00,PERFORMANCE,FANU1766825,429204,2026-03-22 00:00:00,ENT. REALIZADA ,2026-04-06 00:00:00,2026-04-14 00:00:00,ENT. REALIZADA ,10,15,8,33,30.0,NÃO PERF.,,25539,10300.0,156.21,2240.0,,1731.3,,14427.51,0.27707726181982645,,,,,119.76744186046511,0.8065468470483006,-46093.0,março,março,,0.0,14427.51,0.27707726181982645,167.7617441860465,0.8065468470483006,2026-04-06 00:00:00,2026-04-14 00:00:00,00:00:00,11,2026,2026
1,VELD_INTERM,HAMU2629342429342,91093169 C,988,MENSAL,333594.25,23238.5,43,NORCOAST,Cabotagem,PA/ PA,2026-03-16 00:00:00,ANDERSON,Manaus AM,Carazinho,RS,EXTRAPLAST F2,2026-03-16 00:00:00,10:00:00,2026-03-16 00:00:00,13:00:00,18:00:00,PERFORMANCE,FORA DO HR,05:00:00,03:00:00,NÃO PERF.,HAMU2629342,429342,2026-03-22 00:00:00,ENT. REALIZADA ,2026-04-06 00:00:00,2026-04-17 00:00:00,ENT. REALIZADA ,6,15,11,32,30.0,NÃO PERF.,,25831,11354.0,1000.78,,,1684.74,,14039.52,0.04208561748291525,,,,,264.04651162790697,0.6041491490414614,-46097.0,março,março,,0.0,14039.52,0.04208561748291525,326.5004651162791,0.6041491490414614,2026-04-06 00:00:00,2026-04-17 00:00:00,00:00:00,12,2026,2026
1,VELD_INTERM,TCNU1512687429011,91093169 D,987,MENSAL,361166.0,25076.0,42,NORCOAST,Cabotagem,PA/ PA,2026-03-16 00:00:00,ANDERSON,Manaus AM,Carazinho,RS,EXTRAPLAST F2,2026-03-16 00:00:00,10:00:00,2026-03-16 00:00:00,13:00:00,18:00:00,PERFORMANCE,FORA DO HR,05:00:00,03:00:00,NÃO PERF.,TCNU1512687,429011,2026-03-22 00:00:00,ENT. REALIZADA ,2026-04-06 00:00:00,2026-04-15 00:00:00,ENT. REALIZADA ,6,15,9,30,30.0,PERFORMANCE,,25796,11354.0,1083.5,,,1696.02,,14133.52,0.03913303024094184,,,,,270.3333333333333,0.5636273727867284,-46097.0,março,março,,0.0,14133.52,0.03913303024094184,336.51238095238097,0.5636273727867284,2026-04-06 00:00:00,2026-04-15 00:00:00,00:00:00,12,2026,2026
0,VELD_INTERM,B0034986364,2662 995,997,MENSAL,102780.5,6631.0,10,BERTOLINI,Rodoviário,PA/ PA,2026-03-20 00:00:00,ANDERSON,Manaus AM,Carazinho,RS,EXTRAPLAST F2,2026-03-20 00:00:00,13:00:00,2026-03-20 00:00:00,13:00:00,17:00:00,PERFORMANCE,DENTRO DO HR,04:00:00,03:00:00,NÃO PERF.,B003,4986364,2026-03-22 00:00:00,ENT. REALIZADA ,2026-04-10 00:00:00,2026-04-11 00:00:00,ENT. REALIZADA ,2,19,1,22,20.0,NÃO PERF.,,115131,,,,,,,0.0,0.0,,,,,0,0.0,-46101.0,março,março,,0.0,0.0,0.0,0.0,0.0,2026-04-10 00:00:00,2026-04-11 00:00:00,00:00:00,12,2026,2026
1,VELD_INTERM,B0034986364,2662 998,998,MENSAL,256903.75,17941.5,32,BERTOLINI,Rodoviário,PA/ PA,2026-03-20 00:00:00,ANDERSON,Manaus AM,Carazinho,RS,EXTRAPLAST F2,2026-03-20 00:00:00,13:00:00,2026-03-20 00:00:00,13:00:00,17:00:00,PERFORMANCE,DENTRO DO HR,04:00:00,03:00:00,NÃO PERF.,B003,4986364,2026-03-22 00:00:00,ENT. REALIZADA ,2026-04-10 00:00:00,2026-04-11 00:00:00,ENT. REALIZADA ,2,19,1,22,20.0,NÃO PERF.,,115131,24087.48,1839.29,,940.91,3663.77,,30531.45,0.11884392501082604,,,,,752.73375,1.7017222640247471,-46101.0,março,março,,0.0,30531.45,0.11884392501082604,954.1078125,1.7017222640247471,2026-04-10 00:00:00,2026-04-11 00:00:00,00:00:00,12,2026,2026
1,VELD_INTERM, B087496363,2662 992,994,MENSAL,337388.5,21767.0,33,BERTOLINI,Rodoviário,PA/ PA,2026-03-20 00:00:00,ANDERSON,Manaus AM,Carazinho,RS,EXTRAPLAST F2,2026-03-20 00:00:00,13:00:00,2026-03-20 00:00:00,13:00:00,17:00:00,PERFORMANCE,DENTRO DO HR,04:00:00,03:00:00,NÃO PERF., B087,496363,2026-03-22 00:00:00,ENT. REALIZADA ,2026-04-10 00:00:00,2026-04-11 00:00:00,ENT. REALIZADA ,2,19,1,22,20.0,NÃO PERF.,,115130,21767.0,,,,,,30417.44,0.09015553286493166,,,,,659.6060606060606,1.3974107594064409,-46101.0,março,março,,0.0,30417.44,0.09015553286493166,921.7406060606061,1.3974107594064409,2026-04-10 00:00:00,2026-04-11 00:00:00,00:00:00,12,2026,2026
0,VELD_FINAL,TD57029999,2663,186,MENSAL,17542.66,1315.2,20,TODO BRASIL,Rodoviário,PA/ PA,2026-03-30 00:00:00,ANDERSON,Manaus AM,BALSAS,MA,FREEIRE E CIA,2026-03-30 00:00:00,14:00:00,2026-03-30 00:00:00,15:00:00,16:00:00,PERFORMANCE,FORA DO HR,01:00:00,04:00:00,PERFORMANCE,TD5702,9999,2026-04-01 00:00:00,ENT. REALIZADA ,2026-04-13 00:00:00,2026-04-13 00:00:00,ENT. REALIZADA ,2,12,0,14,20.0,PERFORMANCE,MAO 000012-4,9,,,,,,,0.03,1.7101169377962064e-06,,,,,0,2.281021897810219e-05,-46111.0,março,março,,0.0,0.03,1.7101169377962064e-06,0.0015,2.281021897810219e-05,2026-04-13 00:00:00,2026-04-13 00:00:00,00:00:00,14,2026,2026
1,VELD_FINAL,TD57029999,2663,187,MENSAL,228054.53,14104.0,240,TODO BRASIL,Rodoviário,PA/ PA,2026-03-30 00:00:00,ANDERSON,Manaus AM,BALSAS,MA,FREEIRE E CIA,2026-03-30 00:00:00,14:00:00,2026-03-30 00:00:00,15:00:00,16:00:00,PERFORMANCE,FORA DO HR,01:00:00,04:00:00,PERFORMANCE,TD5702,9999,2026-04-01 00:00:00,ENT. REALIZADA ,2026-04-13 00:00:00,2026-04-13 00:00:00,ENT. REALIZADA ,2,12,0,14,20.0,PERFORMANCE,MAO 000012-4,9,,,,,,,18120.9,0.07945862772381676,,,,,0,1.2848057288712422,-46111.0,março,março,,0.0,18120.9,0.07945862772381676,75.50375000000001,1.2848057288712422,2026-04-13 00:00:00,2026-04-13 00:00:00,00:00:00,14,2026,2026
0,VELD_FINAL,TD57029999,2663,185,MENSAL,50288.94,3457.0,52,TODO BRASIL,Rodoviário,PA/ PA,2026-03-30 00:00:00,ANDERSON,Manaus AM,BALSAS,MA,FREEIRE E CIA,2026-03-30 00:00:00,14:00:00,2026-03-30 00:00:00,15:00:00,16:00:00,PERFORMANCE,FORA DO HR,01:00:00,04:00:00,PERFORMANCE,TD5702,9999,2026-04-01 00:00:00,ENT. REALIZADA ,2026-04-13 00:00:00,2026-04-13 00:00:00,ENT. REALIZADA ,2,12,0,14,20.0,PERFORMANCE,MAO 000012-4,9,,,,,,,0.03,5.965526415947522e-07,,,,,0,8.678044547295342e-06,-46111.0,março,março,,0.0,0.03,5.965526415947522e-07,0.0005769230769230769,8.678044547295342e-06,2026-04-13 00:00:00,2026-04-13 00:00:00,00:00:00,14,2026,2026
0,VELD_FINAL,TD57029999,2663,184,MENSAL,87713.28,5980.5,90,TODO BRASIL,Rodoviário,PA/ PA,2026-03-30 00:00:00,ANDERSON,Manaus AM,BALSAS,MA,FREEIRE E CIA,2026-03-30 00:00:00,14:00:00,2026-03-30 00:00:00,15:00:00,16:00:00,PERFORMANCE,FORA DO HR,01:00:00,04:00:00,PERFORMANCE,TD5702,9999,2026-04-01 00:00:00,ENT. REALIZADA ,2026-04-16 00:00:00,2026-04-16 00:00:00,ENT. REALIZADA ,2,15,0,17,20.0,PERFORMANCE,MAO 000012-4,10,5879.04,,,,,,5879.04,0.06702565449610368,,,,,65.32266666666666,0.9830348633057436,-46111.0,março,março,,0.0,5879.04,0.06702565449610368,65.32266666666666,0.9830348633057436,2026-04-16 00:00:00,2026-04-16 00:00:00,00:00:00,14,2026,2026
1,VELD_INTERM,OJA-66413712,2664,1007,MENSAL,328772.6,26751.0,498,TODO BRASIL,Rodoviário,PA/ PA,2026-03-31 00:00:00,LEVI,Manaus AM,UBERLANDIA,MG,YUKAER AGRO,2026-03-31 00:00:00,10:00:00,2026-04-06 00:00:00,10:00:00,15:00:00,NÃO PERF,DENTRO DO HR,05:00:00,04:00:00,NÃO PERF.,OJA-6641,3712,2026-04-06 00:00:00,ENT. REALIZADA ,2026-05-04 00:00:00,2026-05-09 00:00:00,ENT. REALIZADA ,0,28,5,33,20.0,NÃO PERF.,,12,29000.0,,,,,,29000.0,0.0882068639539913,,,,,58.23293172690763,1.0840716234907106,-46118.0,março,abril,,0.0,29000.0,0.0882068639539913,58.23293172690763,1.0840716234907106,2026-05-04 00:00:00,2026-05-09 00:00:00,00:00:00,15,2026,2026
1,VELD_FINAL,HASU49617701464897,6AIBK062Z,188,MENSAL,206080.0,10055.0,100,ALIANÇA,Cabotagem,PA/ PA,2026-03-31 00:00:00,LEVI,Manaus AM,Anta Gorda,RS,DIAMAJU AGRICOLA LTDA,2026-04-07 00:00:00,10:00:00,2026-04-07 00:00:00,,,PERFORMANCE,DENTRO DO HR,00:00:00,03:00:00,PERFORMANCE,HASU4961770,1464897,2026-04-11 00:00:00,ENT. REALIZADA ,2026-05-03 00:00:00,2026-05-07 00:00:00,ENT. REALIZADA ,4,22,4,30,30.0,PERFORMANCE,,531666,12050.0,429.48,2618.0,395.0,2112.61,2318.18,19923.27,0.09667735830745341,Estadia do cavalo destino,,,,120.5,1.981429139731477,-46119.0,março,abril,,0.0,19923.27,0.09667735830745341,199.2327,1.981429139731477,2026-05-03 00:00:00,2026-05-07 00:00:00,00:00:00,15,2026,2026
0,VELD_FINAL,HASU49617701464897,6AIBK062Z,189,MENSAL,112264.88,5614.96,104,ALIANÇA,Cabotagem,PA/ PA,2026-03-31 00:00:00,LEVI,Manaus AM,Anta Gorda,RS,DIAMAJU AGRICOLA LTDA,2026-04-07 00:00:00,10:00:00,2026-04-07 00:00:00,,,PERFORMANCE,DENTRO DO HR,00:00:00,03:00:00,PERFORMANCE,HASU4961770,1464897,2026-04-11 00:00:00,ENT. REALIZADA ,2026-05-03 00:00:00,2026-05-07 00:00:00,ENT. REALIZADA ,4,22,4,30,30.0,PERFORMANCE,,531666,,,,,,,0.0,0.0,,,,,0,0.0,-46119.0,março,abril,,0.0,0.0,0.0,0.0,0.0,2026-05-03 00:00:00,2026-05-07 00:00:00,00:00:00,15,2026,2026
1,VELD_FINAL,MSKU14946911467612,6AIBK062Z,190,MENSAL,235520.0,11521.6,160,ALIANÇA,Cabotagem,PA/ PA,2026-03-31 00:00:00,LEVI,Manaus AM,Anta Gorda,RS,DIAMAJU AGRICOLA LTDA,2026-04-07 00:00:00,10:00:00,2026-04-07 00:00:00,,,PERFORMANCE,DENTRO DO HR,00:00:00,03:00:00,PERFORMANCE,MSKU1494691,1467612,2026-04-11 00:00:00,ENT. REALIZADA ,2026-05-03 00:00:00,2026-05-11 00:00:00,ENT. REALIZADA ,4,22,8,34,30.0,NÃO PERF.,,531668,12050.0,382.97,2618.0,395.0,2106.27,,17552.239999999998,0.07452547554347826,,,,,75.3125,1.5234203582835715,-46119.0,março,abril,,0.0,17552.239999999998,0.07452547554347826,109.70149999999998,1.5234203582835715,2026-05-03 00:00:00,2026-05-11 00:00:00,00:00:00,15,2026,2026
0,VELD_FINAL,HASU49617701464897,6AIBK062Z,191,MENSAL,111136.0,5777.26,151,ALIANÇA,Cabotagem,PA/ PA,2026-03-31 00:00:00,LEVI,Manaus AM,Anta Gorda,RS,DIAMAJU AGRICOLA LTDA,2026-04-07 00:00:00,10:00:00,2026-04-07 00:00:00,,,PERFORMANCE,DENTRO DO HR,00:00:00,03:00:00,PERFORMANCE,HASU4961770,1464897,2026-04-11 00:00:00,ENT. REALIZADA ,2026-05-03 00:00:00,2026-05-07 00:00:00,ENT. REALIZADA ,4,22,4,30,30.0,PERFORMANCE,,531666,,,,,,,0.0,0.0,,,,,0,0.0,-46119.0,março,abril,,0.0,0.0,0.0,0.0,0.0,2026-05-03 00:00:00,2026-05-07 00:00:00,00:00:00,15,2026,2026
0,VELD_FINAL,MSKU14946911467612,6AIBK062Z,192,MENSAL,62805.12,6839.68,64,ALIANÇA,Cabotagem,PA/ PA,2026-03-31 00:00:00,LEVI,Manaus AM,Anta Gorda,RS,DIAMAJU AGRICOLA LTDA,2026-04-07 00:00:00,10:00:00,2026-04-07 00:00:00,,,PERFORMANCE,DENTRO DO HR,00:00:00,03:00:00,PERFORMANCE,MSKU1494691,1467612,2026-04-11 00:00:00,ENT. REALIZADA ,2026-05-03 00:00:00,2026-05-11 00:00:00,ENT. REALIZADA ,4,22,8,34,30.0,NÃO PERF.,,531668,,,,,,,0.0,0.0,,,,,0,0.0,-46119.0,março,abril,,0.0,0.0,0.0,0.0,0.0,2026-05-03 00:00:00,2026-05-11 00:00:00,00:00:00,15,2026,2026
0,VELD_FINAL,MSKU14946911467612,6AIBK062Z,193,MENSAL,29440.0,4274.8,40,ALIANÇA,Cabotagem,PA/ PA,2026-03-31 00:00:00,LEVI,Manaus AM,Anta Gorda,RS,DIAMAJU AGRICOLA LTDA,2026-04-07 00:00:00,10:00:00,2026-04-07 00:00:00,,,PERFORMANCE,DENTRO DO HR,00:00:00,03:00:00,PERFORMANCE,MSKU1494691,1467612,2026-04-11 00:00:00,ENT. REALIZADA ,2026-05-03 00:00:00,2026-05-11 00:00:00,ENT. REALIZADA ,4,22,8,34,30.0,NÃO PERF.,,531668,,,,,,,0.0,0.0,,,,,0,0.0,-46119.0,março,abril,,0.0,0.0,0.0,0.0,0.0,2026-05-03 00:00:00,2026-05-11 00:00:00,00:00:00,15,2026,2026
0,VELD_FINAL,CAAU79214071467619,6AIBK062Z,194,MENSAL,111626.45,5476.9,65,ALIANÇA,Cabotagem,PA/ PA,2026-03-31 00:00:00,LEVI,Manaus AM,Anta Gorda,RS,DIAMAJU AGRICOLA LTDA,2026-04-07 00:00:00,10:00:00,2026-04-07 00:00:00,,,PERFORMANCE,DENTRO DO HR,00:00:00,03:00:00,PERFORMANCE,CAAU7921407,1467619,2026-04-11 00:00:00,ENT. REALIZADA ,2026-05-03 00:00:00,2026-05-11 00:00:00,ENT. REALIZADA ,4,22,8,34,30.0,NÃO PERF.,,531663,,,,,,,0.0,0.0,,,,,0,0.0,-46119.0,março,abril,,0.0,0.0,0.0,0.0,0.0,2026-05-03 00:00:00,2026-05-11 00:00:00,00:00:00,15,2026,2026
0,VELD_FINAL,CAAU79214071467619,6AIBK062Z,195,MENSAL,112445.0,5682.5,125,ALIANÇA,Cabotagem,PA/ PA,2026-03-31 00:00:00,LEVI,Manaus AM,Anta Gorda,RS,DIAMAJU AGRICOLA LTDA,2026-04-07 00:00:00,10:00:00,2026-04-07 00:00:00,,,PERFORMANCE,DENTRO DO HR,00:00:00,03:00:00,PERFORMANCE,CAAU7921407,1467619,2026-04-11 00:00:00,ENT. REALIZADA ,2026-05-03 00:00:00,2026-05-11 00:00:00,ENT. REALIZADA ,4,22,8,34,30.0,NÃO PERF.,,531663,,,,,,,0.0,0.0,,,,,0,0.0,-46119.0,março,abril,,0.0,0.0,0.0,0.0,0.0,2026-05-03 00:00:00,2026-05-11 00:00:00,00:00:00,15,2026,2026
1,VELD_FINAL,CAAU79214071467619,6AIBK062Z,196,MENSAL,184000.5,9055.5,150,ALIANÇA,Cabotagem,PA/ PA,2026-03-31 00:00:00,LEVI,Manaus AM,Anta Gorda,RS,DIAMAJU AGRICOLA LTDA,2026-04-07 00:00:00,10:00:00,2026-04-07 00:00:00,,,PERFORMANCE,DENTRO DO HR,00:00:00,03:00:00,PERFORMANCE,CAAU7921407,1467619,2026-04-11 00:00:00,ENT. REALIZADA ,2026-05-03 00:00:00,2026-05-11 00:00:00,ENT. REALIZADA ,4,22,8,34,30.0,NÃO PERF.,,531663,12050.0,408.07,2618.0,395.0,2109.68,,17580.75,0.0955472947084383,,,,,80.33333333333333,1.9414444260394235,-46119.0,março,abril,,0.0,17580.75,0.0955472947084383,117.205,1.9414444260394235,2026-05-03 00:00:00,2026-05-11 00:00:00,00:00:00,15,2026,2026
0,VELD_FINAL,MSKU14946911467612,6AIBK062Z,197,MENSAL,55200.0,2805.6,120,ALIANÇA,Cabotagem,PA/ PA,2026-03-31 00:00:00,LEVI,Manaus AM,Anta Gorda,RS,DIAMAJU AGRICOLA LTDA,2026-04-07 00:00:00,10:00:00,2026-04-07 00:00:00,,,PERFORMANCE,DENTRO DO HR,00:00:00,03:00:00,PERFORMANCE,MSKU1494691,1467612,2026-04-11 00:00:00,ENT. REALIZADA ,2026-05-03 00:00:00,2026-05-11 00:00:00,ENT. REALIZADA ,4,22,8,34,30.0,NÃO PERF.,,531668,,,,,,,0.0,0.0,,,,,0,0.0,-46119.0,março,abril,,0.0,0.0,0.0,0.0,0.0,2026-05-03 00:00:00,2026-05-11 00:00:00,00:00:00,15,2026,2026
1,VELD_INTERM,PHA-79564797,2665,1009,MENSAL,180471.2,16119.0,240,TODO BRASIL,Rodoviário,PA/ PA,2026-03-31 00:00:00,LEVI,Manaus AM,UBERLANDIA,MG,YUKAER AGRO,2026-04-02 00:00:00,10:00:00,2026-04-06 00:00:00,10:00:00,15:00:00,NÃO PERF,DENTRO DO HR,05:00:00,04:00:00,NÃO PERF.,PHA-7956,4797,2026-04-09 00:00:00,ENT. REALIZADA ,2026-04-17 00:00:00,2026-04-17 00:00:00,ENT. REALIZADA ,3,8,0,11,20.0,PERFORMANCE,,15,29000.0,,,,,,29000.0,0.16069045919792188,,,,,120.83333333333333,1.7991190520503753,-46118.0,março,abril,,0.0,29000.0,0.16069045919792188,120.83333333333333,1.7991190520503753,2026-04-17 00:00:00,2026-04-17 00:00:00,00:00:00,15,2026,2026
1,VELD_INTERM,CAAU8903624146720,6AIBK064N A,1010,MENSAL,231898.5,8391.0,15,ALIANÇA,Cabotagem,PA/ PA,2026-03-31 00:00:00,LEVI,Manaus AM,Carazinho,RS,EXTRAPLAST F2,2026-04-07 00:00:00,10:00:00,2026-04-07 00:00:00,15:00:00,20:00:00,PERFORMANCE,FORA DO HR,05:00:00,03:00:00,NÃO PERF.,CAAU8903624,146720,2026-04-11 00:00:00,ENT. REALIZADA ,2026-05-03 00:00:00,2026-05-06 00:00:00,ENT. REALIZADA ,4,22,3,29,30.0,PERFORMANCE,,531664,11042.7,415.78,2618.0,395.0,1973.38,650.0,17094.86,0.0737169925635569,Estadia no destino,,,,736.1800000000001,2.0372851865093553,-46119.0,março,abril,,0.0,17094.86,0.0737169925635569,1139.6573333333333,2.0372851865093553,2026-05-03 00:00:00,2026-05-06 00:00:00,00:00:00,15,2026,2026
0,VELD_INTERM,PHA-79564797,2665,1014,MENSAL,35523.8,3377.5,37,TODO BRASIL,Rodoviário,PA/ PA,2026-04-06 00:00:00,LEVI,Manaus AM,UBERLANDIA,MG,YUKAER AGRO,2026-03-31 00:00:00,10:00:00,2026-04-06 00:00:00,10:00:00,15:00:00,NÃO PERF,DENTRO DO HR,05:00:00,04:00:00,NÃO PERF.,PHA-7956,4797,2026-04-09 00:00:00,ENT. REALIZADA ,2026-04-17 00:00:00,2026-04-17 00:00:00,ENT. REALIZADA ,3,8,0,11,20.0,PERFORMANCE,,15,,,,,,,0.0,0.0,,,,,0,0.0,-46118.0,abril,abril,,0.0,0.0,0.0,0.0,0.0,2026-04-17 00:00:00,2026-04-17 00:00:00,00:00:00,15,2026,2026
0,VELD_INTERM,CAAU8903624146720,6AIBK064N A,1017,MENSAL,183878.1,15535.5,45,ALIANÇA,Cabotagem,PA/ PA,2026-04-07 00:00:00,ANDERSON,Manaus AM,Carazinho,RS,EXTRAPLAST F2,2026-04-07 00:00:00,10:00:00,2026-04-07 00:00:00,15:00:00,20:00:00,PERFORMANCE,FORA DO HR,05:00:00,03:00:00,NÃO PERF.,CAAU8903624,146720,2026-04-11 00:00:00,ENT. REALIZADA ,2026-05-03 00:00:00,2026-05-06 00:00:00,ENT. REALIZADA ,4,22,3,29,30.0,PERFORMANCE,,531664,,,,,,,0.0,0.0,,,,,0,0.0,-46119.0,abril,abril,,0.0,0.0,0.0,0.0,0.0,2026-05-03 00:00:00,2026-05-06 00:00:00,00:00:00,15,2026,2026
1,VELD_INTERM,BSIU85719971467647,6AIBK064N B,1018,MENSAL,249256.98,20563.0,61,ALIANÇA,Cabotagem,PA/ PA,2026-04-07 00:00:00,ANDERSON,Manaus AM,Carazinho,RS,EXTRAPLAST F2,2026-04-07 00:00:00,16:00:00,2026-04-07 00:00:00,15:30:00,19:40:00,PERFORMANCE,DENTRO DO HR,04:10:00,03:00:00,NÃO PERF.,BSIU8571997,1467647,2026-04-11 00:00:00,ENT. REALIZADA ,2026-05-03 00:00:00,2026-05-07 00:00:00,ENT. REALIZADA ,4,22,4,30,30.0,PERFORMANCE,,532227,11042.7,249.26,2618.0,395.0,1950.68,,16255.640000000001,0.06521638832340823,,,,,181.02786885245902,0.7905286193648787,-46119.0,abril,abril,,0.0,16255.640000000001,0.06521638832340823,266.48590163934426,0.7905286193648787,2026-05-03 00:00:00,2026-05-07 00:00:00,00:00:00,15,2026,2026
1,VELD_FINAL,MRSU88579801467653,6AIBK062Z,198,MENSAL,64767.78,7053.42,66,ALIANÇA,Cabotagem,PA/ PA,2026-04-07 00:00:00,LEVI,Manaus AM,Anta Gorda,RS,DIAMAJU AGRICOLA LTDA,2026-04-08 00:00:00,13:30:00,2026-04-08 00:00:00,13:30:00,16:11:00,PERFORMANCE,DENTRO DO HR,02:41:00,03:00:00,PERFORMANCE,MRSU8857980,1467653,2026-04-11 00:00:00,ENT. REALIZADA ,2026-05-03 00:00:00,2026-05-13 00:00:00,ENT. REALIZADA ,3,22,10,35,30.0,NÃO PERF.,,531667,12050.0,287.71,2618.0,395.0,2093.28,545.45,17989.44,0.277752919738796,Estadia do cavalo destino,,,,182.57575757575756,2.5504563743545683,-46120.0,abril,abril,,0.0,17989.44,0.277752919738796,272.5672727272727,2.5504563743545683,2026-05-03 00:00:00,2026-05-13 00:00:00,00:00:00,15,2026,2026
0,VELD_FINAL,MRSU88579801467653,6AIBK062Z,202,MENSAL,222946.09,11701.0,211,ALIANÇA,Cabotagem,PA/ PA,2026-04-07 00:00:00,LEVI,Manaus AM,Anta Gorda,RS,DIAMAJU AGRICOLA LTDA,2026-04-08 00:00:00,13:30:00,2026-04-08 00:00:00,13:30:00,16:11:00,PERFORMANCE,DENTRO DO HR,02:41:00,03:00:00,PERFORMANCE,MRSU8857980,1467653,2026-04-11 00:00:00,ENT. REALIZADA ,2026-05-03 00:00:00,2026-05-13 00:00:00,ENT. REALIZADA ,3,22,10,35,30.0,NÃO PERF.,,531667,,,,,,,0.0,0.0,,,,,0,0.0,-46120.0,abril,abril,,0.0,0.0,0.0,0.0,0.0,2026-05-03 00:00:00,2026-05-13 00:00:00,00:00:00,15,2026,2026
1,VELD_INTERM,TCNU27960901379236,6AIBK064N C,1021,MENSAL,257429.34,20131.5,63,ALIANÇA,Cabotagem,PA/ PA,2026-04-09 00:00:00,LEVI,Manaus AM,Carazinho,RS,EXTRAPLAST F2,2026-04-09 00:00:00,11:00:00,2026-04-09 00:00:00,11:00:00,14:00:00,PERFORMANCE,DENTRO DO HR,03:00:00,03:00:00,PERFORMANCE,TCNU2796090,1379236,2026-04-11 00:00:00,ENT. REALIZADA ,2026-05-03 00:00:00,2026-05-07 00:00:00,ENT. REALIZADA ,2,22,4,28,30.0,PERFORMANCE,,531879,11042.7,257.43,2618.0,395.0,1951.79,511.36,16776.280000000002,0.06516848468010679,Estadia O/D,,,,175.28095238095239,0.8333348235352558,-46121.0,abril,abril,,0.0,16776.280000000002,0.06516848468010679,266.2901587301588,0.8333348235352558,2026-05-03 00:00:00,2026-05-07 00:00:00,00:00:00,15,2026,2026
1,VELD_INTERM,SUDU85582201379264,6AIBK064N D,1022,MENSAL,155275.24,21117.5,11,ALIANÇA,Cabotagem,PA/ PA,2026-04-09 00:00:00,LEVI,Manaus AM,Carazinho,RS,EXTRAPLAST F2,2026-04-09 00:00:00,11:00:00,2026-04-09 00:00:00,11:00:00,14:00:00,PERFORMANCE,DENTRO DO HR,03:00:00,03:00:00,PERFORMANCE,SUDU8558220,1379264,2026-04-11 00:00:00,ENT. REALIZADA ,2026-05-03 00:00:00,2026-05-07 00:00:00,ENT. REALIZADA ,2,22,4,28,30.0,PERFORMANCE,,531880,11042.7,155.28,2618.0,395.0,1937.86,1022.73,17171.570000000003,0.11058794692573011,Estadia O/D,,,,1003.8818181818183,0.8131440748194627,-46121.0,abril,abril,,0.0,17171.570000000003,0.11058794692573011,1561.0518181818186,0.8131440748194627,2026-05-03 00:00:00,2026-05-07 00:00:00,00:00:00,15,2026,2026
1,VELD_INTERM,SUDU66463841468509,6AIBK064N E,1024,MENSAL,255268.56,20417.5,117,ALIANÇA,Cabotagem,PA/ PA,2026-04-10 00:00:00,ANDERSON,Manaus AM,Carazinho,RS,EXTRAPLAST F2,2026-04-10 00:00:00,09:00:00,2026-04-10 00:00:00,09:00:00,13:00:00,PERFORMANCE,DENTRO DO HR,04:00:00,03:00:00,NÃO PERF.,SUDU6646384,1468509,2026-04-18 00:00:00,ENT. REALIZADA ,2026-05-10 00:00:00,2026-05-15 00:00:00,ENT. REALIZADA ,8,22,5,35,30.0,NÃO PERF.,,532811,11042.7,255.27,2618.0,395.0,1951.5,,16262.470000000001,0.06370729713052012,,,,,94.3820512820513,0.7964966327904984,-46122.0,abril,abril,,0.0,16262.470000000001,0.06370729713052012,138.9954700854701,0.7964966327904984,2026-05-10 00:00:00,2026-05-15 00:00:00,00:00:00,15,2026,2026
1,VELD_INTERM,MRSU89766601467692,6AIBK097H,1029,MENSAL,294342.5,25204.0,228,ALIANÇA,Cabotagem,PA/ PA,2026-04-16 00:00:00,NOVA GESTÃO,Manaus AM,Carazinho,RS,EXTRAPLAST F2,2026-04-16 00:00:00,09:00:00,2026-04-16 00:00:00,09:00:00,12:00:00,PERFORMANCE,DENTRO DO HR,03:00:00,03:00:00,PERFORMANCE,MRSU8976660,1467692,2026-04-18 00:00:00,ENT. REALIZADA ,2026-05-10 00:00:00,2026-05-14 00:00:00,ENT. REALIZADA ,2,22,4,28,30.0,PERFORMANCE,,533591,11042.7,294.34,2618.0,395.0,1956.82,2947.36,19254.22,0.06541433873803477,FRETE MORTO,,,,48.43289473684211,0.7639350896683067,-46128.0,abril,abril,,0.0,19254.22,0.06541433873803477,84.44833333333334,0.7639350896683067,2026-05-10 00:00:00,2026-05-14 00:00:00,00:00:00,16,2026,2026
1,VELD_FINAL, B363491036,2666,205,MENSAL,477000.0,26790.5,900,BERTOLINI,Rodoviário,PA/ PA,2026-04-20 00:00:00,NOVA GESTÃO,Manaus AM,Carazinho,RS,EXTRAPLAST F2,2026-04-20 00:00:00,08:00:00,2026-04-20 00:00:00,08:00:00,12:00:00,PERFORMANCE,DENTRO DO HR,04:00:00,04:00:00,PERFORMANCE, B363,491036,2026-04-29 00:00:00,ENT. REALIZADA ,2026-05-14 00:00:00,2026-05-18 00:00:00,ENT. REALIZADA ,9,15,4,28,20.0,NÃO PERF.,,117238,28116.45,2439.21,,969.14,4298.84,,35823.64,0.07510197064989518,,,,,31.2405,1.337176984378791,-46132.0,abril,abril,,0.0,35823.64,0.07510197064989518,39.80404444444444,1.337176984378791,2026-05-14 00:00:00,2026-05-18 00:00:00,00:00:00,17,2026,2026
1,VELD_FINAL,B297491037,2666,206,MENSAL,357750.0,20693.5,675,BERTOLINI,Rodoviário,PA/ PA,2026-04-20 00:00:00,NOVA GESTÃO,Manaus AM,Carazinho,RS,EXTRAPLAST F2,2026-04-20 00:00:00,08:00:00,2026-04-20 00:00:00,08:00:00,12:00:00,PERFORMANCE,DENTRO DO HR,04:00:00,04:00:00,PERFORMANCE,B297,491037,2026-04-29 00:00:00,ENT. REALIZADA ,2026-05-14 00:00:00,2026-05-18 00:00:00,ENT. REALIZADA ,9,15,4,28,20.0,NÃO PERF.,,117279,26283.17,1829.4,,969.14,3965.69,,33047.4,0.09237568134171908,,,,,38.938029629629625,1.5969942252398097,-46132.0,abril,abril,,0.0,33047.4,0.09237568134171908,48.95911111111111,1.5969942252398097,2026-05-14 00:00:00,2026-05-18 00:00:00,00:00:00,17,2026,2026
1,VELD_FINAL,MRKU20765911465900,6AMAK2697,207,MENSAL,339200.0,19583.0,640,ALIANÇA,Cabotagem,PA/ PA,2026-04-22 00:00:00,NOVA GESTÃO,Manaus AM,Carazinho,RS,EXTRAPLAST F2,2026-04-22 00:00:00,08:00:00,2026-04-22 00:00:00,08:00:00,15:00:00,PERFORMANCE,DENTRO DO HR,07:00:00,03:00:00,NÃO PERF.,MRKU2076591,1465900,2026-04-25 00:00:00,ENT. REALIZADA ,2026-05-17 00:00:00,2026-05-21 00:00:00,ENT. REALIZADA ,3,22,4,29,30.0,PERFORMANCE,,534511,8988.1,339.2,1766.25,321.51,1556.6,,12971.660000000002,0.03824192216981132,,,,,14.043906250000001,0.6623939130878824,-46134.0,abril,abril,,0.0,12971.660000000002,0.03824192216981132,20.268218750000003,0.6623939130878824,2026-05-17 00:00:00,2026-05-21 00:00:00,00:00:00,17,2026,2026
0,VELD_INTERM,MRKU20765911465900,6AMAK2697,1039,MENSAL,60212.64,4476.5,27,ALIANÇA,Cabotagem,PA/ PA,2026-04-22 00:00:00,NOVA GESTÃO,Manaus AM,Carazinho,RS,EXTRAPLAST F2,2026-04-22 00:00:00,08:00:00,2026-04-22 00:00:00,08:00:00,15:00:00,PERFORMANCE,DENTRO DO HR,07:00:00,03:00:00,NÃO PERF.,MRKU2076591,1465900,2026-04-25 00:00:00,ENT. REALIZADA ,2026-05-17 00:00:00,2026-05-21 00:00:00,ENT. REALIZADA ,3,22,4,29,30.0,PERFORMANCE,,534512,2054.6,60.21,403.75,73.49,353.46,,2945.5099999999998,0.0489184662888058,,,,,76.09629629629629,0.657993968502178,-46134.0,abril,abril,,0.0,2945.5099999999998,0.0489184662888058,109.09296296296296,0.657993968502178,2026-05-17 00:00:00,2026-05-21 00:00:00,00:00:00,17,2026,2026
1,VELD_FINAL,HASU48368911473625,6AMAK2777 A,208,MENSAL,429300.0,23779.0,810,ALIANÇA,Cabotagem,PA/ PA,2026-04-22 00:00:00,NOVA GESTÃO,Manaus AM,Carazinho,RS,EXTRAPLAST F2,2026-04-25 00:00:00,08:00:00,2026-04-25 00:00:00,08:00:00,08:51:00,PERFORMANCE,DENTRO DO HR,00:51:00,03:00:00,PERFORMANCE,HASU4836891,1473625,2026-05-02 00:00:00,ENT. REALIZADA ,2026-05-24 00:00:00,2026-05-27 00:00:00,ENT. REALIZADA ,7,22,3,32,30.0,NÃO PERF.,,534847,12367.82,429.3,2170.0,395.0,2094.83,,17456.949999999997,0.04066375494991847,,,,,15.268913580246913,0.7341330585811009,-46137.0,abril,abril,,0.0,17456.949999999997,0.04066375494991847,21.551790123456787,0.7341330585811009,2026-05-24 00:00:00,2026-05-27 00:00:00,00:00:00,17,2026,2026
1,VELD_FINAL,MRKU39442241473631,6AMAK2777 B ,209,MENSAL,364500.0,24140.0,810,ALIANÇA,Cabotagem,PA/ PA,2026-04-25 00:00:00,NOVA GESTÃO,Manaus AM,Carazinho,RS,EXTRAPLAST F2,2026-04-25 00:00:00,09:00:00,2026-04-25 00:00:00,08:30:00,09:30:00,PERFORMANCE,DENTRO DO HR,01:00:00,03:00:00,PERFORMANCE,MRKU3944224,1473631,2026-05-02 00:00:00,ENT. REALIZADA ,2026-05-24 00:00:00,2026-05-27 00:00:00,ENT. REALIZADA ,7,22,3,32,30.0,NÃO PERF.,,534846,12367.82,364.5,2170.0,395.0,2086.0,,17383.32,0.047690864197530866,,,,,15.268913580246913,0.7201043910521955,-46137.0,abril,abril,,0.0,17383.32,0.047690864197530866,21.46088888888889,0.7201043910521955,2026-05-24 00:00:00,2026-05-27 00:00:00,00:00:00,17,2026,2026
1,VELD_FINAL,GCXU63448081467783,6AMAK2777 C,210,MENSAL,262350.0,14663.0,495,ALIANÇA,Cabotagem,PA/ PA,2026-04-27 00:00:00,NOVA GESTÃO,Manaus AM,Carazinho,RS,EXTRAPLAST F2,2026-04-27 00:00:00,09:00:00,2026-04-27 00:00:00,09:00:00,11:00:00,PERFORMANCE,DENTRO DO HR,02:00:00,03:00:00,PERFORMANCE,GCXU6344808,1467783,2026-05-02 00:00:00,ENT. REALIZADA ,2026-05-24 00:00:00,2026-05-28 00:00:00,ENT. REALIZADA ,5,22,4,31,30.0,NÃO PERF.,,535491,6940.54,262.35,1217.76,221.66,1178.5,,9820.81,0.03743400038117019,,,,,14.02129292929293,0.6697681238491441,-46139.0,abril,abril,,0.0,9820.81,0.03743400038117019,19.840020202020202,0.6697681238491441,2026-05-24 00:00:00,2026-05-28 00:00:00,00:00:00,18,2026,2026
0,VELD_INTERM,GCXU63448081467783,6AMAK2777 C,1051,MENSAL,147102.48,11466.0,63,ALIANÇA,Cabotagem,PA/ PA,2026-04-27 00:00:00,NOVA GESTÃO,Manaus AM,Carazinho,RS,EXTRAPLAST F2,2026-04-27 00:00:00,09:00:00,2026-04-27 00:00:00,09:00:00,11:00:00,PERFORMANCE,DENTRO DO HR,02:00:00,03:00:00,PERFORMANCE,GCXU6344808,1467783,2026-05-02 00:00:00,ENT. REALIZADA ,2026-05-24 00:00:00,2026-05-28 00:00:00,ENT. REALIZADA ,5,22,4,31,30.0,NÃO PERF.,,535492,5427.28,147.1,952.24,173.34,913.63,,7613.59,0.05175704719594122,,,,,86.14730158730158,0.6640144775859061,-46139.0,abril,abril,,0.0,7613.59,0.05175704719594122,120.85063492063492,0.6640144775859061,2026-05-24 00:00:00,2026-05-28 00:00:00,00:00:00,18,2026,2026
1,VELD_FINAL,MRKU20690781473611,6AMAK2777 D,211,MENSAL,262350.0,14658.5,495,ALIANÇA,Cabotagem,PA/ PA,2026-04-27 00:00:00,NOVA GESTÃO,Manaus AM,Carazinho,RS,EXTRAPLAST F2,2026-04-27 00:00:00,09:00:00,2026-04-27 00:00:00,09:00:00,11:00:00,PERFORMANCE,DENTRO DO HR,02:00:00,03:00:00,PERFORMANCE,MRKU2069078,1473611,2026-05-02 00:00:00,ENT. REALIZADA ,2026-05-24 00:00:00,2026-05-29 00:00:00,ENT. REALIZADA ,5,22,5,32,30.0,NÃO PERF.,,535493,6948.78,262.35,1219.2,221.93,1179.85,,9832.11,0.03747707261292167,,,,,14.037939393939393,0.670744619162943,-46139.0,abril,abril,,0.0,9832.11,0.03747707261292167,19.862848484848485,0.670744619162943,2026-05-24 00:00:00,2026-05-29 00:00:00,00:00:00,18,2026,2026
0,VELD_INTERM,MRKU20690781473611,6AMAK2777 D,1052,MENSAL,147102.48,11431.5,63,ALIANÇA,Cabotagem,PA/ PA,2026-04-27 00:00:00,NOVA GESTÃO,Manaus AM,Carazinho,RS,EXTRAPLAST F2,2026-04-27 00:00:00,09:00:00,2026-04-27 00:00:00,09:00:00,13:00:00,PERFORMANCE,DENTRO DO HR,04:00:00,03:00:00,NÃO PERF.,MRKU2069078,1473611,2026-05-02 00:00:00,ENT. REALIZADA ,2026-05-24 00:00:00,2026-05-29 00:00:00,ENT. REALIZADA ,5,22,5,32,30.0,NÃO PERF.,,535494,5419.04,147.1,950.8,173.07,912.27,,7602.280000000001,0.05168016202038198,,,,,86.01650793650794,0.6650290862966366,-46139.0,abril,abril,,0.0,7602.280000000001,0.05168016202038198,120.67111111111112,0.6650290862966366,2026-05-24 00:00:00,2026-05-29 00:00:00,00:00:00,18,2026,2026
1,VELD_INTERM,TCLU88641891473614,6AMAK2777 E,1050,MENSAL,359583.84,28094.0,154,ALIANÇA,Cabotagem,PA/ PA,2026-04-27 00:00:00,NOVA GESTÃO,Manaus AM,Carazinho,RS,EXTRAPLAST F2,2026-04-27 00:00:00,09:00:00,2026-04-27 00:00:00,09:00:00,11:00:00,PERFORMANCE,DENTRO DO HR,02:00:00,03:00:00,PERFORMANCE,TCLU8864189,1473614,2026-05-02 00:00:00,ENT. REALIZADA ,2026-05-24 00:00:00,2026-05-28 00:00:00,ENT. REALIZADA ,5,22,4,31,30.0,NÃO PERF.,,534845,12367.82,359.58,2170.0,395.0,2085.33,,17377.73,0.0483273386256735,,,,,80.31051948051947,0.6185566313091764,-46139.0,abril,abril,,0.0,17377.73,0.0483273386256735,112.8424025974026,0.6185566313091764,2026-05-24 00:00:00,2026-05-28 00:00:00,00:00:00,18,2026,2026
1,VELD_INTERM,MRKU54060591473681,6AMAK3020 A,1054,MENSAL,163447.2,12685.5,70,ALIANÇA,Cabotagem,PA/ PA,2026-04-29 00:00:00,NOVA GESTÃO,Manaus AM,Carazinho,RS,EXTRAPLAST F2,2026-04-29 00:00:00,08:00:00,2026-04-29 00:00:00,10:00:00,13:00:00,PERFORMANCE,FORA DO HR,03:00:00,03:00:00,PERFORMANCE,MRKU5406059,1473681,2026-05-02 00:00:00,ENT. REALIZADA ,2026-05-24 00:00:00,2026-05-29 00:00:00,ENT. REALIZADA ,3,22,5,30,30.0,PERFORMANCE,,535498,6122.73,163.45,1074.27,195.55,1030.36,,8586.359999999999,0.05253292806484295,,,,,87.46757142857142,0.6768641362185172,-46141.0,abril,abril,,0.0,8586.359999999999,0.05253292806484295,122.6622857142857,0.6768641362185172,2026-05-24 00:00:00,2026-05-29 00:00:00,00:00:00,18,2026,2026
0,VELD_FINAL,MRKU54060591473681,6AMAK3020 A,212,MENSAL,230550.0,12939.0,435,ALIANÇA,Cabotagem,PA/ PA,2026-04-29 00:00:00,NOVA GESTÃO,Manaus AM,Carazinho,RS,EXTRAPLAST F2,2026-04-29 00:00:00,08:00:00,2026-04-29 00:00:00,10:00:00,13:00:00,PERFORMANCE,FORA DO HR,03:00:00,03:00:00,PERFORMANCE,MRKU5406059,1473681,2026-05-02 00:00:00,ENT. REALIZADA ,2026-05-24 00:00:00,2026-05-29 00:00:00,ENT. REALIZADA ,3,22,5,30,30.0,PERFORMANCE,,535497,6245.09,230.55,1095.73,199.45,1059.66,,8830.480000000001,0.038301800043374544,,,,,14.356528735632184,0.682470051781436,-46141.0,abril,abril,,0.0,8830.480000000001,0.038301800043374544,20.29995402298851,0.682470051781436,2026-05-24 00:00:00,2026-05-29 00:00:00,00:00:00,18,2026,2026
1,VELD_INTERM,MRKU36208371473709,6AMAK3043,1055,MENSAL,358850.45,22871.5,318,ALIANÇA,Cabotagem,PA/ PA,2026-04-29 00:00:00,NOVA GESTÃO,Manaus AM,Ribeirão Preto,SP,OKUBO,2026-04-29 00:00:00,11:00:00,2026-04-29 00:00:00,10:30:00,14:00:00,PERFORMANCE,DENTRO DO HR,03:30:00,03:00:00,NÃO PERF.,MRKU3620837,1473709,2026-05-09 00:00:00,ENT. REALIZADA ,2026-05-22 00:00:00,2026-05-26 00:00:00,ENT. REALIZADA ,10,13,4,27,30.0,PERFORMANCE,,535795,12700.0,1255.98,1676.0,395.0,2185.5,,18212.48,0.05075228413396165,,,,,39.937106918238996,0.7962958266838642,-46141.0,abril,abril,,0.0,18212.48,0.05075228413396165,57.27194968553459,0.7962958266838642,2026-05-22 00:00:00,2026-05-26 00:00:00,00:00:00,18,2026,2026
1,VELD_FINAL,TCNU72112111468743,6AIBK254W,213,MENSAL,429300.0,24634.5,810,ALIANÇA,Cabotagem,PA/ PA,2026-04-30 00:00:00,NOVA GESTÃO,Manaus AM,Carazinho,RS,EXTRAPLAST F2,2026-05-14 00:00:00,15:00:00,2026-05-13 00:00:00,14:18:00,16:46:00,PERFORMANCE,DENTRO DO HR,02:28:00,03:00:00,PERFORMANCE,TCNU7211211,1468743,2026-05-16 00:00:00,ENT. REALIZADA ,2026-06-08 00:00:00,2026-06-12 00:00:00,ENT. REALIZADA ,3,23,4,30,30.0,PERFORMANCE,,537487,12367.82,429.3,1806.0,395.0,2045.2,,17043.32,0.039700256231073844,,,,,15.268913580246913,0.6918476120887374,-46155.0,abril,maio,,0.0,17043.32,0.039700256231073844,21.041135802469135,0.6918476120887374,2026-06-08 00:00:00,2026-06-12 00:00:00,00:00:00,20,2026,2026
1,VELD_FINAL,MRKU38550921472499,6AIBK263F,214,MENSAL,429300.0,24760.5,810,ALIANÇA,Cabotagem,PA/ PA,2026-04-30 00:00:00,NOVA GESTÃO,Manaus AM,Carazinho,RS,EXTRAPLAST F2,2026-05-16 00:00:00,09:00:00,2026-05-16 00:00:00,07:28:00,10:06:00,PERFORMANCE,DENTRO DO HR,02:38:00,02:00:00,NÃO PERF.,MRKU3855092,1472499,2026-05-23 00:00:00,ENT. REALIZADA ,2026-06-15 00:00:00,2026-06-23 00:00:00,ENT. REALIZADA ,7,23,8,38,30.0,NÃO PERF.,,537794,12367.82,429.3,1806.0,395.0,2045.2,,17043.32,0.039700256231073844,,,,,15.268913580246913,0.6883269723955493,-46158.0,abril,maio,,0.0,17043.32,0.039700256231073844,21.041135802469135,0.6883269723955493,2026-06-15 00:00:00,2026-06-23 00:00:00,00:00:00,20,2026,2026
1,VELD_FINAL,TCNU249179014724982,6AIBK263F,215,MENSAL,429300.0,24666.5,810,ALIANÇA,Cabotagem,PA/ PA,2026-04-30 00:00:00,NOVA GESTÃO,Manaus AM,Carazinho,RS,EXTRAPLAST F2,2026-05-16 00:00:00,13:00:00,2026-05-18 00:00:00,11:26:00,14:26:00,NÃO PERF,DENTRO DO HR,03:00:00,02:00:00,NÃO PERF.,TCNU2491790,14724982,2026-05-23 00:00:00,ENT. REALIZADA ,2026-06-15 00:00:00,2026-06-24 00:00:00,ENT. REALIZADA ,5,23,9,37,30.0,NÃO PERF.,,538009,12367.82,429.3,2150.0,395.0,2092.11,,17434.23,0.040610831586303284,,,,,15.268913580246913,0.7067978837694849,-46160.0,abril,maio,,0.0,17434.23,0.040610831586303284,21.52374074074074,0.7067978837694849,2026-06-15 00:00:00,2026-06-24 00:00:00,00:00:00,21,2026,2026
1,VELD_FINAL,GCXU63119751471633,6AIBK283D,216,MENSAL,429300.0,24718.0,810,ALIANÇA,Cabotagem,PA/ PA,2026-04-30 00:00:00,NOVA GESTÃO,Manaus AM,Carazinho,RS,EXTRAPLAST F2,2026-05-21 00:00:00,09:00:00,2026-05-25 00:00:00,08:27:00,13:48:00,NÃO PERF,DENTRO DO HR,05:21:00,02:00:00,NÃO PERF.,GCXU6311975,1471633,2026-05-25 00:00:00,ENT. REALIZADA ,2026-06-15 00:00:00,2026-06-24 00:00:00,ENT. REALIZADA ,0,21,9,30,30.0,PERFORMANCE,,538360,12367.82,429.3,2150.0,395.0,2092.11,,17434.23,0.040610831586303284,,,,,15.268913580246913,0.7053252690347115,-46167.0,abril,maio,,0.0,17434.23,0.040610831586303284,21.52374074074074,0.7053252690347115,2026-06-15 00:00:00,2026-06-24 00:00:00,00:00:00,22,2026,2026
1,VELD_FINAL,CAAU84423741467557,6AMAK3052,217,MENSAL,529200.0,24448.6,1260,ALIANÇA,Cabotagem,PA/ PA,2026-04-30 00:00:00,NOVA GESTÃO,Manaus AM,Carazinho,RS,EXTRAPLAST F2,2026-04-29 00:00:00,17:43:00,2026-05-05 00:00:00,15:22:00,09:30:00,NÃO PERF,DENTRO DO HR,1900-01-01 18:08:00,03:00:00,NÃO PERF.,CAAU8442374,1467557,2026-05-09 00:00:00,ENT. REALIZADA ,2026-05-31 00:00:00,2026-06-05 00:00:00,ENT. REALIZADA ,4,22,5,31,30.0,NÃO PERF.,,535904,12367.82,529.2,1806.0,395.0,2058.82,,17156.84,0.03242033257747543,,,,,9.815730158730158,0.7017514295297073,-46147.0,abril,maio,,0.0,17156.84,0.03242033257747543,13.616539682539683,0.7017514295297073,2026-05-31 00:00:00,2026-06-05 00:00:00,00:00:00,19,2026,2026
1,VELD_INTERM,MRSU64250821473675,6AMAK3053,1060,MENSAL,233648.0,25449.5,340,ALIANÇA,Cabotagem,PA/ PA,2026-05-04 00:00:00,NOVA GESTÃO,Manaus AM,Carazinho,RS,EXTRAPLAST F2,2026-04-29 00:00:00,13:00:00,2026-05-04 00:00:00,13:30:00,14:00:00,NÃO PERF,FORA DO HR,00:30:00,03:00:00,PERFORMANCE,MRSU6425082,1473675,2026-05-09 00:00:00,ENT. REALIZADA ,2026-05-31 00:00:00,2026-06-08 00:00:00,ENT. REALIZADA ,5,22,8,35,30.0,NÃO PERF.,,535905,12367.82,233.65,1806.0,395.0,2018.52,1363.64,18184.629999999997,0.07782917037595014,Estadia na Origem,,,,36.37594117647059,0.7145378101730878,-46146.0,maio,maio,,0.0,18184.629999999997,0.07782917037595014,53.48420588235293,0.7145378101730878,2026-05-31 00:00:00,2026-06-08 00:00:00,00:00:00,19,2026,2026
1,VELD_INTERM,MRKU61950691472855,6AMAK2901,1062,MENSAL,301048.25,24906.5,285,ALIANÇA,Cabotagem,PA/ PA,2026-05-05 00:00:00,NOVA GESTÃO,Manaus AM,Carazinho,RS,EXTRAPLAST F2,2026-05-05 00:00:00,08:00:00,2026-05-06 00:00:00,07:50:00,20:17:00,NÃO PERF,DENTRO DO HR,12:27:00,03:00:00,NÃO PERF.,MRKU6195069,1472855,2026-05-09 00:00:00,ENT. REALIZADA ,2026-05-31 00:00:00,2026-06-05 00:00:00,ENT. REALIZADA ,3,22,5,30,30.0,PERFORMANCE,,536388,12367.82,301.05,1806.0,395.0,2027.71,,16897.579999999998,0.05612914208934946,,,,,43.395859649122805,0.678440567723285,-46148.0,maio,maio,,0.0,16897.579999999998,0.05612914208934946,59.289754385964905,0.678440567723285,2026-05-31 00:00:00,2026-06-05 00:00:00,00:00:00,19,2026,2026
1,VELD_INTERM,MRSU48389761472713,6AMAK3110,1065,MENSAL,279904.75,24011.5,327,ALIANÇA,Cabotagem,PA/ PA,2026-05-07 00:00:00,NOVA GESTÃO,Manaus AM,Carazinho,RS,EXTRAPLAST F2,2026-05-07 00:00:00,10:00:00,2026-05-07 00:00:00,09:10:00,11:53:00,PERFORMANCE,DENTRO DO HR,02:43:00,03:00:00,PERFORMANCE,MRSU4838976,1472713,2026-05-09 00:00:00,ENT. REALIZADA ,2026-05-31 00:00:00,2026-06-03 00:00:00,ENT. REALIZADA ,2,22,3,27,30.0,PERFORMANCE,,536410,12367.82,279.9,1806.0,395.0,2024.83,,16873.55,0.06028318561939374,,,,,37.82207951070336,0.7027278595672907,-46149.0,maio,maio,,0.0,16873.55,0.06028318561939374,51.60107033639144,0.7027278595672907,2026-05-31 00:00:00,2026-06-03 00:00:00,00:00:00,19,2026,2026
0,VELD_INTERM,MRSU48389761472713,6AMAK3110,1130,Comp NF 1065,31836.8,2174.36,44,ALIANÇA,Cabotagem,PA/ PA,2026-06-05 00:00:00,NOVA GESTÃO,Manaus AM,Carazinho,RS,EXTRAPLAST F2,2026-05-07 00:00:00,10:00:00,2026-05-07 00:00:00,09:10:00,11:53:00,PERFORMANCE,DENTRO DO HR,02:43:00,03:00:00,PERFORMANCE,MRSU4838976,1472713,2026-05-09 00:00:00,ENT. REALIZADA ,2026-05-31 00:00:00,2026-06-03 00:00:00,ENT. REALIZADA ,2,22,3,27,30.0,PERFORMANCE,,536410,,,,,,,0.0,0.0,,,,,0,0.0,-46149.0,junho,maio,,0.0,0.0,0.0,0.0,0.0,2026-05-31 00:00:00,2026-06-03 00:00:00,00:00:00,19,2026,2026
1,VELD_FINAL,MRKU23169011472006,6AMAK3179,218,MENSAL,205977.6,23891.0,288,ALIANÇA,Cabotagem,PA/ PA,2026-05-09 00:00:00,NOVA GESTÃO,Manaus AM,Anta Gorda,RS,DIAMAJU AGRICOLA LTDA,2026-05-09 00:00:00,10:00:00,2026-05-09 00:00:00,09:00:00,10:51:00,PERFORMANCE,DENTRO DO HR,01:51:00,03:00:00,PERFORMANCE,MRKU2316901,1472006,2026-05-16 00:00:00,ENT. REALIZADA ,2026-06-08 00:00:00,2026-06-12 00:00:00,ENT. REALIZADA ,7,23,4,34,30.0,NÃO PERF.,,536688,13496.0,205.98,1806.0,395.0,2168.59,,18071.57,0.08773560814379816,,,,,46.861111111111114,0.7564174793855427,-46151.0,maio,maio,,0.0,18071.57,0.08773560814379816,62.74850694444444,0.7564174793855427,2026-06-08 00:00:00,2026-06-12 00:00:00,00:00:00,19,2026,2026
1,VELD_INTERM,CAAU79883811472004,6AMAK3180,1070,MENSAL,269989.98,21898.0,618,ALIANÇA,Cabotagem,PA/ PA,2026-05-09 00:00:00,NOVA GESTÃO,Manaus AM,Carazinho,RS,EXTRAPLAST F2,2026-05-09 00:00:00,10:00:00,2026-05-09 00:00:00,09:58:00,14:09:00,PERFORMANCE,DENTRO DO HR,04:11:00,03:00:00,NÃO PERF.,CAAU7988381,1472004,2026-05-16 00:00:00,ENT. REALIZADA ,2026-06-08 00:00:00,2026-06-15 00:00:00,ENT. REALIZADA ,7,23,7,37,30.0,NÃO PERF.,,536689,12367.82,269.99,1806.0,395.0,2023.47,,16862.28,0.06245520667100313,,,,,20.01265372168285,0.7700374463421317,-46151.0,maio,maio,,0.0,16862.28,0.06245520667100313,27.2852427184466,0.7700374463421317,2026-06-08 00:00:00,2026-06-15 00:00:00,00:00:00,19,2026,2026
1,VELD_FINAL,HASU51537401475998,6AMAK3254,219,Sub 247,335488.4,23208.5,542,ALIANÇA,Cabotagem,PA/ PA,2026-05-12 00:00:00,NOVA GESTÃO,Manaus AM,Anta Gorda,RS,DIAMAJU AGRICOLA LTDA,2026-05-11 00:00:00,09:00:00,2026-05-13 00:00:00,08:35:00,16:35:00,NÃO PERF,DENTRO DO HR,08:00:00,02:00:00,NÃO PERF.,HASU5153740,1475998,2026-05-19 00:00:00,ENT. REALIZADA ,2026-06-08 00:00:00,2026-06-24 00:00:00,ENT. REALIZADA ,6,20,16,42,30.0,PERFORMANCE,,536992,13496.0,335.0,1806.0,395.0,2186.25,,18218.25,0.05430366593897136,,,,,24.900369003690038,0.7849817954628692,-46155.0,maio,maio,,0.0,18218.25,0.05430366593897136,33.6130073800738,0.7849817954628692,2026-06-08 00:00:00,2026-06-24 00:00:00,00:00:00,20,2026,2026
1,VELD_INTERM,SUDU88111111472483,6AIBK254W,1079,MENSAL,250077.6,23019.5,412,ALIANÇA,Cabotagem,PA/ PA,2026-05-15 00:00:00,NOVA GESTÃO,Manaus AM,Carazinho,RS,EXTRAPLAST F2,2026-05-15 00:00:00,10:00:00,2026-05-15 00:00:00,09:35:00,13:33:00,PERFORMANCE,DENTRO DO HR,03:58:00,02:00:00,NÃO PERF.,SUDU8811111,1472483,2026-05-16 00:00:00,ENT. REALIZADA ,2026-06-08 00:00:00,2026-06-12 00:00:00,ENT. REALIZADA ,1,23,4,28,30.0,PERFORMANCE,,537693,12367.82,250.08,1806.0,395.0,2020.76,,16839.66,0.06733773836601119,,,,,30.01898058252427,0.7315389126610048,-46157.0,maio,maio,,0.0,16839.66,0.06733773836601119,40.872961165048544,0.7315389126610048,2026-06-08 00:00:00,2026-06-12 00:00:00,00:00:00,20,2026,2026
1,VELD_INTERM,MSKU18180231472500,6AIBK263F,1081,MENSAL,244494.0,22853.5,306,ALIANÇA,Cabotagem,PA/ PA,2026-05-16 00:00:00,NOVA GESTÃO,Manaus AM,Carazinho,RS,EXTRAPLAST F2,2026-05-16 00:00:00,11:00:00,2026-05-16 00:00:00,07:59:00,11:52:00,PERFORMANCE,DENTRO DO HR,03:53:00,02:00:00,NÃO PERF.,MSKU1818023,1472500,2026-05-23 00:00:00,ENT. REALIZADA ,2026-06-15 00:00:00,2026-06-19 00:00:00,ENT. REALIZADA ,7,23,4,34,30.0,NÃO PERF.,,538609,12367.82,244.49,2150.0,395.0,2066.91,,17224.22,0.07044843636244652,,,,,40.41771241830065,0.7536797427089943,-46158.0,maio,maio,,0.0,17224.22,0.07044843636244652,56.288300653594774,0.7536797427089943,2026-06-15 00:00:00,2026-06-19 00:00:00,00:00:00,20,2026,2026
0,VELD_INTERM,MSKU18180231472500,6AIBK263F,1084,MENSAL,14382.0,1151.71,240,ALIANÇA,Cabotagem,PA/ PA,2026-05-18 00:00:00,NOVA GESTÃO,Manaus AM,Carazinho,RS,EXTRAPLAST F2,2026-05-16 00:00:00,11:00:00,2026-05-16 00:00:00,07:59:00,11:52:00,PERFORMANCE,DENTRO DO HR,03:53:00,02:00:00,NÃO PERF.,MSKU1818023,1472500,2026-05-23 00:00:00,ENT. REALIZADA ,2026-06-15 00:00:00,2026-06-19 00:00:00,ENT. REALIZADA ,7,23,4,34,30.0,NÃO PERF.,,538609,,,,,,,0.0,0.0,,,,,0,0.0,-46158.0,maio,maio,,0.0,0.0,0.0,0.0,0.0,2026-06-15 00:00:00,2026-06-19 00:00:00,00:00:00,20,2026,2026
1,VELD_INTERM,HASU47172541474463,6AIBK274G,1087,MENSAL,267900.0,23784.0,444,ALIANÇA,Cabotagem,PA/ PA,2026-05-19 00:00:00,NOVA GESTÃO,Manaus AM,Carazinho,RS,EXTRAPLAST F2,2026-05-19 00:00:00,10:00:00,2026-05-19 00:00:00,09:17:00,12:10:00,PERFORMANCE,DENTRO DO HR,02:53:00,02:00:00,NÃO PERF.,HASU4717254,1474463,2026-05-23 00:00:00,ENT. REALIZADA ,2026-06-15 00:00:00,2026-06-19 00:00:00,ENT. REALIZADA ,4,23,4,31,30.0,NÃO PERF.,,538608,12367.82,267.9,2150.0,395.0,2070.1,,17250.82,0.06439275849197462,,,,,27.85545045045045,0.725311974436596,-46161.0,maio,maio,,0.0,17250.82,0.06439275849197462,38.8531981981982,0.725311974436596,2026-06-15 00:00:00,2026-06-19 00:00:00,00:00:00,21,2026,2026
1,VELD_INTERM,UETU84663581472127,6AIBK274G,1091,MENSAL,337701.38,27054.5,198,ALIANÇA,Cabotagem,PA/ PA,2026-05-20 00:00:00,NOVA GESTÃO,Manaus AM,Carazinho,RS,EXTRAPLAST F2,2026-05-19 00:00:00,14:00:00,2026-05-20 00:00:00,13:31:00,18:17:00,NÃO PERF,DENTRO DO HR,04:46:00,02:00:00,NÃO PERF.,UETU8466358,1472127,2026-05-23 00:00:00,ENT. REALIZADA ,2026-06-15 00:00:00,2026-06-22 00:00:00,ENT. REALIZADA ,3,23,7,33,30.0,NÃO PERF.,,538010,12367.82,337.7,2150.0,395.0,2079.62,,17330.14,0.05131794249700727,,,,,62.463737373737374,0.6405640466465837,-46162.0,maio,maio,,0.0,17330.14,0.05131794249700727,87.52595959595959,0.6405640466465837,2026-06-15 00:00:00,2026-06-22 00:00:00,00:00:00,21,2026,2026
1,VELD_INTERM,MRSU79062251474171,6AIBK283D,1090,MENSAL,282350.69,25524.0,400,ALIANÇA,Cabotagem,PA/ PA,2026-05-20 00:00:00,NOVA GESTÃO,Manaus AM,Carazinho,RS,EXTRAPLAST F2,2026-05-20 00:00:00,10:00:00,2026-05-20 00:00:00,08:29:00,13:24:00,PERFORMANCE,DENTRO DO HR,04:55:00,02:00:00,NÃO PERF.,MRSU7906225,1474171,2026-05-23 00:00:00,ENT. REALIZADA ,2026-06-15 00:00:00,2026-06-20 00:00:00,ENT. REALIZADA ,3,23,5,31,30.0,NÃO PERF.,,538106,12367.82,282.35,2150.0,395.0,2072.07,,17267.24,0.06115529591941143,,,,,30.91955,0.6765099514182731,-46162.0,maio,maio,,0.0,17267.24,0.06115529591941143,43.1681,0.6765099514182731,2026-06-15 00:00:00,2026-06-20 00:00:00,00:00:00,21,2026,2026
0,VELD_INTERM,MRSU79062251474171,6AIBK283D,1092,MENSAL,40278.06,3191.1,46,ALIANÇA,Cabotagem,PA/ PA,2026-05-20 00:00:00,NOVA GESTÃO,Manaus AM,Carazinho,RS,EXTRAPLAST F2,2026-05-20 00:00:00,10:00:00,2026-05-20 00:00:00,08:29:00,13:24:00,PERFORMANCE,DENTRO DO HR,04:55:00,02:00:00,NÃO PERF.,MRSU7906225,1474171,2026-05-23 00:00:00,ENT. REALIZADA ,2026-06-15 00:00:00,2026-06-20 00:00:00,ENT. REALIZADA ,3,23,5,31,30.0,NÃO PERF.,,538106,,,,,,,0.0,0.0,,,,,0,0.0,-46162.0,maio,maio,,0.0,0.0,0.0,0.0,0.0,2026-06-15 00:00:00,2026-06-20 00:00:00,00:00:00,21,2026,2026
1,VELD_INTERM,MRKU54805501471662,6AIBK283D,1093,MENSAL,318300.64,26163.5,341,ALIANÇA,Cabotagem,PA/ PA,2026-05-21 00:00:00,NOVA GESTÃO,Manaus AM,Carazinho,RS,EXTRAPLAST F2,2026-05-20 00:00:00,13:00:00,2026-05-21 00:00:00,12:53:00,14:45:00,NÃO PERF,DENTRO DO HR,01:52:00,02:00:00,PERFORMANCE,MRKU5480550,1471662,2026-05-23 00:00:00,ENT. REALIZADA ,2026-06-14 00:00:00,2026-06-23 00:00:00,ENT. REALIZADA ,2,22,9,33,30.0,NÃO PERF.,,538361,12367.82,318.3,2150.0,395.0,2076.97,,17308.09,0.05437654790766364,,,,,36.269266862170085,0.6615357272536166,-46163.0,maio,maio,,0.0,17308.09,0.05437654790766364,50.75686217008798,0.6615357272536166,2026-06-14 00:00:00,2026-06-23 00:00:00,00:00:00,21,2026,2026
1,VELD_INTERM,MRKU40599941473258,6AMAK3517,1095,MENSAL,390089.91,25445.0,448,ALIANÇA,Cabotagem,PA/ PA,2026-05-22 00:00:00,NOVA GESTÃO,Manaus AM,Ribeirão Preto,SP,OKUBO,2026-05-22 00:00:00,14:00:00,2026-05-22 00:00:00,13:22:00,17:03:00,PERFORMANCE,DENTRO DO HR,03:41:00,02:00:00,NÃO PERF.,MRKU4059994,1473258,2026-05-30 00:00:00,ENT. REALIZADA ,2026-06-14 00:00:00,2026-06-17 00:00:00,ENT. REALIZADA ,8,15,3,26,30.0,PERFORMANCE,,539285,12700.0,390.09,1996.0,395.0,2111.06,,17592.15,0.04509768017327083,,,,,28.348214285714285,0.6913794458636275,-46164.0,maio,maio,,0.0,17592.15,0.04509768017327083,39.26819196428572,0.6913794458636275,2026-06-14 00:00:00,2026-06-17 00:00:00,00:00:00,21,2026,2026
1,VELD_INTERM,MRSU42897681472145,6AMAK3517,1096,MENSAL,422568.3,27410.0,460,ALIANÇA,Cabotagem,PA/ PA,2026-05-25 00:00:00,NOVA GESTÃO,Manaus AM,Ribeirão Preto,SP,OKUBO,2026-05-23 00:00:00,10:00:00,2026-05-26 00:00:00,08:47:00,09:20:00,NÃO PERF,DENTRO DO HR,00:33:00,02:00:00,PERFORMANCE,MRSU4289768,1472145,2026-05-30 00:00:00,ENT. REALIZADA ,2026-06-14 00:00:00,2026-06-17 00:00:00,ENT. REALIZADA ,4,15,3,22,30.0,PERFORMANCE,,539120,12700.0,422.57,1996.0,395.0,2115.49,,17629.059999999998,0.04171884166417594,,,,,27.608695652173914,0.6431616198467711,-46168.0,maio,maio,,0.0,17629.059999999998,0.04171884166417594,38.32404347826086,0.6431616198467711,2026-06-14 00:00:00,2026-06-17 00:00:00,00:00:00,22,2026,2026
1,VELD_INTERM,MRSU79375921472191,6AMAK3517,1099,MENSAL,389931.92,25551.5,476,ALIANÇA,Cabotagem,PA/ PA,2026-05-25 00:00:00,NOVA GESTÃO,Manaus AM,Ribeirão Preto,SP,OKUBO,2026-05-23 00:00:00,13:00:00,2026-05-26 00:00:00,14:27:00,09:36:00,NÃO PERF,FORA DO HR,1900-01-02 19:09:00,02:00:00,NÃO PERF.,MRSU7937592,1472191,2026-05-30 00:00:00,ENT. REALIZADA ,2026-06-14 00:00:00,2026-06-17 00:00:00,ENT. REALIZADA ,4,15,3,22,30.0,PERFORMANCE,,539800,12700.0,389.93,1996.0,395.0,2111.04,,17591.97,0.045115490929801286,,,,,26.680672268907564,0.6884906952625091,-46168.0,maio,maio,,0.0,17591.97,0.045115490929801286,36.95792016806723,0.6884906952625091,2026-06-14 00:00:00,2026-06-17 00:00:00,00:00:00,22,2026,2026
1,VELD_INTERM,TCKU70798621473259,6AIBK291W,1101,MENSAL,346741.56,26225.5,99,ALIANÇA,Cabotagem,PA/ PA,2026-05-25 00:00:00,NOVA GESTÃO,Manaus AM,Carazinho,RS,EXTRAPLAST F2,2026-05-22 00:00:00,13:00:00,2026-05-22 00:00:00,12:53:00,15:11:00,PERFORMANCE,DENTRO DO HR,02:18:00,02:00:00,NÃO PERF.,TCKU7079862,1473259,2026-05-30 00:00:00,ENT. REALIZADA ,2026-06-23 00:00:00,2026-06-26 00:00:00,ENT. REALIZADA ,8,24,3,35,30.0,NÃO PERF.,,539168,12367.82,346.74,2150.0,395.0,2080.85,,17340.41,0.050009609462448056,,,,,124.92747474747475,0.6612041715124592,-46164.0,maio,maio,,0.0,17340.41,0.050009609462448056,175.15565656565656,0.6612041715124592,2026-06-23 00:00:00,2026-06-26 00:00:00,00:00:00,21,2026,2026
1,VELD_INTERM,MRSU91170781479452,6AIBK315A,223,MENSAL,286200.0,16321.0,540,ALIANÇA,Cabotagem,PA/ PA,2026-05-27 00:00:00,NOVA GESTÃO,Manaus AM,Carazinho,RS,EXTRAPLAST F2,2026-05-27 00:00:00,14:00:00,2026-05-27 00:00:00,12:47:00,16:47:00,PERFORMANCE,DENTRO DO HR,04:00:00,02:00:00,NÃO PERF.,MRSU9117078,1479452,2026-05-30 00:00:00,ENT. REALIZADA ,2026-06-23 00:00:00,2026-06-29 00:00:00,ENT. REALIZADA ,3,24,6,33,30.0,NÃO PERF.,,539565,7849.55,286.2,1364.55,250.7,1329.68,,11080.68,0.03871656184486373,,,,,14.536203703703704,0.6789216347037559,-46169.0,maio,maio,,0.0,11080.68,0.03871656184486373,20.51977777777778,0.6789216347037559,2026-06-23 00:00:00,2026-06-29 00:00:00,00:00:00,22,2026,2026
0,VELD_FINAL,MRSU91170781479452,6AIBK315A,1104,MENSAL,136124.16,9394.5,101,ALIANÇA,Cabotagem,PA/ PA,2026-05-27 00:00:00,NOVA GESTÃO,Manaus AM,Carazinho,RS,EXTRAPLAST F2,2026-05-27 00:00:00,14:00:00,2026-05-27 00:00:00,12:47:00,16:47:00,PERFORMANCE,DENTRO DO HR,04:00:00,02:00:00,NÃO PERF.,MRSU9117078,1479452,2026-05-30 00:00:00,ENT. REALIZADA ,2026-06-23 00:00:00,2026-06-29 00:00:00,ENT. REALIZADA ,3,24,6,33,30.0,NÃO PERF.,,539566,4518.27,136.12,785.45,144.3,761.47,,6345.610000000001,0.046616339083378,,,,,44.735346534653466,0.6754601096386184,-46169.0,maio,maio,,0.0,6345.610000000001,0.046616339083378,62.827821782178226,0.6754601096386184,2026-06-23 00:00:00,2026-06-29 00:00:00,00:00:00,22,2026,2026
1,VELD_INTERM,CIPU52506271471893,6AIBK315A,1102,MENSAL,350244.0,26608.0,100,ALIANÇA,Cabotagem,PA/ PA,2026-05-27 00:00:00,NOVA GESTÃO,Manaus AM,Carazinho,RS,EXTRAPLAST F2,2026-05-27 00:00:00,10:00:00,2026-05-27 00:00:00,10:00:00,13:18:00,PERFORMANCE,DENTRO DO HR,03:18:00,02:00:00,NÃO PERF.,CIPU5250627,1471893,2026-05-30 00:00:00,ENT. REALIZADA ,2026-06-23 00:00:00,2026-06-30 00:00:00,ENT. REALIZADA ,3,24,7,34,30.0,NÃO PERF.,,539561,12367.82,350.24,2150.0,395.0,2081.33,490.91,17835.3,0.05092249974303628,Estadia no destino 3h,,,,123.6782,0.6702984064942874,-46169.0,maio,maio,,0.0,17835.3,0.05092249974303628,178.35299999999998,0.6702984064942874,2026-06-23 00:00:00,2026-06-30 00:00:00,00:00:00,22,2026,2026
1,VELD_INTERM,TRHU43203411475409,6AIBK315A,1108,MENSAL,380983.68,26588.5,298,ALIANÇA,Cabotagem,PA/ PA,2026-05-28 00:00:00,NOVA GESTÃO,Manaus AM,Carazinho,RS,EXTRAPLAST F2,2026-05-28 00:00:00,09:00:00,2026-05-28 00:00:00,08:39:00,12:02:00,PERFORMANCE,DENTRO DO HR,03:23:00,02:00:00,NÃO PERF.,TRHU4320341,1475409,2026-05-30 00:00:00,ENT. REALIZADA ,2026-06-23 00:00:00,2026-07-01 00:00:00,ENT. REALIZADA ,2,24,8,34,30.0,NÃO PERF.,,539569,12367.82,380.98,2150.0,395.0,2085.52,,17379.32,0.04561696710998225,,,,,41.502751677852345,0.6536404836677511,-46170.0,maio,maio,,0.0,17379.32,0.04561696710998225,58.31986577181208,0.6536404836677511,2026-06-23 00:00:00,2026-07-01 00:00:00,00:00:00,22,2026,2026
1,VELD_INTERM,TCNU13454301475541,6AIBK315A,1110,MENSAL,368490.02,27104.5,152,ALIANÇA,Cabotagem,PA/ PA,2026-05-28 00:00:00,NOVA GESTÃO,Manaus AM,Carazinho,RS,EXTRAPLAST F2,2026-05-28 00:00:00,13:00:00,2026-05-28 00:00:00,13:00:00,16:10:00,PERFORMANCE,DENTRO DO HR,03:10:00,02:00:00,NÃO PERF.,TCNU1345430,1475541,2026-05-30 00:00:00,ENT. REALIZADA ,2026-06-23 00:00:00,2026-07-02 00:00:00,ENT. REALIZADA ,2,24,9,35,30.0,NÃO PERF.,,539568,12367.82,368.49,2083.82,395.0,2150.0,,17365.129999999997,0.04712510260115049,,,,,81.36723684210526,0.640673319928425,-46170.0,maio,maio,,0.0,17365.129999999997,0.04712510260115049,114.24427631578946,0.640673319928425,2026-06-23 00:00:00,2026-07-02 00:00:00,00:00:00,22,2026,2026
1,VELD_INTERM,MRKU50808041470913,6AMAK3594,1113,MENSAL,352197.56,27352.5,409,ALIANÇA,Cabotagem,PA/ PA,2026-05-29 00:00:00,NOVA GESTÃO,Manaus AM,Carazinho,RS,EXTRAPLAST F2,2026-05-29 00:00:00,09:00:00,2026-05-29 00:00:00,07:43:00,12:12:00,PERFORMANCE,DENTRO DO HR,04:29:00,02:00:00,NÃO PERF.,MRKU5080804,1470913,2026-06-06 00:00:00,ENT. REALIZADA ,2026-06-29 00:00:00,2026-07-03 00:00:00,ENT. REALIZADA ,8,23,4,35,30.0,NÃO PERF.,,540326,17828.19,352.2,2204.0,395.0,2833.55,163.64,23776.579999999998,0.0675092127270842,Estadia no destino,,,,43.589706601466986,0.8692653322365413,-46171.0,maio,maio,,0.0,23776.579999999998,0.0675092127270842,58.13344743276283,0.8692653322365413,2026-06-29 00:00:00,2026-07-03 00:00:00,00:00:00,22,2026,2026
1,VELD_INTERM,MRSU30230061470918,6AMAK3594,1114,MENSAL,396568.32,27641.5,265,ALIANÇA,Cabotagem,PA/ PA,2026-05-29 00:00:00,NOVA GESTÃO,Manaus AM,Carazinho,RS,EXTRAPLAST F2,2026-05-29 00:00:00,10:00:00,2026-05-29 00:00:00,08:43:00,13:25:00,PERFORMANCE,DENTRO DO HR,04:42:00,02:00:00,NÃO PERF.,MRSU3023006,1470918,2026-06-06 00:00:00,ENT. REALIZADA ,2026-06-29 00:00:00,2026-07-03 00:00:00,ENT. REALIZADA ,8,23,4,35,30.0,NÃO PERF.,,540328,17828.19,396.57,2204.0,395.0,2839.6,,23663.359999999997,0.059670323640577234,,,,,67.27618867924528,0.8560808928603729,-46171.0,maio,maio,,0.0,23663.359999999997,0.059670323640577234,89.29569811320754,0.8560808928603729,2026-06-29 00:00:00,2026-07-03 00:00:00,00:00:00,22,2026,2026
1,VELD_FINAL,TEMU78536071470928,6AMAK3594,225,MENSAL,429300.0,23764.5,810,ALIANÇA,Cabotagem,PA/ PA,2026-05-29 00:00:00,NOVA GESTÃO,Manaus AM,Carazinho,RS,EXTRAPLAST F2,2026-05-29 00:00:00,13:00:00,2026-05-29 00:00:00,07:00:00,11:50:00,PERFORMANCE,DENTRO DO HR,04:50:00,02:00:00,NÃO PERF.,TEMU7853607,1470928,2026-06-06 00:00:00,ENT. REALIZADA ,2026-06-29 00:00:00,2026-07-06 00:00:00,ENT. REALIZADA ,8,23,7,38,30.0,NÃO PERF.,,540329,17828.19,429.3,2204.0,395.0,2844.07,,23700.559999999998,0.05520745399487537,,,,,22.010111111111108,0.9973094321361694,-46171.0,maio,maio,,0.0,23700.559999999998,0.05520745399487537,29.25995061728395,0.9973094321361694,2026-06-29 00:00:00,2026-07-06 00:00:00,00:00:00,22,2026,2026
1,VELD_INTERM,MRKU20773921475669,6AMAK3594,1115,MENSAL,369248.08,26849.0,162,ALIANÇA,Cabotagem,PA/ PA,2026-05-30 00:00:00,NOVA GESTÃO,Manaus AM,Carazinho,RS,EXTRAPLAST F2,2026-05-30 00:00:00,14:00:00,2026-05-30 00:00:00,07:52:00,11:58:00,PERFORMANCE,DENTRO DO HR,04:06:00,02:00:00,NÃO PERF.,MRKU2077392,1475669,2026-06-06 00:00:00,ENT. REALIZADA ,2026-06-29 00:00:00,2026-07-07 00:00:00,ENT. REALIZADA ,7,23,8,38,30.0,NÃO PERF.,,540322,17828.19,369.25,2204.0,395.0,2835.88,163.64,23795.96,0.06444437029977244,Estadia no destino,,,,110.05055555555555,0.8862885023650787,-46172.0,maio,maio,,0.0,23795.96,0.06444437029977244,146.88864197530864,0.8862885023650787,2026-06-29 00:00:00,2026-07-07 00:00:00,00:00:00,22,2026,2026
1,VELD_INTERM,MRKU31313801475667,6AMAK3594,1118,MENSAL,390918.42,26462.0,183,ALIANÇA,Cabotagem,PA/ PA,2026-05-30 00:00:00,NOVA GESTÃO,Manaus AM,Carazinho,RS,EXTRAPLAST F2,2026-05-30 00:00:00,10:00:00,2026-05-30 00:00:00,08:31:00,12:37:00,PERFORMANCE,DENTRO DO HR,04:06:00,02:00:00,NÃO PERF.,MRKU3131380,1475667,2026-06-06 00:00:00,ENT. REALIZADA ,2026-06-29 00:00:00,2026-07-07 00:00:00,ENT. REALIZADA ,7,23,8,38,30.0,NÃO PERF.,,540323,17828.19,390.92,2204.0,395.0,2838.83,2618.18,26275.119999999995,0.06721381919020342,Estadia no destino,,,,97.42180327868851,0.9929377975965533,-46172.0,maio,maio,,0.0,26275.119999999995,0.06721381919020342,143.5798907103825,0.9929377975965533,2026-06-29 00:00:00,2026-07-07 00:00:00,00:00:00,22,2026,2026
1,VELD_INTERM,MRKU43130751475701,6AIBK337W,1125,MENSAL,354682.78,24353.0,429,ALIANÇA,Cabotagem,PA/ PA,2026-06-02 00:00:00,NOVA GESTÃO,Manaus AM,Carazinho,RS,EXTRAPLAST F2,2026-06-02 00:00:00,10:00:00,2026-06-02 00:00:00,10:00:00,13:39:00,PERFORMANCE,DENTRO DO HR,03:39:00,02:00:00,NÃO PERF.,MRKU4313075,1475701,2026-06-06 00:00:00,ENT. REALIZADA ,2026-06-29 00:00:00,2026-07-08 00:00:00,ENT. REALIZADA ,4,23,9,36,30.0,NÃO PERF.,,540307,12367.82,354.68,2204.0,395.0,2089.3,531.8199999999999,17942.62,0.050587795663494,"Estadia no destino + 204,55 na Origem",,,,28.829417249417247,0.7367724715640783,-46175.0,junho,junho,,0.0,17942.62,0.050587795663494,41.82428904428904,0.7367724715640783,2026-06-29 00:00:00,2026-07-08 00:00:00,00:00:00,23,2026,2026
1,VELD_INTERM,MRKU45455801475681,6AIBK337W,1126,MENSAL,389195.8,25656.5,240,ALIANÇA,Cabotagem,PA/ PA,2026-06-02 00:00:00,NOVA GESTÃO,Manaus AM,Carazinho,RS,EXTRAPLAST F2,2026-06-02 00:00:00,14:00:00,2026-06-02 00:00:00,12:04:00,16:00:00,PERFORMANCE,DENTRO DO HR,03:56:00,02:00:00,NÃO PERF.,MRKU4545580,1475681,2026-06-06 00:00:00,ENT. REALIZADA ,2026-06-29 00:00:00,2026-07-09 00:00:00,ENT. REALIZADA ,4,23,10,37,30.0,NÃO PERF.,,540309,12367.82,389.2,2204.0,395.0,2094.0,,17450.02,0.04483609535354698,,,,,51.532583333333335,0.6801403153197045,-46175.0,junho,junho,,0.0,17450.02,0.04483609535354698,72.70841666666666,0.6801403153197045,2026-06-29 00:00:00,2026-07-09 00:00:00,00:00:00,23,2026,2026
1,VELD_FINAL,B9-119735498948,2667,231,MENSAL,333900.0,17614.8,630,BERTOLINI,Rodoviário,PA/ PA,2026-06-05 00:00:00,NOVA GESTÃO,Manaus AM,Carazinho,RS,EXTRAPLAST F2,2026-06-04 00:00:00,10:00:00,2026-06-04 00:00:00,10:00:00,13:00:00,PERFORMANCE,DENTRO DO HR,03:00:00,04:00:00,PERFORMANCE,B9-119735,498948,2026-06-06 00:00:00,ENT. REALIZADA ,2026-06-29 00:00:00,2026-07-01 00:00:00,ENT. REALIZADA ,2,23,2,27,20.0,NÃO PERF.,,119735,26297.81,1706.44,,969.14,3951.05,,32924.44,0.09860569032644505,,,,,41.742555555555555,1.8691350455298956,-46177.0,junho,junho,,0.0,32924.44,0.09860569032644505,52.26101587301588,1.8691350455298956,2026-06-29 00:00:00,2026-07-01 00:00:00,00:00:00,23,2026,2026
1,VELD_FINAL,B9-119637498948,2668,230,MENSAL,477000.0,26506.5,900,BERTOLINI,Rodoviário,PA/ PA,2026-06-05 00:00:00,NOVA GESTÃO,Manaus AM,Carazinho,RS,EXTRAPLAST F2,2026-06-04 00:00:00,10:00:00,2026-06-04 00:00:00,10:00:00,13:00:00,PERFORMANCE,DENTRO DO HR,03:00:00,04:00:00,PERFORMANCE,B9-119637,498948,2026-06-06 00:00:00,ENT. REALIZADA ,2026-06-29 00:00:00,2026-07-01 00:00:00,ENT. REALIZADA ,2,23,2,27,20.0,NÃO PERF.,,119637,27814.06,2439.21,,969.14,4257.6,,35480.01,0.07438157232704402,,,,,30.904511111111113,1.3385399807594365,-46177.0,junho,junho,,0.0,35480.01,0.07438157232704402,39.42223333333334,1.3385399807594365,2026-06-29 00:00:00,2026-07-01 00:00:00,00:00:00,23,2026,2026
0,VELD_INTERM,MRKU63071061474856,6AIBK351M,1133,MENSAL,7820.0,722.0,4,ALIANÇA,Cabotagem,PA/ PA,2026-06-05 00:00:00,NOVA GESTÃO,Manaus AM,Carazinho,RS,EXTRAPLAST F2,2026-06-05 00:00:00,14:00:00,2026-06-05 00:00:00,11:31:00,17:43:00,PERFORMANCE,DENTRO DO HR,06:12:00,02:00:00,NÃO PERF.,MRKU6307106,1474856,2026-06-13 00:00:00,ENT. REALIZADA ,2026-07-06 00:00:00,2026-07-10 00:00:00,ENT. REALIZADA ,8,23,4,35,30.0,NÃO PERF.,,540820,17828.19,401.76,2204.0,395.0,2840.31,,23669.26,3.026759590792839,,,,,4457.0475,32.782908587257616,-46178.0,junho,junho,,0.0,23669.26,3.026759590792839,5917.315,32.782908587257616,2026-07-06 00:00:00,2026-07-10 00:00:00,00:00:00,23,2026,2026
1,VELD_INTERM,MRKU63071061474856,6AIBK351M,1132,MENSAL,380007.8,25425.5,156,ALIANÇA,Cabotagem,PA/ PA,2026-06-05 00:00:00,NOVA GESTÃO,Manaus AM,Carazinho,RS,EXTRAPLAST F2,2026-06-05 00:00:00,14:00:00,2026-06-05 00:00:00,11:31:00,17:43:00,PERFORMANCE,DENTRO DO HR,06:12:00,02:00:00,NÃO PERF.,MRKU6307106,1474856,2026-06-13 00:00:00,ENT. REALIZADA ,2026-07-06 00:00:00,2026-07-10 00:00:00,ENT. REALIZADA ,8,23,4,35,30.0,NÃO PERF.,,540820,,,,,,,0.0,0.0,,,,,0,0.0,-46178.0,junho,junho,,0.0,0.0,0.0,0.0,0.0,2026-07-06 00:00:00,2026-07-10 00:00:00,00:00:00,23,2026,2026
0,VELD_INTERM,MRKU63071061474856,6AIBK351M,1131,MENSAL,13928.6,952.0,14,ALIANÇA,Cabotagem,PA/ PA,2026-06-05 00:00:00,NOVA GESTÃO,Manaus AM,Carazinho,RS,EXTRAPLAST F2,2026-06-05 00:00:00,14:00:00,2026-06-05 00:00:00,11:31:00,17:43:00,PERFORMANCE,DENTRO DO HR,06:12:00,02:00:00,NÃO PERF.,MRKU6307106,1474856,2026-06-13 00:00:00,ENT. REALIZADA ,2026-07-06 00:00:00,2026-07-10 00:00:00,ENT. REALIZADA ,8,23,4,35,30.0,NÃO PERF.,,540820,,,,,,,0.0,0.0,,,,,0,0.0,-46178.0,junho,junho,,0.0,0.0,0.0,0.0,0.0,2026-07-06 00:00:00,2026-07-10 00:00:00,00:00:00,23,2026,2026
1,VELD_INTERM,MRSU49410481465095,6AIBK351M,1134,MENSAL,356260.52,25592.0,434,ALIANÇA,Cabotagem,PA/ PA,2026-06-08 00:00:00,NOVA GESTÃO,Manaus AM,Carazinho,RS,EXTRAPLAST F2,2026-06-05 00:00:00,14:00:00,2026-06-05 00:00:00,13:56:00,15:13:00,PERFORMANCE,DENTRO DO HR,01:17:00,02:00:00,PERFORMANCE,MRSU4941048,1465095,2026-06-14 00:00:00,ENT. REALIZADA ,2026-07-06 00:00:00,2026-07-10 00:00:00,ENT. REALIZADA ,9,22,4,35,30.0,NÃO PERF.,,541207,17828.19,356.26,2204.0,395.0,2834.11,,23617.559999999998,0.0662929476440443,,,,,41.07877880184331,0.9228493279149733,-46178.0,junho,junho,,0.0,23617.559999999998,0.0662929476440443,54.41834101382488,0.9228493279149733,2026-07-06 00:00:00,2026-07-10 00:00:00,00:00:00,23,2026,2026
0,VELD_FINAL,MRKU57128191474216,6AIBK351M,236,MENSAL,286200.0,15098.4,540,ALIANÇA,Cabotagem,PA/ PA,2026-06-09 00:00:00,NOVA GESTÃO,Manaus AM,Carazinho,RS,EXTRAPLAST F2,2026-06-06 00:00:00,08:00:00,2026-06-09 00:00:00,00:00:00,14:45:00,NÃO PERF,DENTRO DO HR,14:45:00,02:00:00,NÃO PERF.,MRKU5712819,1474216,2026-06-14 00:00:00,ENT. REALIZADA ,2026-07-06 00:00:00,2026-07-13 00:00:00,ENT. REALIZADA ,5,22,7,34,30.0,NÃO PERF.,,541167,9700.64,286.2,1199.24,214.93,1554.68,,12955.69,0.045267959468902864,FRETE FRUSTADO,,,,17.964148148148148,0.8580836380013777,-46182.0,junho,junho,,0.0,12955.69,0.045267959468902864,23.99201851851852,0.8580836380013777,2026-07-06 00:00:00,2026-07-13 00:00:00,00:00:00,24,2026,2026
1,VELD_INTERM,MRKU57128191474216,6AIBK351M,1145,MENSAL,141638.95,12650.0,168,ALIANÇA,Cabotagem,PA/ PA,2026-06-09 00:00:00,NOVA GESTÃO,Manaus AM,Carazinho,RS,EXTRAPLAST F2,2026-06-06 00:00:00,08:00:00,2026-06-09 00:00:00,00:00:00,14:45:00,NÃO PERF,DENTRO DO HR,14:45:00,02:00:00,NÃO PERF.,MRKU5712819,1474216,2026-06-14 00:00:00,ENT. REALIZADA ,2026-07-06 00:00:00,2026-07-13 00:00:00,ENT. REALIZADA ,5,22,7,34,30.0,NÃO PERF.,,541168,8127.55,141.64,1004.76,180.07,1289.19,952.0,11695.210000000001,0.0825705782201859,PERNADA FRUSTADO ORIGEM,,,,48.37827380952381,0.9245225296442688,-46182.0,junho,junho,,0.0,11695.210000000001,0.0825705782201859,69.61434523809524,0.9245225296442688,2026-07-06 00:00:00,2026-07-13 00:00:00,00:00:00,24,2026,2026
1,VELD_INTERM,MRSU497154612465187,6AIBK359Q,1144,MENSAL,362404.8,25734.0,288,ALIANÇA,Cabotagem,PA/ PA,2026-06-09 00:00:00,NOVA GESTÃO,Manaus AM,Carazinho,RS,EXTRAPLAST F2,2026-06-09 00:00:00,08:00:00,2026-06-09 00:00:00,07:03:00,11:51:00,PERFORMANCE,DENTRO DO HR,04:48:00,02:00:00,NÃO PERF.,MRSU4971546,12465187,2026-06-14 00:00:00,ENT. REALIZADA ,2026-07-06 00:00:00,2026-07-14 00:00:00,ENT. REALIZADA ,5,22,8,35,30.0,NÃO PERF.,,540818,17828.19,362.4,2204.0,395.0,2834.94,204.55,23829.079999999998,0.06575266111265635,Estadia Origem,,,,61.903437499999995,0.9259765291054635,-46182.0,junho,junho,,0.0,23829.079999999998,0.06575266111265635,82.73986111111111,0.9259765291054635,2026-07-06 00:00:00,2026-07-14 00:00:00,00:00:00,24,2026,2026
1,VELD_FINAL,MRKU53912991465183,6AIBK359Q,237,MENSAL,429300.0,22164.5,810,ALIANÇA,Cabotagem,PA/ PA,2026-06-10 00:00:00,NOVA GESTÃO,Manaus AM,Carazinho,RS,EXTRAPLAST F2,2026-06-09 00:00:00,09:00:00,2026-06-11 00:00:00,00:00:00,12:00:00,NÃO PERF,DENTRO DO HR,12:00:00,02:00:00,NÃO PERF.,MRKU5391299,1465183,2026-06-14 00:00:00,ENT. REALIZADA ,2026-07-06 00:00:00,2026-07-15 00:00:00,ENT. REALIZADA ,3,22,9,34,30.0,NÃO PERF.,,541172,17828.19,429.3,2204.0,395.0,2844.07,327.27,24027.829999999998,0.055969788027020725,Estadia no destino,,,,22.010111111111108,1.0840682171941618,-46184.0,junho,junho,,0.0,24027.829999999998,0.055969788027020725,29.663987654320984,1.0840682171941618,2026-07-06 00:00:00,2026-07-15 00:00:00,00:00:00,24,2026,2026
1,VELD_INTERM,TEMU81236501465110,6AIBK383R,1148,MENSAL,320288.75,22098.5,459,ALIANÇA,Cabotagem,PA/ PA,2026-06-11 00:00:00,NOVA GESTÃO,Manaus AM,Carazinho,RS,EXTRAPLAST F2,2026-06-11 00:00:00,09:00:00,2026-06-11 00:00:00,09:00:00,12:49:00,PERFORMANCE,DENTRO DO HR,03:49:00,02:00:00,NÃO PERF.,TEMU8123650,1465110,2026-06-14 00:00:00,ENT. REALIZADA ,2026-07-06 00:00:00,2026-07-16 00:00:00,ENT. REALIZADA ,3,22,10,35,30.0,NÃO PERF.,,541295,16005.6,320.29,1978.68,354.62,2544.44,,21203.629999999997,0.06620160714355405,,,,,34.87058823529412,0.959505396293866,-46184.0,junho,junho,,0.0,21203.629999999997,0.06620160714355405,46.195272331154676,0.959505396293866,2026-07-06 00:00:00,2026-07-16 00:00:00,00:00:00,24,2026,2026
0,VELD_FINAL,TEMU81236501465110,6AIBK383R,238,MENSAL,47700.0,2516.4,90,ALIANÇA,Cabotagem,PA/ PA,2026-06-11 00:00:00,NOVA GESTÃO,Manaus AM,Carazinho,RS,EXTRAPLAST F2,2026-06-11 00:00:00,09:00:00,2026-06-11 00:00:00,09:00:00,12:49:00,PERFORMANCE,DENTRO DO HR,03:49:00,02:00:00,NÃO PERF.,TEMU8123650,1465110,2026-06-14 00:00:00,ENT. REALIZADA ,2026-07-06 00:00:00,2026-07-16 00:00:00,ENT. REALIZADA ,3,22,10,35,30.0,NÃO PERF.,,541294,1822.59,47.7,225.32,40.38,291.27,,2427.26,0.05088595387840671,,,,,20.250999999999998,0.9645763789540615,-46184.0,junho,junho,,0.0,2427.26,0.05088595387840671,26.96955555555556,0.9645763789540615,2026-07-06 00:00:00,2026-07-16 00:00:00,00:00:00,24,2026,2026
1,VELD_INTERM,MRKU55873211473478,6AIBK376O,1150,MENSAL,333543.86,22504.5,245,ALIANÇA,Cabotagem,PA/ PA,2026-06-12 00:00:00,NOVA GESTÃO,Manaus AM,Carazinho,RS,EXTRAPLAST F2,2026-06-12 00:00:00,10:00:00,2026-06-12 00:00:00,08:39:00,12:55:00,PERFORMANCE,DENTRO DO HR,04:16:00,02:00:00,NÃO PERF.,MRKU5587321,1473478,2026-06-21 00:00:00,ENT. REALIZADA ,2026-07-13 00:00:00,2026-07-20 00:00:00,ENT. REALIZADA ,9,22,7,38,30.0,NÃO PERF.,,541308,15221.95,333.54,1881.8,337.26,2423.8,327.27,20525.62,0.061537993833854415,Estadia no destino,,,,62.13040816326531,0.9120673643049168,-46185.0,junho,junho,,0.0,20525.62,0.061537993833854415,83.77804081632652,0.9120673643049168,2026-07-13 00:00:00,2026-07-20 00:00:00,00:00:00,24,2026,2026
0,VELD_FINAL,MRKU55873211473478,6AIBK376O,239,MENSAL,80040.0,3853.13,75,ALIANÇA,Cabotagem,PA/ PA,2026-06-12 00:00:00,NOVA GESTÃO,Manaus AM,Carazinho,RS,EXTRAPLAST F2,2026-06-12 00:00:00,10:00:00,2026-06-12 00:00:00,08:39:00,12:55:00,PERFORMANCE,DENTRO DO HR,04:16:00,02:00:00,NÃO PERF.,MRKU5587321,1473478,2026-06-21 00:00:00,ENT. REALIZADA ,2026-07-13 00:00:00,2026-07-20 00:00:00,ENT. REALIZADA ,9,22,7,38,30.0,NÃO PERF.,,541307,2606.24,80.04,322.2,57.74,418.12,,3484.3399999999992,0.04353248375812093,,,,,34.74986666666666,0.904288202059105,-46185.0,junho,junho,,0.0,3484.3399999999992,0.04353248375812093,46.45786666666665,0.904288202059105,2026-07-13 00:00:00,2026-07-20 00:00:00,00:00:00,24,2026,2026
1,VELD_INTERM,MRKU56272811473537,6AIBK376O,1152,MENSAL,387741.12,26222.5,208,ALIANÇA,Cabotagem,PA/ PA,2026-06-15 00:00:00,NOVA GESTÃO,Manaus AM,Carazinho,RS,EXTRAPLAST F2,2026-06-12 00:00:00,14:11:00,2026-06-15 00:00:00,00:00:00,14:09:00,NÃO PERF,DENTRO DO HR,14:09:00,02:00:00,NÃO PERF.,MRKU5627281,1473537,2026-06-21 00:00:00,ENT. REALIZADA ,2026-07-13 00:00:00,2026-07-22 00:00:00,ENT. REALIZADA ,6,22,9,37,30.0,NÃO PERF.,,541918,17828.19,387.74,2204.0,395.0,2838.4,,23653.33,0.06100289285799763,,,,,85.71245192307691,0.9020242158451712,-46188.0,junho,junho,,0.0,23653.33,0.06100289285799763,113.7179326923077,0.9020242158451712,2026-07-13 00:00:00,2026-07-22 00:00:00,00:00:00,25,2026,2026
0,VELD_INTERM,MRKU63071061474856,6AIBK351M,1156,MENSAL,9878.4,614.56,2,ALIANÇA,Cabotagem,PA/ PA,2026-06-15 00:00:00,NOVA GESTÃO,Manaus AM,Carazinho,RS,EXTRAPLAST F2,2026-06-05 00:00:00,14:00:00,2026-06-05 00:00:00,11:31:00,17:43:00,PERFORMANCE,DENTRO DO HR,06:12:00,02:00:00,NÃO PERF.,MRKU6307106,1474856,2026-06-13 00:00:00,ENT. REALIZADA ,2026-07-06 00:00:00,2026-07-10 00:00:00,ENT. REALIZADA ,8,23,4,35,30.0,NÃO PERF.,,540820,,,,,,,0.0,0.0,,,,,0,0.0,-46178.0,junho,junho,,0.0,0.0,0.0,0.0,0.0,2026-07-06 00:00:00,2026-07-10 00:00:00,00:00:00,23,2026,2026
1,VELD_INTERM,MRKU44522081464022,6AMAK3926,1159,MENSAL,288950.04,23149.05,342,ALIANÇA,Cabotagem,PA/ PA,2026-06-16 00:00:00,NOVA GESTÃO,Manaus AM,Carazinho,RS,EXTRAPLAST F2,2026-06-16 00:00:00,08:00:00,2026-06-16 00:00:00,07:31:00,11:27:00,PERFORMANCE,DENTRO DO HR,03:56:00,02:00:00,NÃO PERF.,MRKU4452208,1464022,2026-06-21 00:00:00,ENT. REALIZADA ,2026-07-13 00:00:00,2026-07-17 00:00:00,ENT. REALIZADA ,5,22,4,31,30.0,NÃO PERF.,,541947,11866.48,288.95,1466.99,262.91,1893.45,490.91,16269.69,0.05630623896089442,Estadia no destino,,,,34.697309941520466,0.7028232260071148,-46189.0,junho,junho,,0.0,16269.69,0.05630623896089442,47.572192982456144,0.7028232260071148,2026-07-13 00:00:00,2026-07-17 00:00:00,00:00:00,25,2026,2026
0,VELD_FINAL,MRKU44522081464022,6AMAK3926,241,MENSAL,41929.25,3211.5,50,ALIANÇA,Cabotagem,PA/ PA,2026-06-16 00:00:00,NOVA GESTÃO,Manaus AM,Carazinho,RS,EXTRAPLAST F2,2026-06-16 00:00:00,08:00:00,2026-06-16 00:00:00,07:31:00,11:27:00,PERFORMANCE,DENTRO DO HR,03:56:00,02:00:00,NÃO PERF.,MRKU4452208,1464022,2026-06-21 00:00:00,ENT. REALIZADA ,2026-07-13 00:00:00,2026-07-17 00:00:00,ENT. REALIZADA ,5,22,4,31,30.0,NÃO PERF.,,541946,5961.7,41.93,737.01,132.09,937.19,,7809.92,0.1862642427422384,,,,,119.234,2.431860501323369,-46189.0,junho,junho,,0.0,7809.92,0.1862642427422384,156.1984,2.431860501323369,2026-07-13 00:00:00,2026-07-17 00:00:00,00:00:00,25,2026,2026
0,VELD_FINAL,MRKU27899931468145,6AIBK390L,243,MENSAL,143100.0,7836.5,270,ALIANÇA,Cabotagem,PA/ PA,2026-06-16 00:00:00,NOVA GESTÃO,Manaus AM,Carazinho,RS,EXTRAPLAST F2,2026-06-16 00:00:00,10:00:00,2026-06-16 00:00:00,08:14:00,14:51:00,PERFORMANCE,DENTRO DO HR,06:37:00,02:00:00,NÃO PERF.,MRKU2789993,1468145,2026-06-21 00:00:00,ENT. REALIZADA ,2026-07-13 00:00:00,2026-07-17 00:00:00,ENT. REALIZADA ,5,22,4,31,30.0,NÃO PERF.,,541921,5244.98,143.1,648.41,116.21,839.0,,6991.7,0.04885883997204752,,,,,19.42585185185185,0.892196771517897,-46189.0,junho,junho,,0.0,6991.7,0.04885883997204752,25.895185185185184,0.892196771517897,2026-07-13 00:00:00,2026-07-17 00:00:00,00:00:00,25,2026,2026
1,VELD_INTERM,MRKU27899931468145,6AIBK390L,1163,MENSAL,246869.18,18800.5,192,ALIANÇA,Cabotagem,PA/ PA,2026-06-16 00:00:00,NOVA GESTÃO,Manaus AM,Carazinho,RS,EXTRAPLAST F2,2026-06-16 00:00:00,10:00:00,2026-06-16 00:00:00,08:14:00,14:51:00,PERFORMANCE,DENTRO DO HR,06:37:00,02:00:00,NÃO PERF.,MRKU2789993,1468145,2026-06-21 00:00:00,ENT. REALIZADA ,2026-07-13 00:00:00,2026-07-17 00:00:00,ENT. REALIZADA ,5,22,4,31,30.0,NÃO PERF.,,541920,12583.21,246.87,1555.59,278.79,1999.7,,16664.16,0.0675019862746739,,,,,65.53755208333332,0.8863679157469216,-46189.0,junho,junho,,0.0,16664.16,0.0675019862746739,86.7925,0.8863679157469216,2026-07-13 00:00:00,2026-07-17 00:00:00,00:00:00,25,2026,2026
1,VELD_FINAL,B070494459,2669,242,MENSAL,333900.0,18849.0,630,BERTOLINI,Rodoviário,PA/ PA,2026-06-16 00:00:00,NOVA GESTÃO,Manaus AM,Carazinho,RS,EXTRAPLAST F2,2026-06-12 00:00:00,15:00:00,2026-06-16 00:00:00,00:00:00,17:30:00,NÃO PERF,DENTRO DO HR,17:30:00,04:00:00,NÃO PERF.,B070,494459,2026-06-18 00:00:00,ENT. REALIZADA ,2026-07-06 00:00:00,2026-07-06 00:00:00,ENT. REALIZADA ,2,18,0,20,20.0,PERFORMANCE,,120261,26297.81,1707.44,,969.14,3951.05,,32925.44,0.09860868523510033,,,,,41.742555555555555,1.7468003607618443,-46189.0,junho,junho,,0.0,32925.44,0.09860868523510033,52.26260317460318,1.7468003607618443,2026-07-06 00:00:00,2026-07-06 00:00:00,00:00:00,25,2026,2026
0,VELD_FINAL,BO43494460,2670,244,MENSAL,282900.0,15877.5,650,BERTOLINI,Rodoviário,PA/ PA,2026-06-16 00:00:00,NOVA GESTÃO,Manaus AM,Carazinho,RS,EXTRAPLAST F2,2026-06-12 00:00:00,15:00:00,2026-06-16 00:00:00,00:00:00,17:30:00,NÃO PERF,DENTRO DO HR,17:30:00,04:00:00,NÃO PERF.,BO43,494460,2026-06-18 00:00:00,ENT. REALIZADA ,2026-07-06 00:00:00,2026-07-06 00:00:00,ENT. REALIZADA ,2,18,0,20,20.0,PERFORMANCE,,120257,11809.22,1446.65,,515.87,2540.83,4861.0,21173.57,0.07484471544715447,Sobre peso ,,,,18.168030769230768,1.3335581798142024,-46189.0,junho,junho,,0.0,21173.57,0.07484471544715447,32.57472307692308,1.3335581798142024,2026-07-06 00:00:00,2026-07-06 00:00:00,00:00:00,25,2026,2026
1,VELD_INTERM,BO43494460,2670,1165,MENSAL,186796.8,13950.5,80,BERTOLINI,Rodoviário,PA/ PA,2026-06-16 00:00:00,NOVA GESTÃO,Manaus AM,Carazinho,RS,EXTRAPLAST F2,2026-06-12 00:00:00,15:00:00,2026-06-16 00:00:00,00:00:00,17:30:00,NÃO PERF,DENTRO DO HR,17:30:00,04:00:00,NÃO PERF.,BO43,494460,2026-06-18 00:00:00,ENT. REALIZADA ,2026-07-06 00:00:00,2026-07-06 00:00:00,ENT. REALIZADA ,2,18,0,20,20.0,PERFORMANCE,,120258,14684.92,955.21,,453.26,2194.55,,18287.940000000002,0.09790285486689282,Sobre peso ,,,,183.5615,1.310916454607362,-46189.0,junho,junho,,0.0,18287.940000000002,0.09790285486689282,228.59925000000004,1.310916454607362,2026-07-06 00:00:00,2026-07-06 00:00:00,00:00:00,25,2026,2026
1,VELD_FINAL,BEAU63430721464145,6AMAK3926,245,MENSAL,166950.0,10000.0,315,ALIANÇA,Cabotagem,PA/ PA,2026-06-16 00:00:00,NOVA GESTÃO,Manaus AM,Carazinho,RS,EXTRAPLAST F2,2026-06-16 00:00:00,15:00:00,2026-06-16 00:00:00,13:36:00,21:22:00,PERFORMANCE,DENTRO DO HR,07:46:00,02:00:00,NÃO PERF.,BEAU6343072,1464145,2026-06-21 00:00:00,ENT. REALIZADA ,2026-07-13 00:00:00,2026-07-21 00:00:00,ENT. REALIZADA ,5,22,8,35,30.0,NÃO PERF.,,541914,17828.19,210.45,2204.0,395.0,2814.22,,23451.86,0.14047235699311172,,,,,56.597428571428566,2.345186,-46189.0,junho,junho,,0.0,23451.86,0.14047235699311172,74.4503492063492,2.345186,2026-07-13 00:00:00,2026-07-21 00:00:00,00:00:00,25,2026,2026
0,VELD_INTERM,BEAU63430721464145,6AMAK3926,1166,MENSAL,210450.58,16562.5,142,ALIANÇA,Cabotagem,PA/ PA,2026-06-16 00:00:00,NOVA GESTÃO,Manaus AM,Carazinho,RS,EXTRAPLAST F2,2026-06-16 00:00:00,15:00:00,2026-06-16 00:00:00,13:36:00,21:22:00,PERFORMANCE,DENTRO DO HR,07:46:00,02:00:00,NÃO PERF.,BEAU6343072,1464145,2026-06-21 00:00:00,ENT. REALIZADA ,2026-07-13 00:00:00,2026-07-21 00:00:00,ENT. REALIZADA ,5,22,8,35,30.0,NÃO PERF.,,541914,,,,,,,0.0,0.0,,,,,0,0.0,-46189.0,junho,junho,,0.0,0.0,0.0,0.0,0.0,2026-07-13 00:00:00,2026-07-21 00:00:00,00:00:00,25,2026,2026
1,VELD_INTERM,MSNU84667781867265,LA0500348,1168,MENSAL,398088.94,25250.0,332,LOG-IN,Cabotagem,PA/ PA,2026-06-17 00:00:00,NOVA GESTÃO,Manaus AM,Ribeirão Preto,RS,OKUBO,2026-06-17 00:00:00,14:00:00,2026-06-17 00:00:00,14:00:00,15:30:00,PERFORMANCE,DENTRO DO HR,01:30:00,02:00:00,PERFORMANCE,MSNU8466778,1867265,2026-06-26 00:00:00,ENT. REALIZADA ,2026-07-05 00:00:00,2026-07-13 00:00:00,ENT. REALIZADA ,9,9,8,26,30.0,PERFORMANCE,,98940,16800.0,1353.5,1090.0,1748.0,2862.48,,23853.98,0.059921232677300706,,,,,50.602409638554214,0.9447120792079208,-46190.0,junho,junho,,0.0,23853.98,0.059921232677300706,71.84933734939759,0.9447120792079208,2026-07-05 00:00:00,2026-07-13 00:00:00,00:00:00,25,2026,2026
0,VELD_INTERM,UETU85448671469314,6AIBK404G,1172,MENSAL,21014.64,1594.5,6,ALIANÇA,Cabotagem,PA/ PA,2026-06-18 00:00:00,NOVA GESTÃO,Manaus AM,Carazinho,RS,EXTRAPLAST F2,2026-06-18 00:00:00,15:00:00,2026-06-18 00:00:00,12:49:00,18:05:00,PERFORMANCE,DENTRO DO HR,05:16:00,02:00:00,NÃO PERF.,UETU8544867,1469314,2026-06-27 00:00:00,ENT. REALIZADA ,2026-07-20 00:00:00,2026-07-27 00:00:00,ENT. REALIZADA ,9,23,7,39,30.0,NÃO PERF.,,543008,,,,,,,0.0,0.0,,,,,0,0.0,-46191.0,junho,junho,,0.0,0.0,0.0,0.0,0.0,2026-07-20 00:00:00,2026-07-27 00:00:00,00:00:00,25,2026,2026
1,VELD_INTERM,UETU85448671469314,6AIBK404G,1171,MENSAL,317226.2,24686.5,241,ALIANÇA,Cabotagem,PA/ PA,2026-06-18 00:00:00,NOVA GESTÃO,Manaus AM,Carazinho,RS,EXTRAPLAST F2,2026-06-18 00:00:00,15:00:00,2026-06-18 00:00:00,12:49:00,18:05:00,PERFORMANCE,DENTRO DO HR,05:16:00,02:00:00,NÃO PERF.,UETU8544867,1469314,2026-06-27 00:00:00,ENT. REALIZADA ,2026-07-20 00:00:00,2026-07-27 00:00:00,ENT. REALIZADA ,9,23,7,39,30.0,NÃO PERF.,,543008,17828.19,317.23,2204.0,395.0,2828.78,,23573.199999999997,0.07431038167717545,,,,,73.97589211618256,0.9549024770623619,-46191.0,junho,junho,,0.0,23573.199999999997,0.07431038167717545,97.81410788381741,0.9549024770623619,2026-07-20 00:00:00,2026-07-27 00:00:00,00:00:00,25,2026,2026
0,VELD_FINAL,UETU85448671469314,6AIBK404G,252,MENSAL,13705.2,1110.0,18,ALIANÇA,Cabotagem,PA/ PA,2026-06-18 00:00:00,NOVA GESTÃO,Manaus AM,Carazinho,RS,EXTRAPLAST F2,2026-06-18 00:00:00,15:00:00,2026-06-18 00:00:00,12:49:00,18:05:00,PERFORMANCE,DENTRO DO HR,05:16:00,02:00:00,NÃO PERF.,UETU8544867,1469314,2026-06-27 00:00:00,ENT. REALIZADA ,2026-07-20 00:00:00,2026-07-27 00:00:00,ENT. REALIZADA ,9,23,7,39,30.0,NÃO PERF.,,543008,,,,,,,0.0,0.0,,,,,0,0.0,-46191.0,junho,junho,,0.0,0.0,0.0,0.0,0.0,2026-07-20 00:00:00,2026-07-27 00:00:00,00:00:00,25,2026,2026
1,VELD_INTERM,CAAU76690391469316,6AIBK404G,1170,MENSAL,333680.34,25547.0,343,ALIANÇA,Cabotagem,PA/ PA,2026-06-18 00:00:00,NOVA GESTÃO,Manaus AM,Carazinho,RS,EXTRAPLAST F2,2026-06-18 00:00:00,13:00:00,2026-06-18 00:00:00,12:47:00,17:21:00,PERFORMANCE,DENTRO DO HR,04:34:00,02:00:00,NÃO PERF.,CAAU7669039,1469316,2026-06-27 00:00:00,ENT. REALIZADA ,2026-07-20 00:00:00,2026-07-24 00:00:00,ENT. REALIZADA ,9,23,4,36,30.0,NÃO PERF.,,542845,16852.54,333.68,2083.39,373.38,2678.59,,22321.58,0.06689510086210054,,,,,49.132769679300296,0.8737456452812464,-46191.0,junho,junho,,0.0,22321.58,0.06689510086210054,65.07749271137027,0.8737456452812464,2026-07-20 00:00:00,2026-07-24 00:00:00,00:00:00,25,2026,2026
0,VELD_FINAL,CAAU76690391469316,6AIBK404G,251,MENSAL,19415.7,1479.0,17,ALIANÇA,Cabotagem,PA/ PA,2026-06-18 00:00:00,NOVA GESTÃO,Manaus AM,Carazinho,RS,EXTRAPLAST F2,2026-06-18 00:00:00,13:00:00,2026-06-18 00:00:00,12:47:00,17:21:00,PERFORMANCE,DENTRO DO HR,04:34:00,02:00:00,NÃO PERF.,CAAU7669039,1469316,2026-06-27 00:00:00,ENT. REALIZADA ,2026-07-20 00:00:00,2026-07-24 00:00:00,ENT. REALIZADA ,9,23,4,36,30.0,NÃO PERF.,,542844,975.65,19.42,120.61,21.62,155.09,,1292.3899999999996,0.06656417229355623,,,,,57.391176470588235,0.8738269100743743,-46191.0,junho,junho,,0.0,1292.3899999999996,0.06656417229355623,76.02294117647057,0.8738269100743743,2026-07-20 00:00:00,2026-07-24 00:00:00,00:00:00,25,2026,2026
1,VELD_INTERM,SUDU85917901471278,6AIBK404G,1176,MENSAL,341715.4,26049.5,330,ALIANÇA,Cabotagem,PA/ PA,2026-06-19 00:00:00,NOVA GESTÃO,Manaus AM,Carazinho,RS,EXTRAPLAST F2,2026-06-19 00:00:00,13:00:00,2026-06-19 00:00:00,09:15:00,13:15:00,PERFORMANCE,DENTRO DO HR,04:00:00,02:00:00,NÃO PERF.,SUDU8591790,1471278,2026-06-27 00:00:00,ENT. REALIZADA ,2026-07-20 00:00:00,2026-07-29 00:00:00,ENT. REALIZADA ,8,23,9,40,30.0,NÃO PERF.,,542999,17828.19,341.72,2204.0,395.0,2832.121,,23601.031,0.06906633707465334,,,,,54.024818181818176,0.9060070634753066,-46192.0,junho,junho,,0.0,23601.031,0.06906633707465334,71.51827575757575,0.9060070634753066,2026-07-20 00:00:00,2026-07-29 00:00:00,00:00:00,25,2026,2026
1,VELD_INTERM,MRSU61999091379744,6AIBK404G,1180,MENSAL,414956.08,27487.5,44,ALIANÇA,Cabotagem,PA/ PA,2026-06-22 00:00:00,NOVA GESTÃO,Manaus AM,Carazinho,RS,EXTRAPLAST F2,2026-06-22 00:00:00,10:00:00,2026-06-22 00:00:00,09:20:00,10:20:00,PERFORMANCE,DENTRO DO HR,01:00:00,02:00:00,PERFORMANCE,MRSU6199909,1379744,2026-06-27 00:00:00,ENT. REALIZADA ,2026-07-20 00:00:00,2026-07-27 00:00:00,ENT. REALIZADA ,5,23,7,35,30.0,NÃO PERF.,,542527,17828.19,414.96,2204.0,395.0,2842.11,,23684.26,0.05707654651065722,,,,,405.1861363636363,0.86163747157799,-46195.0,junho,junho,,0.0,23684.26,0.05707654651065722,538.2786363636363,0.86163747157799,2026-07-20 00:00:00,2026-07-27 00:00:00,00:00:00,26,2026,2026
1,VELD_INTERM,BSIU80602981379745,6AIBK404G,1185,MENSAL,386663.62,27184.64,41,ALIANÇA,Cabotagem,PA/ PA,2026-06-22 00:00:00,NOVA GESTÃO,Manaus AM,Carazinho,RS,EXTRAPLAST F2,2026-06-22 00:00:00,14:00:00,2026-06-22 00:00:00,11:18:00,15:08:00,PERFORMANCE,DENTRO DO HR,03:50:00,02:00:00,NÃO PERF.,BSIU8060298,1379745,2026-06-27 00:00:00,ENT. REALIZADA ,2026-07-20 00:00:00,2026-07-28 00:00:00,ENT. REALIZADA ,5,23,8,36,30.0,NÃO PERF.,,542526,17828.19,386.66,2204.0,395.0,2838.25,,23652.1,0.0611697061130292,,,,,434.83390243902437,0.870053824512666,-46195.0,junho,junho,,0.0,23652.1,0.0611697061130292,576.880487804878,0.870053824512666,2026-07-20 00:00:00,2026-07-28 00:00:00,00:00:00,26,2026,2026
1,VELD_INTERM,CAAU89373731470286,6AIBK435A,1199,MENSAL,405525.26,27433.5,43,ALIANÇA,Cabotagem,PA/ PA,2026-06-25 00:00:00,NOVA GESTÃO,Manaus AM,Carazinho,RS,EXTRAPLAST F2,2026-06-26 00:00:00,08:00:00,2026-06-26 00:00:00,08:00:00,09:47:00,PERFORMANCE,DENTRO DO HR,01:47:00,02:00:00,PERFORMANCE,CAAU8937373,1470286,2026-06-27 00:00:00,ENT. REALIZADA ,2026-07-20 00:00:00,2026-07-30 00:00:00,ENT. REALIZADA ,1,23,10,34,30.0,NÃO PERF.,,542867,17828.19,405.53,2204.0,395.0,2840.83,,23673.549999999996,0.058377497865361075,,,,,414.60906976744184,0.8629431169919987,-46199.0,junho,junho,,0.0,23673.549999999996,0.058377497865361075,550.5476744186045,0.8629431169919987,2026-07-20 00:00:00,2026-07-30 00:00:00,00:00:00,26,2026,2026
1,VELD_INTERM,MRSU65684791475350,6AIBK435A,1200,MENSAL,339509.52,23162.5,36,ALIANÇA,Cabotagem,PA/ PA,2026-06-26 00:00:00,NOVA GESTÃO,Manaus AM,Carazinho,RS,EXTRAPLAST F2,2026-06-26 00:00:00,14:00:00,2026-06-26 00:00:00,13:30:00,15:29:00,PERFORMANCE,DENTRO DO HR,01:59:00,02:00:00,PERFORMANCE,MRSU6568479,1475350,2026-06-27 00:00:00,ENT. REALIZADA ,2026-07-20 00:00:00,2026-07-24 00:00:00,ENT. REALIZADA ,1,23,4,28,30.0,PERFORMANCE,,543068,15124.27,339.51,1869.73,395.0,2409.35,,20137.86,0.05931456649580842,,,,,420.11861111111114,0.8694165137614679,-46199.0,junho,junho,,0.0,20137.86,0.05931456649580842,559.385,0.8694165137614679,2026-07-20 00:00:00,2026-07-24 00:00:00,00:00:00,26,2026,2026
0,VELD_FINAL,MRSU65684791475350,6AIBK435A,255,MENSAL,47104.02,4141.0,44,ALIANÇA,Cabotagem,PA/ PA,2026-06-26 00:00:00,NOVA GESTÃO,Manaus AM,Carazinho,RS,EXTRAPLAST F2,2026-06-26 00:00:00,14:00:00,2026-06-26 00:00:00,13:30:00,15:29:00,PERFORMANCE,DENTRO DO HR,01:59:00,02:00:00,PERFORMANCE,MRSU6568479,1475350,2026-06-27 00:00:00,ENT. REALIZADA ,2026-07-20 00:00:00,2026-07-24 00:00:00,ENT. REALIZADA ,1,23,4,28,30.0,PERFORMANCE,,543067,2703.92,47.1,334.27,59.91,428.89,,3574.0899999999997,0.07587653877524678,,,,,61.45272727272727,0.8630982854382998,-46199.0,junho,junho,,0.0,3574.0899999999997,0.07587653877524678,81.22931818181817,0.8630982854382998,2026-07-20 00:00:00,2026-07-24 00:00:00,00:00:00,26,2026,2026
1,VELD_FINAL,B060498299,2671,256,MENSAL,381600.0,21255.5,720,BERTOLINI,Rodoviário,PA/ PA,2026-06-26 00:00:00,NOVA GESTÃO,Manaus AM,Carazinho,RS,EXTRAPLAST F2,2026-06-26 00:00:00,10:00:00,2026-06-26 00:00:00,10:00:00,13:00:00,PERFORMANCE,DENTRO DO HR,03:00:00,04:00:00,PERFORMANCE,B060,498299,2026-06-27 00:00:00,ENT. REALIZADA ,2026-07-10 00:00:00,2026-07-13 00:00:00,ENT. REALIZADA ,1,13,3,17,20.0,PERFORMANCE,,120987,26268.54,1951.36,,969.14,3980.32,,33169.36,0.08692180293501048,,,,,36.48408333333334,1.5605071628519678,-46199.0,junho,junho,,0.0,33169.36,0.08692180293501048,46.068555555555555,1.5605071628519678,2026-07-10 00:00:00,2026-07-13 00:00:00,00:00:00,26,2026,2026
1,VELD_FINAL,B412498299A,2672,257,MENSAL,453150.0,25192.0,855,BERTOLINI,Rodoviário,PA/ PA,2026-06-27 00:00:00,NOVA GESTÃO,Manaus AM,Carazinho,RS,EXTRAPLAST F2,2026-06-27 00:00:00,08:00:00,2026-06-26 00:00:00,08:00:00,10:40:00,PERFORMANCE,DENTRO DO HR,02:40:00,04:00:00,PERFORMANCE,B412,498299A,2026-06-27 00:00:00,ENT. REALIZADA ,2026-07-10 00:00:00,2026-07-13 00:00:00,ENT. REALIZADA ,1,13,3,17,20.0,PERFORMANCE,,121064,26429.06,2317.24,,969.14,4052.11,,33767.55,0.07451737835153924,,,,,30.91118128654971,1.340407669101302,-46199.0,junho,junho,,0.0,33767.55,0.07451737835153924,39.49421052631579,1.340407669101302,2026-07-10 00:00:00,2026-07-13 00:00:00,00:00:00,26,2026,2026
1,VELD_INTERM,TXGU52635431475345,6AMAK4094,1203,MENSAL,414956.08,27453.58,44,ALIANÇA,Cabotagem,PA/ PA,2026-06-27 00:00:00,NOVA GESTÃO,Manaus AM,Carazinho,RS,EXTRAPLAST F2,2026-06-27 00:00:00,10:00:00,2026-06-27 00:00:00,07:55:00,11:15:00,PERFORMANCE,DENTRO DO HR,03:20:00,02:00:00,NÃO PERF.,TXGU5263543,1475345,2026-07-04 00:00:00,ENT. REALIZADA ,2026-07-27 00:00:00,2026-07-31 00:00:00,ENT. REALIZADA ,7,23,4,34,30.0,NÃO PERF.,,543660,17828.19,414.96,2036.0,395.0,2819.2,,23493.35,0.05661647372415895,,,,,405.1861363636363,0.855748139222644,-46200.0,junho,junho,,0.0,23493.35,0.05661647372415895,533.9397727272727,0.855748139222644,2026-07-27 00:00:00,2026-07-31 00:00:00,00:00:00,26,2026,2026
1,VELD_INTERM,MRSU43828231475398,6AMAK4137,1214,MENSAL,414956.08,27401.5,44,ALIANÇA,Cabotagem,PA/ PA,2026-07-01 00:00:00,NOVA GESTÃO,Manaus AM,Carazinho,RS,EXTRAPLAST F2,2026-06-30 00:00:00,09:00:00,2026-07-01 00:00:00,07:56:00,14:57:00,NÃO PERF,DENTRO DO HR,07:01:00,02:00:00,NÃO PERF.,MRSU4382823,1475398,2026-07-04 00:00:00,ENT. REALIZADA ,2026-07-27 00:00:00,2026-08-04 00:00:00,ENT. REALIZADA ,3,23,8,34,30.0,NÃO PERF.,,543762,17828.19,414.96,2036.0,395.0,289.2,,20963.35,0.050519442925140406,,,,,405.1861363636363,0.7650438844588799,-46204.0,julho,julho,,0.0,20963.35,0.050519442925140406,476.43977272727267,0.7650438844588799,2026-07-27 00:00:00,2026-08-04 00:00:00,00:00:00,27,2026,2026
1,VELD_INTERM,FFAU47738031705582,6AMAK4137,1215,MENSAL,413998.8,27329.0,48,ALIANÇA,Cabotagem,PA/ PA,2026-07-01 00:00:00,NOVA GESTÃO,Manaus AM,Carazinho,RS,EXTRAPLAST F2,2026-06-30 00:00:00,11:00:00,2026-07-01 00:00:00,10:08:00,15:13:00,NÃO PERF,DENTRO DO HR,05:05:00,02:00:00,NÃO PERF.,FFAU4773803,1705582,2026-07-04 00:00:00,ENT. REALIZADA ,2026-07-27 00:00:00,2026-07-31 00:00:00,ENT. REALIZADA ,3,23,4,30,30.0,PERFORMANCE,,543733,17828.19,414.0,2036.0,395.0,2819.07,,23492.26,0.05674475384952806,,,,,371.420625,0.8596092063375901,-46204.0,julho,julho,,0.0,23492.26,0.05674475384952806,489.4220833333333,0.8596092063375901,2026-07-27 00:00:00,2026-07-31 00:00:00,00:00:00,27,2026,2026
1,VELD_INTERM,MRSU40110991474313,6AMAK4137,1218,MENSAL,368935.03,24463.5,41,ALIANÇA,Cabotagem,PA/ PA,2026-07-01 00:00:00,NOVA GESTÃO,Manaus AM,Carazinho,RS,EXTRAPLAST F2,2026-06-30 00:00:00,14:00:00,2026-07-01 00:00:00,12:55:00,15:00:00,NÃO PERF,DENTRO DO HR,02:05:00,02:00:00,NÃO PERF.,MRSU4011099,1474313,2026-07-04 00:00:00,ENT. REALIZADA ,2026-07-27 00:00:00,2026-08-03 00:00:00,ENT. REALIZADA ,3,23,7,33,30.0,NÃO PERF.,,543761,17828.19,369.94,2036.0,395.0,2812.93,,23442.059999999998,0.06353980536898325,,,,,434.83390243902437,0.9582463670366055,-46204.0,julho,julho,,0.0,23442.059999999998,0.06353980536898325,571.7575609756097,0.9582463670366055,2026-07-27 00:00:00,2026-08-03 00:00:00,00:00:00,27,2026,2026
1,VELD_FINAL,B-664 RAA4J73499104,2673,258,MENSAL,381600.0,21192.0,720,BERTOLINI,Rodoviário,PA/ PA,2026-07-02 00:00:00,EXP AND,Manaus AM,Carazinho,RS,EXTRAPLAST F2,2026-07-02 00:00:00,10:00:00,2026-07-02 00:00:00,08:37:00,13:32:00,PERFORMANCE,DENTRO DO HR,04:55:00,04:00:00,NÃO PERF.,B-664 RAA4J73,499104,2026-07-04 00:00:00,ENT. REALIZADA ,2026-07-16 00:00:00,2026-07-17 00:00:00,ENT. REALIZADA ,2,12,1,15,20.0,PERFORMANCE,,121334,26268.22,1951.36,,969.14,3980.32,,33169.04,0.08692096436058701,,,,,36.48363888888889,1.5651679879199698,-46205.0,julho,julho,,0.0,33169.04,0.08692096436058701,46.068111111111115,1.5651679879199698,2026-07-16 00:00:00,2026-07-17 00:00:00,00:00:00,27,2026,2026
1,VELD_FINAL,B-719 RYP4G44493486,2674,259,MENSAL,429300.0,23722.0,810,BERTOLINI,Rodoviário,PA/ PA,2026-07-02 00:00:00,EXP AND,Manaus AM,Carazinho,RS,EXTRAPLAST F2,2026-07-02 00:00:00,10:00:00,2026-07-02 00:00:00,08:48:00,18:35:00,PERFORMANCE,DENTRO DO HR,09:47:00,04:00:00,NÃO PERF.,B-719 RYP4G44,493486,2026-07-04 00:00:00,ENT. REALIZADA ,2026-07-16 00:00:00,2026-07-17 00:00:00,ENT. REALIZADA ,2,12,1,15,20.0,PERFORMANCE,,121337,24885.35,2195.28,,912.06,3817.19,,31809.879999999997,0.0740970882832518,,,,,30.72265432098765,1.3409442711407131,-46205.0,julho,julho,,0.0,31809.879999999997,0.0740970882832518,39.27145679012345,1.3409442711407131,2026-07-16 00:00:00,2026-07-17 00:00:00,00:00:00,27,2026,2026
0,VELD_INTERM,B-719 RYP4G44493486,2674,1224,MENSAL,21224.32,1484.5,32,BERTOLINI,Rodoviário,PA/ PA,2026-07-02 00:00:00,EXP AND,Manaus AM,Carazinho,RS,EXTRAPLAST F2,2026-07-02 00:00:00,10:00:00,2026-07-02 00:00:00,08:48:00,18:35:00,PERFORMANCE,DENTRO DO HR,09:47:00,04:00:00,NÃO PERF.,B-719 RYP4G44,493486,2026-07-04 00:00:00,ENT. REALIZADA ,2026-07-16 00:00:00,2026-07-17 00:00:00,ENT. REALIZADA ,2,12,1,15,20.0,PERFORMANCE,,121338,1560.76,108.54,,57.08,235.42,,1961.8,0.09243170099206947,,,,,48.77375,1.321522398113843,-46205.0,julho,julho,,0.0,1961.8,0.09243170099206947,61.30625,1.321522398113843,2026-07-16 00:00:00,2026-07-17 00:00:00,00:00:00,27,2026,2026
1,VELD_FINAL,B-755 SDM8547498030,2675,262,MENSAL,415800.0,22776.0,990,BERTOLINI,Rodoviário,PA/ PA,2026-07-27 00:00:00,EXP AND,Manaus AM,Carazinho,RS,EXTRAPLAST F2,2026-07-27 00:00:00,10:00:00,2026-07-27 00:00:00,10:00:00,18:00:00,PERFORMANCE,DENTRO DO HR,08:00:00,04:00:00,NÃO PERF.,B-755 SDM8547,498030,2026-07-29 00:00:00,ENT. REALIZADA ,2026-08-13 00:00:00,2026-08-13 00:00:00,ENT. REALIZADA ,2,15,0,17,20.0,PERFORMANCE,,122702,26247.55,2126.25,,969.14,4001.31,,33344.25,0.08019300144300144,,,,,26.512676767676766,1.4640081664910432,-46230.0,julho,julho,,0.0,33344.25,0.08019300144300144,33.681060606060605,1.4640081664910432,2026-08-13 00:00:00,2026-08-13 00:00:00,00:00:00,31,2026,2026
1,VELD_FINAL,B157 RBN3A55498505,2676,263,MENSAL,429300.0,23818.25,810,BERTOLINI,Rodoviário,PA/ PA,2026-07-28 00:00:00,EXP AND,Manaus AM,Carazinho,RS,EXTRAPLAST F2,2026-07-28 00:00:00,10:00:00,2026-07-27 00:00:00,10:00:00,18:00:00,PERFORMANCE,DENTRO DO HR,08:00:00,04:00:00,NÃO PERF.,B157 RBN3A55,498505,2026-07-29 00:00:00,ENT. REALIZADA ,2026-08-13 00:00:00,2026-08-13 00:00:00,ENT. REALIZADA ,2,15,0,17,20.0,PERFORMANCE,,122729,26239.27,2195.28,,969.14,4009.59,,33413.28,0.07783200559049615,,,,,32.39416049382716,1.402843617814071,-46230.0,julho,julho,,0.0,33413.28,0.07783200559049615,41.25096296296296,1.402843617814071,2026-08-13 00:00:00,2026-08-13 00:00:00,00:00:00,31,2026,2026
1,VELD_FINAL,MRKU24829181704245,6AMAK4567,265,MENSAL,265000.0,14710.5,500,ALIANÇA,Cabotagem,PA/ PA,2026-07-31 00:00:00,EXP AND,Manaus AM,Carazinho,RS,EXTRAPLAST F2,2026-07-31 00:00:00,11:00:00,2026-07-31 00:00:00,09:16:00,12:51:00,PERFORMANCE,DENTRO DO HR,03:35:00,02:00:00,NÃO PERF.,MRKU2482918,1704245,2026-08-01 00:00:00,ENT. REALIZADA ,2026-08-24 00:00:00,2026-08-28 00:00:00,ENT. REALIZADA ,1,23,4,28,30.0,PERFORMANCE,,547689,15489.17,384.25,1768.88,343.18,2452.57,,20438.05,0.07712471698113207,,,,,30.97834,1.3893511437408652,-46234.0,julho,julho,,0.0,20438.05,0.07712471698113207,40.8761,1.3893511437408652,2026-08-24 00:00:00,2026-08-28 00:00:00,00:00:00,31,2026,2026
0,VELD_FINAL,MRKU24829181704245,6AMAK4567,266,MENSAL,119250.0,6606.0,225,ALIANÇA,Cabotagem,PA/ PA,2026-07-31 00:00:00,EXP AND,Manaus AM,Carazinho,RS,EXTRAPLAST F2,2026-07-31 00:00:00,11:00:00,2026-07-31 00:00:00,09:16:00,12:51:00,PERFORMANCE,DENTRO DO HR,03:35:00,02:00:00,NÃO PERF.,MRKU2482918,1704245,2026-08-01 00:00:00,ENT. REALIZADA ,2026-08-24 00:00:00,2026-08-28 00:00:00,ENT. REALIZADA ,1,23,4,28,30.0,PERFORMANCE,,547689,,,,,,,0.0,0.0,,,,,0,0.0,-46234.0,julho,julho,,0.0,0.0,0.0,0.0,0.0,2026-08-24 00:00:00,2026-08-28 00:00:00,00:00:00,31,2026,2026
0,VELD_INTERM,MRKU24829181704245,6AMAK4567,1294,MENSAL,45319.5,3219.0,27,ALIANÇA,Cabotagem,PA/ PA,2026-07-31 00:00:00,EXP AND,Manaus AM,Carazinho,RS,EXTRAPLAST F2,2026-07-31 00:00:00,11:00:00,2026-07-31 00:00:00,09:16:00,12:51:00,PERFORMANCE,DENTRO DO HR,03:35:00,02:00:00,NÃO PERF.,MRKU2482918,1704245,2026-08-01 00:00:00,ENT. REALIZADA ,2026-08-24 00:00:00,2026-08-28 00:00:00,ENT. REALIZADA ,1,23,4,28,30.0,PERFORMANCE,,547690,2339.02,45.32,267.12,51.82,368.63,,3071.9100000000003,0.06778340449475392,,,,,86.63037037037037,0.9543056849953403,-46234.0,julho,julho,,0.0,3071.9100000000003,0.06778340449475392,113.77444444444446,0.9543056849953403,2026-08-24 00:00:00,2026-08-28 00:00:00,00:00:00,31,2026,2026
1,VELD_FINAL,FROTA 0033,2677,264,EM TRANSBORDO,238500.0,13396.0,450,HMB TRANSPORTES,Rodoviário,PA/ PA,2026-07-31 00:00:00,EXP AND,Manaus AM,Carazinho,RS,EXTRAPLAST F2,2026-07-31 00:00:00,08:00:00,2026-08-12 00:00:00,08:00:00,11:00:00,NÃO PERF,DENTRO DO HR,03:00:00,04:00:00,PERFORMANCE,FROTA 003,3,2026-08-13 00:00:00,ENT. REALIZADA ,2026-08-21 00:00:00,2026-08-21 00:00:00,ENT. REALIZADA ,1,8,0,9,20.0,PERFORMANCE,,1927,16678.29,,,,,,16678.29,0.06992993710691824,,,,,37.06286666666667,1.24502015527023,-46246.0,julho,agosto,,0.0,16678.29,0.06992993710691824,37.06286666666667,1.24502015527023,2026-08-21 00:00:00,2026-08-21 00:00:00,00:00:00,33,2026,2026
O,VELD_INTERM,FROTA 0033,2677,1292,EM TRANSBORDO,94586.13,6684.0,124,HMB TRANSPORTES,Rodoviário,PA/ PA,2026-07-31 00:00:00,EXP AND,Manaus AM,Carazinho,RS,EXTRAPLAST F2,2026-07-31 00:00:00,08:00:00,2026-08-12 00:00:00,08:00:00,11:00:00,NÃO PERF,DENTRO DO HR,03:00:00,04:00:00,PERFORMANCE,FROTA 003,3,2026-08-13 00:00:00,ENT. REALIZADA ,2026-08-21 00:00:00,2026-08-21 00:00:00,ENT. REALIZADA ,1,8,0,9,20.0,PERFORMANCE,,1927,8321.71,,,,,,8321.71,0.08798023557999464,,,,,67.11056451612903,1.2450194494314781,-46246.0,julho,agosto,,0.0,8321.71,0.08798023557999464,67.11056451612903,1.2450194494314781,2026-08-21 00:00:00,2026-08-21 00:00:00,00:00:00,33,2026,2026
1,VELD_FINAL,FROTA 0044,2678,267,EM TRANSBORDO,429300.0,24090.0,810,HMB TRANSPORTES,Rodoviário,PA/ PA,2026-07-31 00:00:00,EXP AND,Manaus AM,Carazinho,RS,EXTRAPLAST F2,2026-07-31 00:00:00,08:00:00,2026-08-12 00:00:00,08:00:00,11:00:00,NÃO PERF,DENTRO DO HR,03:00:00,04:00:00,PERFORMANCE,FROTA 004,4,2026-08-13 00:00:00,ENT. REALIZADA ,2026-08-21 00:00:00,2026-08-21 00:00:00,ENT. REALIZADA ,1,8,0,9,20.0,PERFORMANCE,,1926,25000.0,,,,,,25000.0,0.05823433496389471,,,,,30.864197530864196,1.03777501037775,-46246.0,julho,agosto,,0.0,25000.0,0.05823433496389471,30.864197530864196,1.03777501037775,2026-08-21 00:00:00,2026-08-21 00:00:00,00:00:00,33,2026,2026
0,VELD_FINAL,FROTA 0099,2679,268,EM TRANSBORDO,25690.5,2395.5,41,HMB TRANSPORTES,Rodoviário,PA/ PA,2026-07-31 00:00:00,EXP AND,Manaus AM,Carazinho,RS,EXTRAPLAST F2,2026-07-31 00:00:00,08:00:00,2026-08-12 00:00:00,08:00:00,11:00:00,NÃO PERF,DENTRO DO HR,03:00:00,04:00:00,PERFORMANCE,FROTA 009,9,2026-08-13 00:00:00,ENT. REALIZADA ,2026-08-21 00:00:00,2026-08-21 00:00:00,ENT. REALIZADA ,1,8,0,9,20.0,PERFORMANCE,,1929,3191.14,,,,,,3191.14,0.12421478756738871,,,,,77.83268292682926,1.3321394280943435,-46246.0,julho,agosto,,0.0,3191.14,0.12421478756738871,77.83268292682926,1.3321394280943435,2026-08-21 00:00:00,2026-08-21 00:00:00,00:00:00,33,2026,2026
1,VELD_INTERM,FROTA 0099,2679,1299,EM TRANSBORDO,263595.5,17051.5,50,HMB TRANSPORTES,Rodoviário,PA/ PA,2026-07-31 00:00:00,EXP AND,Manaus AM,Carazinho,RS,EXTRAPLAST F2,2026-07-31 00:00:00,08:00:00,2026-08-12 00:00:00,08:00:00,11:00:00,NÃO PERF,DENTRO DO HR,03:00:00,04:00:00,PERFORMANCE,FROTA 009,9,2026-08-13 00:00:00,ENT. REALIZADA ,2026-08-21 00:00:00,2026-08-21 00:00:00,ENT. REALIZADA ,1,8,0,9,20.0,PERFORMANCE,,1928,21808.86,,,,,,21808.86,0.08273608616232069,,,,,436.1772,1.2789995015101312,-46246.0,julho,agosto,,0.0,21808.86,0.08273608616232069,436.1772,1.2789995015101312,2026-08-21 00:00:00,2026-08-21 00:00:00,00:00:00,33,2026,2026
1,VELD_INTERM,FROTA 01010,2680,1298,EM TRANSBORDO,198194.28,12924.73,23,HMB TRANSPORTES,Rodoviário,PA/ PA,2026-07-31 00:00:00,EXP AND,Manaus AM,Carazinho,RS,EXTRAPLAST F2,2026-07-31 00:00:00,08:00:00,2026-08-12 00:00:00,08:00:00,11:00:00,NÃO PERF,DENTRO DO HR,03:00:00,04:00:00,PERFORMANCE,FROTA 010,10,2026-08-13 00:00:00,ENT. REALIZADA ,2026-08-21 00:00:00,2026-08-21 00:00:00,ENT. REALIZADA ,1,8,0,9,20.0,PERFORMANCE,,1930,12500.0,,,,,,12500.0,0.06306942864345026,,,,,543.4782608695652,0.9671381916682206,-46246.0,julho,agosto,,0.0,12500.0,0.06306942864345026,543.4782608695652,0.9671381916682206,2026-08-21 00:00:00,2026-08-21 00:00:00,00:00:00,33,2026,2026
0,VELD_INTERM,FROTA 01010,2680,1278,EM TRANSBORDO,189013.34,11238.43,20,HMB TRANSPORTES,Rodoviário,PA/ PA,2026-07-29 00:00:00,EXP AND,Manaus AM,Carazinho,RS,EXTRAPLAST F2,2026-07-31 00:00:00,08:00:00,2026-08-12 00:00:00,08:00:00,11:00:00,NÃO PERF,DENTRO DO HR,03:00:00,04:00:00,PERFORMANCE,FROTA 010,10,2026-08-13 00:00:00,ENT. REALIZADA ,2026-08-21 00:00:00,2026-08-21 00:00:00,ENT. REALIZADA ,1,8,0,9,20.0,PERFORMANCE,,1930,12500.0,,,,,,12500.0,0.06613289834463536,,,,,625,1.1122550035903591,-46246.0,julho,agosto,,0.0,12500.0,0.06613289834463536,625.0,1.1122550035903591,2026-08-21 00:00:00,2026-08-21 00:00:00,00:00:00,33,2026,2026
1,VELD_INTERM,GAOU71304811470055,6AMAK4568 A,1296,MENSAL,376399.28,25125.0,157,ALIANÇA,Cabotagem,PA/ PA,2026-07-31 00:00:00,EXP AND,Manaus AM,Carazinho,RS,EXTRAPLAST F2,2026-07-31 00:00:00,14:00:00,2026-07-31 00:00:00,13:45:00,17:27:00,PERFORMANCE,DENTRO DO HR,03:42:00,02:00:00,NÃO PERF.,GAOU7130481,1470055,2026-08-08 00:00:00,ENT. REALIZADA ,2026-08-31 00:00:00,2026-09-04 00:00:00,ENT. REALIZADA ,8,23,4,35,30.0,NÃO PERF.,,548084,17828.19,376.4,1886.0,395.0,2793.49,,23279.08,0.06184677080147444,,,,,113.55535031847133,0.9265305472636817,-46234.0,julho,julho,,0.0,23279.08,0.06184677080147444,148.2743949044586,0.9265305472636817,2026-08-31 00:00:00,2026-09-04 00:00:00,00:00:00,31,2026,2026
1,VELD_INTERM,MRKU29566581704381,6AMAK4568 B,1297,MENSAL,299228.16,26014.5,144,ALIANÇA,Cabotagem,PA/ PA,2026-07-31 00:00:00,EXP AND,Manaus AM,Carazinho,RS,EXTRAPLAST F2,2026-07-31 00:00:00,15:00:00,2026-07-31 00:00:00,18:04:00,19:55:00,PERFORMANCE,FORA DO HR,01:51:00,02:00:00,PERFORMANCE,MRKU2956658,1704381,2026-08-08 00:00:00,ENT. REALIZADA ,2026-08-31 00:00:00,2026-09-08 00:00:00,ENT. REALIZADA ,8,23,8,39,30.0,NÃO PERF.,,548940,17828.19,299.23,1886.0,395.0,2782.97,,23191.39,0.07750403571642456,,,,,123.80687499999999,0.8914793672759422,-46234.0,julho,julho,,0.0,23191.39,0.07750403571642456,161.05131944444443,0.8914793672759422,2026-08-31 00:00:00,2026-09-08 00:00:00,00:00:00,31,2026,2026
1,VELD_INTERM,TRHU7045773 1874934,LA0510548,1306,MENSAL,290101.19,27621.0,129,LOG-IN,Cabotagem,PA/ PA,2026-08-07 00:00:00,EXP AND,Manaus AM,Lauro de Freitas,BA,PLASKEM,2026-08-07 00:00:00,14:00:00,2026-08-07 00:00:00,13:45:00,18:31:00,PERFORMANCE,DENTRO DO HR,04:46:00,02:00:00,NÃO PERF.,TRHU7045773 ,1874934,2026-08-14 00:00:00,ENT. REALIZADA ,2026-08-29 00:00:00,2026-09-03 00:00:00,ENT. REALIZADA ,7,15,5,27,30.0,PERFORMANCE,,104140,8000.0,986.34,742.01,498.0,1394.5,340.91,11961.76,0.041233060781308756,COLETA - ESTADIA DE VEICULO,,,,62.01550387596899,0.433067593497701,-46241.0,agosto,agosto,,0.0,11961.76,0.041233060781308756,92.72682170542636,0.433067593497701,2026-08-29 00:00:00,2026-09-03 00:00:00,00:00:00,32,2026,2026
1,VELD_INTERM,TSG0A95 TRX4A70101313,2681,1308,MENSAL,264491.55,23920.0,494,HMB TRANSPORTES,Rodoviário,PA/ PA,2026-08-07 00:00:00,EXP AND,Manaus AM,Carazinho,RS,EXTRAPLAST F2,2026-08-07 00:00:00,15:00:00,2026-08-07 00:00:00,14:00:00,17:00:00,PERFORMANCE,DENTRO DO HR,03:00:00,03:00:00,PERFORMANCE,TSG0A95 TRX4A70,101313,2026-08-10 00:00:00,ENT. REALIZADA ,2026-08-20 00:00:00,2026-08-20 00:00:00,ENT. REALIZADA ,3,10,0,13,20.0,PERFORMANCE,19266,1909,25000.0,,,,,,25000.0,0.09452097808039614,,,,,50.607287449392715,1.0451505016722409,-46241.0,agosto,agosto,,0.0,25000.0,0.09452097808039614,50.607287449392715,1.0451505016722409,2026-08-20 00:00:00,2026-08-20 00:00:00,00:00:00,32,2026,2026
1,VELD_INTERM,MSMU48662001876010,LA0511268,1312,MENSAL,357270.75,27083.0,124,LOG-IN,Cabotagem,PA/ PA,2026-08-11 00:00:00,EXP AND,Manaus AM,Lauro de Freitas,BA,PLASKEM,2026-08-11 00:00:00,14:00:00,2026-08-11 00:00:00,13:45:00,15:16:00,PERFORMANCE,DENTRO DO HR,01:31:00,02:00:00,PERFORMANCE,MSMU4866200,1876010,2026-08-22 00:00:00,NAVEGANDO,2026-09-18 00:00:00,2026-09-22 00:00:00,NAVEGANDO,11,27,4,42,30.0,NÃO PERF.,MAO170649,105035,8000.0,1214.72,742.0,498.0,1425.64,,11880.359999999999,0.033253100064866765,,,,,64.51612903225806,0.43866484510578585,-46245.0,agosto,agosto,,0.0,11880.359999999999,0.033253100064866765,95.80935483870967,0.43866484510578585,2026-09-18 00:00:00,2026-09-22 00:00:00,00:00:00,33,2026,2026
1,VELD_INTERM,TGBU44198291875913,LA0511524,1318,MENSAL,422623.78,27333.0,49,LOG-IN,Cabotagem,PA/ PA,2026-08-12 00:00:00,EXP AND,Manaus AM,Carazinho,RS,EXTRAPLAST F2,2026-08-12 00:00:00,09:00:00,2026-08-12 00:00:00,07:48:00,10:32:00,PERFORMANCE,DENTRO DO HR,02:44:00,02:00:00,NÃO PERF.,TGBU4419829,1875913,2026-08-22 00:00:00,ENT. REALIZADA ,2026-09-01 00:00:00,2026-09-09 00:00:00,ENT. REALIZADA ,10,10,8,28,30.0,PERFORMANCE,x,104532,15800.0,1436.0,1090.0,778.0,2605.22,,21709.22,0.051367720008561754,,,,,322.44897959183675,0.7942494420663667,-46246.0,agosto,agosto,,0.0,21709.22,0.051367720008561754,443.045306122449,0.7942494420663667,2026-09-01 00:00:00,2026-09-09 00:00:00,00:00:00,33,2026,2026
1,VELD_INTERM,MSMU58130991875909,LA0511524,271,MENSAL,429300.0,24005.0,810,LOG-IN,Cabotagem,PA/ PA,2026-08-12 00:00:00,EXP AND,Manaus AM,Carazinho,RS,EXTRAPLAST F2,2026-08-12 00:00:00,14:00:00,2026-08-12 00:00:00,12:58:00,14:55:00,PERFORMANCE,DENTRO DO HR,01:57:00,02:00:00,PERFORMANCE,MSMU5813099,1875909,2026-08-22 00:00:00,ENT. REALIZADA ,2026-09-01 00:00:00,2026-09-10 00:00:00,ENT. REALIZADA ,10,10,9,29,30.0,PERFORMANCE,104531,104531,15800.0,1459.62,1090.0,778.0,2608.31,,21735.93,0.05063109713487072,,,,,19.506172839506174,0.9054751093522183,-46246.0,agosto,agosto,,0.0,21735.93,0.05063109713487072,26.834481481481482,0.9054751093522183,2026-09-01 00:00:00,2026-09-10 00:00:00,00:00:00,33,2026,2026
1,VELD_INTERM,F11 TSK4D15 101037 E 101038,2682,1325,MENSAL,404595.14,24572.0,43,HMB TRANSPORTES,Rodoviário,PA/ PA,2026-08-14 00:00:00,EXP AND,Manaus AM,Carazinho,RS,EXTRAPLAST F2,2026-08-14 00:00:00,10:00:00,2026-08-14 00:00:00,10:00:00,13:00:00,PERFORMANCE,DENTRO DO HR,03:00:00,04:00:00,PERFORMANCE,F11 TSK4D15, 101037 E 101038,2026-08-17 00:00:00,ENT. REALIZADA ,2026-09-04 00:00:00,2026-09-05 00:00:00,ENT. REALIZADA ,3,18,1,22,20.0,NÃO PERF.,19721,1937,25000.0,,,,,,25000.0,0.06179016386603161,,,,,581.3953488372093,1.017418199576754,-46248.0,agosto,agosto,,0.0,25000.0,0.06179016386603161,581.3953488372093,1.017418199576754,2026-09-04 00:00:00,2026-09-05 00:00:00,00:00:00,33,2026,2026
1,VELD_INTERM,F12 TSK4D35101312 e 101113,2683,1326,MENSAL,353682.25,23827.0,43,HMB TRANSPORTES,Rodoviário,PA/ PA,2026-08-14 00:00:00,EXP AND,Manaus AM,Carazinho,RS,EXTRAPLAST F2,2026-08-14 00:00:00,10:00:00,2026-08-14 00:00:00,10:00:00,13:00:00,PERFORMANCE,DENTRO DO HR,03:00:00,04:00:00,PERFORMANCE,F12 TSK4D35,101312 e 101113,2026-08-17 00:00:00,ENT. REALIZADA ,2026-09-04 00:00:00,2026-09-05 00:00:00,ENT. REALIZADA ,3,18,1,22,20.0,NÃO PERF.,19720,1936,25000.0,,,,,,25000.0,0.07068491562695046,,,,,581.3953488372093,1.0492298652788854,-46248.0,agosto,agosto,,0.0,25000.0,0.07068491562695046,581.3953488372093,1.0492298652788854,2026-09-04 00:00:00,2026-09-05 00:00:00,00:00:00,33,2026,2026
1,VELD_INTERM,SEGU40466261876005,LA0509916,272,MENSAL,214650.0,11291.4,405,LOG-IN,Cabotagem,PA/ PA,2026-08-14 00:00:00,EXP AND,Manaus AM,Carazinho,RS,EXTRAPLAST F2,2026-08-14 00:00:00,16:00:00,2026-08-14 00:00:00,16:14:00,18:12:00,PERFORMANCE,FORA DO HR,01:58:00,02:00:00,PERFORMANCE,SEGU4046626,1876005,2026-08-22 00:00:00,ENT. REALIZADA ,2026-09-01 00:00:00,2026-09-10 00:00:00,ENT. REALIZADA ,8,10,9,27,30.0,PERFORMANCE,MAO170650 ,105051,8611.08,729.81,424.01,594.06,1412.59,,11771.55,0.05484067085953878,,,,,21.261925925925926,1.0425235134704287,-46248.0,agosto,agosto,,0.0,11771.55,0.05484067085953878,29.065555555555555,1.0425235134704287,2026-09-01 00:00:00,2026-09-10 00:00:00,00:00:00,33,2026,2026
0,VELD_INTERM,SEGU40466261876005,LA0509916,1330,MENSAL,115647.68,9426.56,70,LOG-IN,Cabotagem,PA/ PA,2026-08-14 00:00:00,EXP AND,Manaus AM,Carazinho,RS,EXTRAPLAST F2,2026-08-14 00:00:00,16:00:00,2026-08-14 00:00:00,16:14:00,18:12:00,PERFORMANCE,FORA DO HR,01:58:00,02:00:00,PERFORMANCE,SEGU4046626,1876005,2026-08-22 00:00:00,ENT. REALIZADA ,2026-09-01 00:00:00,2026-09-10 00:00:00,ENT. REALIZADA ,8,10,9,27,30.0,PERFORMANCE,MAO170651,105052,7188.91,393.2,495.94,353.99,1149.82,,9581.859999999999,0.08285388863831941,,,,,102.69871428571429,1.016474726729581,-46248.0,agosto,agosto,,0.0,9581.859999999999,0.08285388863831941,136.88371428571426,1.016474726729581,2026-09-01 00:00:00,2026-09-10 00:00:00,00:00:00,33,2026,2026
1,VELD_INTERM,MRKU21343581711012,6AIBK669Y,1332,MENSAL,414004.34,26996.5,44,ALIANÇA,Cabotagem,PA/ PA,2026-08-18 00:00:00,NOVA GESTÃO,Manaus AM,Carazinho,RS,EXTRAPLAST F2,2026-08-18 00:00:00,10:00:00,2026-08-18 00:00:00,08:06:00,11:43:00,PERFORMANCE,DENTRO DO HR,03:37:00,02:00:00,NÃO PERF.,MRKU2134358,1711012,2026-08-24 00:00:00,NAVEGANDO,2026-09-14 00:00:00,2026-09-16 00:00:00,NAVEGANDO,6,21,2,29,30.0,PERFORMANCE,550419,550419,17828.19,414.0,1888.0,395.0,2798.62,,23323.809999999998,0.05633711472686493,,,,,405.1861363636363,0.8639568092160094,-46252.0,agosto,agosto,,0.0,23323.809999999998,0.05633711472686493,530.0865909090909,0.8639568092160094,2026-09-14 00:00:00,2026-09-16 00:00:00,00:00:00,34,2026,2026
1,VELD_INTERM,MRKU48823381706550,6AIBK697I,1336,MENSAL,341772.32,27530.0,458,ALIANÇA,Cabotagem,PA/ PA,2026-08-24 00:00:00,NOVA GESTÃO,Manaus AM,Carazinho,RS,EXTRAPLAST F2,2026-08-24 00:00:00,10:00:00,2026-08-24 00:00:00,08:58:00,15:14:00,PERFORMANCE,DENTRO DO HR,06:16:00,02:00:00,NÃO PERF.,MRKU4882338,1706550,2026-08-29 00:00:00,NAVEGANDO,2026-09-21 00:00:00,2026-09-23 00:00:00,NAVEGANDO,5,23,2,30,30.0,PERFORMANCE,Custo previsto,,21100.0,,,,,,21100.0,0.06173700667157598,,,,,46.069868995633186,0.7664366146022521,-46258.0,agosto,agosto,,0.0,21100.0,0.06173700667157598,46.069868995633186,0.7664366146022521,2026-09-21 00:00:00,2026-09-23 00:00:00,00:00:00,35,2026,2026
0,VELD_INTERM,MRKU48823381706550,6AIBK697I,1337,MENSAL,4050.0,300.0,1,ALIANÇA,Cabotagem,PA/ PA,2026-08-24 00:00:00,NOVA GESTÃO,Manaus AM,Carazinho,RS,EXTRAPLAST F2,2026-08-24 00:00:00,10:00:00,2026-08-24 00:00:00,08:58:00,15:14:00,PERFORMANCE,DENTRO DO HR,06:16:00,02:00:00,NÃO PERF.,MRKU4882338,1706550,2026-08-29 00:00:00,NAVEGANDO,2026-09-21 00:00:00,2026-09-23 00:00:00,NAVEGANDO,5,23,2,30,30.0,PERFORMANCE,Custo previsto,,2250.0,,,,,,2250.0,0.5555555555555556,,,,,2250,7.5,-46258.0,agosto,agosto,,0.0,2250.0,0.5555555555555556,2250.0,7.5,2026-09-21 00:00:00,2026-09-23 00:00:00,00:00:00,35,2026,2026
1,VELD_INTERM,TGBU75492401872997,LA0513784,1338,MENSAL,390791.53,27597.5,197,LOG-IN,Cabotagem,PA/ PA,2026-08-24 00:00:00,NOVA GESTÃO,Manaus AM,Carazinho,RS,EXTRAPLAST F2,2026-08-26 00:00:00,09:00:00,2026-08-26 00:00:00,08:46:00,10:24:00,PERFORMANCE,DENTRO DO HR,01:38:00,02:00:00,PERFORMANCE,TGBU7549240,1872997,2026-09-04 00:00:00,PORTO ORIGEM,2026-09-15 00:00:00,2026-09-18 00:00:00,NAVEGANDO,9,11,3,23,30.0,PERFORMANCE,0MAO172032-01,106357,15800.0,1328.69,1090.0,778.0,2590.46,,21587.149999999998,0.05523955444991348,,,,,80.20304568527919,0.7822139686565811,-46260.0,agosto,agosto,,0.0,21587.149999999998,0.05523955444991348,109.57944162436547,0.7822139686565811,2026-09-15 00:00:00,2026-09-18 00:00:00,00:00:00,35,2026,2026
1,VELD_INTERM,TCLU88055711929458,	LA0513979,1342,MENSAL,373125.68,27586.0,380,LOG-IN,Cabotagem,PA/ PA,2026-08-26 00:00:00,NOVA GESTÃO,Manaus AM,Carazinho,RS,EXTRAPLAST F2,2026-08-26 00:00:00,14:00:00,2026-08-26 00:00:00,14:23:00,15:47:00,PERFORMANCE,FORA DO HR,01:24:00,02:00:00,PERFORMANCE,TCLU8805571,1929458,2026-09-04 00:00:00,PORTO ORIGEM,2026-09-15 00:00:00,2026-09-18 00:00:00,NAVEGANDO,9,11,3,23,30.0,PERFORMANCE,0MAO172033-01,106358,15800.0,1268.63,1090.0,778.0,2582.27,,21518.9,0.057671988698285256,,,,,41.578947368421055,0.7800659754948163,-46260.0,agosto,agosto,,0.0,21518.9,0.057671988698285256,56.628684210526316,0.7800659754948163,2026-09-15 00:00:00,2026-09-18 00:00:00,00:00:00,35,2026,2026
1,VELD_INTERM,CAAU81645241929456,	LA0513979,1345,MENSAL,324750.9,27191.5,198,LOG-IN,Cabotagem,PA/ PA,2026-08-27 00:00:00,NOVA GESTÃO,Manaus AM,Carazinho,RS,EXTRAPLAST F2,2026-08-27 00:00:00,09:00:00,2026-08-27 00:00:00,07:40:00,10:14:00,PERFORMANCE,DENTRO DO HR,02:34:00,02:00:00,NÃO PERF.,CAAU8164524,1929456,2026-09-04 00:00:00,PORTO ORIGEM,2026-09-15 00:00:00,2026-09-18 00:00:00,NAVEGANDO,8,11,3,22,30.0,PERFORMANCE,106362,106362,15800.0,1104.15,1090.0,778.0,2559.84,,21331.99,0.06568723904999185,,,,,79.79797979797979,0.7845094974532483,-46261.0,agosto,agosto,,0.0,21331.99,0.06568723904999185,107.73732323232323,0.7845094974532483,2026-09-15 00:00:00,2026-09-18 00:00:00,00:00:00,35,2026,2026
1,VELD_FINAL,CASS 1C111,CASS 1C,274,MENSAL,67661.95,4475.52,96,ALIANÇA,Cabotagem,PA/ PA,2026-08-31 00:00:00,BATISTA,Manaus AM,ERECHIM,RS,CASSUL DISTRIB ,2026-09-10 00:00:00,,2026-09-10 00:00:00,,,PERFORMANCE,DENTRO DO HR,00:00:00,02:00:00,PERFORMANCE,CASS 1C,111,2026-09-12 00:00:00,PLANEJADO,2026-10-04 00:00:00,2026-10-06 00:00:00,NAVEGANDO,2,22,2,26,,NÃO PERF.,,,,,,,,,0.0,0.0,,,,,0,0.0,-46275.0,agosto,setembro,,0.0,0.0,0.0,0.0,0.0,2026-10-04 00:00:00,2026-10-06 00:00:00,00:00:00,37,2026,2026
0,VELD_FINAL,CASS 1C111,CASS 1C,275,MENSAL,67661.95,4475.52,96,ALIANÇA,Cabotagem,PA/ PA,2026-08-31 00:00:00,BATISTA,Manaus AM,ERECHIM,RS,CASSUL DISTRIB ,2026-09-10 00:00:00,,2026-09-10 00:00:00,,,PERFORMANCE,DENTRO DO HR,00:00:00,02:00:00,PERFORMANCE,CASS 1C,111,2026-09-12 00:00:00,PLANEJADO,2026-10-04 00:00:00,2026-10-06 00:00:00,NAVEGANDO,2,22,2,26,,NÃO PERF.,,,,,,,,,0.0,0.0,,,,,0,0.0,-46275.0,agosto,setembro,,0.0,0.0,0.0,0.0,0.0,2026-10-04 00:00:00,2026-10-06 00:00:00,00:00:00,37,2026,2026
0,VELD_FINAL,CASS 1C111,CASS 1C,276,MENSAL,169154.88,10557.6,120,ALIANÇA,Cabotagem,PA/ PA,2026-08-31 00:00:00,BATISTA,Manaus AM,ERECHIM,RS,CASSUL DISTRIB ,2026-09-10 00:00:00,,2026-09-10 00:00:00,,,PERFORMANCE,DENTRO DO HR,00:00:00,02:00:00,PERFORMANCE,CASS 1C,111,2026-09-12 00:00:00,PLANEJADO,2026-10-04 00:00:00,2026-10-06 00:00:00,NAVEGANDO,2,22,2,26,,NÃO PERF.,,,,,,,,,0.0,0.0,,,,,0,0.0,-46275.0,agosto,setembro,,0.0,0.0,0.0,0.0,0.0,2026-10-04 00:00:00,2026-10-06 00:00:00,00:00:00,37,2026,2026
0,VELD_FINAL,CASS 1C111,CASS 1C,277,MENSAL,49336.84,3193.4,20,ALIANÇA,Cabotagem,PA/ PA,2026-08-31 00:00:00,BATISTA,Manaus AM,ERECHIM,RS,CASSUL DISTRIB ,2026-09-10 00:00:00,,2026-09-10 00:00:00,,,PERFORMANCE,DENTRO DO HR,00:00:00,02:00:00,PERFORMANCE,CASS 1C,111,2026-09-12 00:00:00,PLANEJADO,2026-10-04 00:00:00,2026-10-06 00:00:00,NAVEGANDO,2,22,2,26,,NÃO PERF.,,,,,,,,,0.0,0.0,,,,,0,0.0,-46275.0,agosto,setembro,,0.0,0.0,0.0,0.0,0.0,2026-10-04 00:00:00,2026-10-06 00:00:00,00:00:00,37,2026,2026
0,VELD_FINAL,CASS 1C111,CASS 1C,279,MENSAL,52094.8,3398.0,50,ALIANÇA,Cabotagem,PA/ PA,2026-08-31 00:00:00,BATISTA,Manaus AM,ERECHIM,RS,CASSUL DISTRIB ,2026-09-10 00:00:00,,2026-09-10 00:00:00,,,PERFORMANCE,DENTRO DO HR,00:00:00,02:00:00,PERFORMANCE,CASS 1C,111,2026-09-12 00:00:00,PLANEJADO,2026-10-04 00:00:00,2026-10-06 00:00:00,NAVEGANDO,2,22,2,26,,NÃO PERF.,,,,,,,,,0.0,0.0,,,,,0,0.0,-46275.0,agosto,setembro,,0.0,0.0,0.0,0.0,0.0,2026-10-04 00:00:00,2026-10-06 00:00:00,00:00:00,37,2026,2026
0,VELD_FINAL,CASS 1C111,CASS 2C,278,MENSAL,23442.66,1529.1,30,ALIANÇA,Cabotagem,PA/ PA,2026-08-31 00:00:00,BATISTA,Manaus AM,ERECHIM,RS,CASSUL DISTRIB ,2026-09-10 00:00:00,,2026-09-10 00:00:00,,,PERFORMANCE,DENTRO DO HR,00:00:00,02:00:00,PERFORMANCE,CASS 1C,111,2026-09-12 00:00:00,PLANEJADO,2026-10-04 00:00:00,2026-10-06 00:00:00,NAVEGANDO,2,22,2,26,,NÃO PERF.,,,,,,,,,0.0,0.0,,,,,0,0.0,-46275.0,agosto,setembro,,0.0,0.0,0.0,0.0,0.0,2026-10-04 00:00:00,2026-10-06 00:00:00,00:00:00,37,2026,2026
0,VELD_FINAL,CASS 2C222,CASS 2C,280,MENSAL,19535.55,1311.75,50,ALIANÇA,Cabotagem,PA/ PA,2026-08-31 00:00:00,BATISTA,Manaus AM,ERECHIM,RS,CASSUL DISTRIB ,2026-09-10 00:00:00,,2026-09-10 00:00:00,,,PERFORMANCE,DENTRO DO HR,00:00:00,02:00:00,PERFORMANCE,CASS 2C,222,2026-09-12 00:00:00,PLANEJADO,2026-10-04 00:00:00,2026-10-06 00:00:00,NAVEGANDO,2,22,2,26,,NÃO PERF.,,,,,,,,,0.0,0.0,,,,,0,0.0,-46275.0,agosto,setembro,,0.0,0.0,0.0,0.0,0.0,2026-10-04 00:00:00,2026-10-06 00:00:00,00:00:00,37,2026,2026
0,VELD_FINAL,CASS 2C222,CASS 2C,281,MENSAL,15858.27,1048.95,30,ALIANÇA,Cabotagem,PA/ PA,2026-08-31 00:00:00,BATISTA,Manaus AM,ERECHIM,RS,CASSUL DISTRIB ,2026-09-10 00:00:00,,2026-09-10 00:00:00,,,PERFORMANCE,DENTRO DO HR,00:00:00,02:00:00,PERFORMANCE,CASS 2C,222,2026-09-12 00:00:00,PLANEJADO,2026-10-04 00:00:00,2026-10-06 00:00:00,NAVEGANDO,2,22,2,26,,NÃO PERF.,,,,,,,,,0.0,0.0,,,,,0,0.0,-46275.0,agosto,setembro,,0.0,0.0,0.0,0.0,0.0,2026-10-04 00:00:00,2026-10-06 00:00:00,00:00:00,37,2026,2026
0,VELD_FINAL,CASS 2C222,CASS 2C,282,MENSAL,26047.4,1769.0,40,ALIANÇA,Cabotagem,PA/ PA,2026-08-31 00:00:00,BATISTA,Manaus AM,ERECHIM,RS,CASSUL DISTRIB ,2026-09-10 00:00:00,,2026-09-10 00:00:00,,,PERFORMANCE,DENTRO DO HR,00:00:00,02:00:00,PERFORMANCE,CASS 2C,222,2026-09-12 00:00:00,PLANEJADO,2026-10-04 00:00:00,2026-10-06 00:00:00,NAVEGANDO,2,22,2,26,,NÃO PERF.,,,,,,,,,0.0,0.0,,,,,0,0.0,-46275.0,agosto,setembro,,0.0,0.0,0.0,0.0,0.0,2026-10-04 00:00:00,2026-10-06 00:00:00,00:00:00,37,2026,2026
1,VELD_FINAL,CASS 2C222,CASS 2C,283,MENSAL,26047.4,1824.0,50,ALIANÇA,Cabotagem,PA/ PA,2026-08-31 00:00:00,BATISTA,Manaus AM,ERECHIM,RS,CASSUL DISTRIB ,2026-09-10 00:00:00,,2026-09-10 00:00:00,,,PERFORMANCE,DENTRO DO HR,00:00:00,02:00:00,PERFORMANCE,CASS 2C,222,2026-09-12 00:00:00,PLANEJADO,2026-10-04 00:00:00,2026-10-06 00:00:00,NAVEGANDO,2,22,2,26,,NÃO PERF.,,,,,,,,,0.0,0.0,,,,,0,0.0,-46275.0,agosto,setembro,,0.0,0.0,0.0,0.0,0.0,2026-10-04 00:00:00,2026-10-06 00:00:00,00:00:00,37,2026,2026
0,VELD_FINAL,CASS 2C222,CASS 2C,284,MENSAL,35240.6,2351.0,40,ALIANÇA,Cabotagem,PA/ PA,2026-08-31 00:00:00,BATISTA,Manaus AM,ERECHIM,RS,CASSUL DISTRIB ,2026-09-10 00:00:00,,2026-09-10 00:00:00,,,PERFORMANCE,DENTRO DO HR,00:00:00,02:00:00,PERFORMANCE,CASS 2C,222,2026-09-12 00:00:00,PLANEJADO,2026-10-04 00:00:00,2026-10-06 00:00:00,NAVEGANDO,2,22,2,26,,NÃO PERF.,,,,,,,,,0.0,0.0,,,,,0,0.0,-46275.0,agosto,setembro,,0.0,0.0,0.0,0.0,0.0,2026-10-04 00:00:00,2026-10-06 00:00:00,00:00:00,37,2026,2026
0,VELD_FINAL,CASS 2C222,CASS 2C,285,MENSAL,23442.66,1589.1,30,ALIANÇA,Cabotagem,PA/ PA,2026-08-31 00:00:00,BATISTA,Manaus AM,ERECHIM,RS,CASSUL DISTRIB ,2026-09-10 00:00:00,,2026-09-10 00:00:00,,,PERFORMANCE,DENTRO DO HR,00:00:00,02:00:00,PERFORMANCE,CASS 2C,222,2026-09-12 00:00:00,PLANEJADO,2026-10-04 00:00:00,2026-10-06 00:00:00,NAVEGANDO,2,22,2,26,,NÃO PERF.,,,,,,,,,0.0,0.0,,,,,0,0.0,-46275.0,agosto,setembro,,0.0,0.0,0.0,0.0,0.0,2026-10-04 00:00:00,2026-10-06 00:00:00,00:00:00,37,2026,2026
0,VELD_FINAL,CASS 2C222,CASS 2C,286,MENSAL,63433.08,4225.8,60,ALIANÇA,Cabotagem,PA/ PA,2026-08-31 00:00:00,BATISTA,Manaus AM,ERECHIM,RS,CASSUL DISTRIB ,2026-09-10 00:00:00,,2026-09-10 00:00:00,,,PERFORMANCE,DENTRO DO HR,00:00:00,02:00:00,PERFORMANCE,CASS 2C,222,2026-09-12 00:00:00,PLANEJADO,2026-10-04 00:00:00,2026-10-06 00:00:00,NAVEGANDO,2,22,2,26,,NÃO PERF.,,,,,,,,,0.0,0.0,,,,,0,0.0,-46275.0,agosto,setembro,,0.0,0.0,0.0,0.0,0.0,2026-10-04 00:00:00,2026-10-06 00:00:00,00:00:00,37,2026,2026
0,VELD_FINAL,CASS 2C222,CASS 2C,287,MENSAL,35240.6,2331.0,25,ALIANÇA,Cabotagem,PA/ PA,2026-08-31 00:00:00,BATISTA,Manaus AM,ERECHIM,RS,CASSUL DISTRIB ,2026-09-10 00:00:00,,2026-09-10 00:00:00,,,PERFORMANCE,DENTRO DO HR,00:00:00,02:00:00,PERFORMANCE,CASS 2C,222,2026-09-12 00:00:00,PLANEJADO,2026-10-04 00:00:00,2026-10-06 00:00:00,NAVEGANDO,2,22,2,26,,NÃO PERF.,,,,,,,,,0.0,0.0,,,,,0,0.0,-46275.0,agosto,setembro,,0.0,0.0,0.0,0.0,0.0,2026-10-04 00:00:00,2026-10-06 00:00:00,00:00:00,37,2026,2026
0,VELD_FINAL,CASS 2C222,CASS 2C,288,MENSAL,18233.18,1224.3,20,ALIANÇA,Cabotagem,PA/ PA,2026-08-31 00:00:00,BATISTA,Manaus AM,ERECHIM,RS,CASSUL DISTRIB ,2026-09-10 00:00:00,,2026-09-10 00:00:00,,,PERFORMANCE,DENTRO DO HR,00:00:00,02:00:00,PERFORMANCE,CASS 2C,222,2026-09-12 00:00:00,PLANEJADO,2026-10-04 00:00:00,2026-10-06 00:00:00,NAVEGANDO,2,22,2,26,,NÃO PERF.,,,,,,,,,0.0,0.0,,,,,0,0.0,-46275.0,agosto,setembro,,0.0,0.0,0.0,0.0,0.0,2026-10-04 00:00:00,2026-10-06 00:00:00,00:00:00,37,2026,2026
0,VELD_FINAL,CASS 2C222,CASS 2C,289,MENSAL,37002.63,2447.55,30,ALIANÇA,Cabotagem,PA/ PA,2026-08-31 00:00:00,BATISTA,Manaus AM,ERECHIM,RS,CASSUL DISTRIB ,2026-09-10 00:00:00,,2026-09-10 00:00:00,,,PERFORMANCE,DENTRO DO HR,00:00:00,02:00:00,PERFORMANCE,CASS 2C,222,2026-09-12 00:00:00,PLANEJADO,2026-10-04 00:00:00,2026-10-06 00:00:00,NAVEGANDO,2,22,2,26,,NÃO PERF.,,,,,,,,,0.0,0.0,,,,,0,0.0,-46275.0,agosto,setembro,,0.0,0.0,0.0,0.0,0.0,2026-10-04 00:00:00,2026-10-06 00:00:00,00:00:00,37,2026,2026
0,VELD_FINAL,CASS 2C222,CASS 2C,290,MENSAL,74005.26,4790.1,70,ALIANÇA,Cabotagem,PA/ PA,2026-08-31 00:00:00,BATISTA,Manaus AM,ERECHIM,RS,CASSUL DISTRIB ,2026-09-10 00:00:00,,2026-09-10 00:00:00,,,PERFORMANCE,DENTRO DO HR,00:00:00,02:00:00,PERFORMANCE,CASS 2C,222,2026-09-12 00:00:00,PLANEJADO,2026-10-04 00:00:00,2026-10-06 00:00:00,NAVEGANDO,2,22,2,26,,NÃO PERF.,,,,,,,,,0.0,0.0,,,,,0,0.0,-46275.0,agosto,setembro,,0.0,0.0,0.0,0.0,0.0,2026-10-04 00:00:00,2026-10-06 00:00:00,00:00:00,37,2026,2026
1,VELD_INTERM,MSDU67629601929461,LA0516695,1351,MENSAL,270124.42,18054.5,320,LOG-IN,Cabotagem,PA/ PA,2026-08-31 00:00:00,BATISTA,Manaus AM,Ribeirão Preto,SP,OKUBO,2026-09-08 00:00:00,09:00:00,2026-09-08 00:00:00,12:17:00,13:47:00,PERFORMANCE,FORA DO HR,01:30:00,02:00:00,PERFORMANCE,MSDU6762960,1929461,2026-09-18 00:00:00,PORTO ORIGEM,2026-09-27 00:00:00,2026-10-01 00:00:00,NAVEGANDO,10,9,4,23,,NÃO PERF.,,,,,,,,,0.0,0.0,,,,,0,0.0,-46273.0,agosto,setembro,,0.0,0.0,0.0,0.0,0.0,2026-09-27 00:00:00,2026-10-01 00:00:00,00:00:00,37,2026,2026
0,VELD_INTERM,MSDU67629601929461,LA0516695,1352,MENSAL,100046.08,6311.0,80,LOG-IN,Cabotagem,PA/ PA,2026-08-31 00:00:00,BATISTA,Manaus AM,Ribeirão Preto,SP,OKUBO,2026-09-08 00:00:00,09:00:00,2026-09-08 00:00:00,12:17:00,13:47:00,PERFORMANCE,FORA DO HR,01:30:00,02:00:00,PERFORMANCE,MSDU6762960,1929461,2026-09-18 00:00:00,PORTO ORIGEM,2026-09-27 00:00:00,2026-10-01 00:00:00,NAVEGANDO,10,9,4,23,,NÃO PERF.,,,,,,,,,0.0,0.0,,,,,0,0.0,-46273.0,agosto,setembro,,0.0,0.0,0.0,0.0,0.0,2026-09-27 00:00:00,2026-10-01 00:00:00,00:00:00,37,2026,2026
1,VELD_INTERM, CAAU58166971931873,LA0516695,1353,MENSAL,216099.53,14400.5,265,LOG-IN,Cabotagem,PA/ PA,2026-08-31 00:00:00,BATISTA,Manaus AM,Ribeirão Preto,SP,OKUBO,2026-09-10 00:00:00,14:00:00,2026-09-10 00:00:00,13:55:00,15:20:00,PERFORMANCE,DENTRO DO HR,01:25:00,02:00:00,PERFORMANCE, CAAU5816697,1931873,2026-09-18 00:00:00,PORTO ORIGEM,2026-09-27 00:00:00,2026-10-01 00:00:00,NAVEGANDO,8,9,4,21,,NÃO PERF.,,,,,,,,,0.0,0.0,,,,,0,0.0,-46275.0,agosto,setembro,,0.0,0.0,0.0,0.0,0.0,2026-09-27 00:00:00,2026-10-01 00:00:00,00:00:00,37,2026,2026
0,VELD_INTERM, CAAU58166971931873,LA0516695,1354,MENSAL,150069.12,9517.5,120,LOG-IN,Cabotagem,PA/ PA,2026-08-31 00:00:00,BATISTA,Manaus AM,Ribeirão Preto,SP,OKUBO,2026-09-10 00:00:00,14:00:00,2026-09-10 00:00:00,13:55:00,15:20:00,PERFORMANCE,DENTRO DO HR,01:25:00,02:00:00,PERFORMANCE, CAAU5816697,1931873,2026-09-18 00:00:00,PORTO ORIGEM,2026-09-27 00:00:00,2026-10-01 00:00:00,NAVEGANDO,8,9,4,21,,NÃO PERF.,,,,,,,,,0.0,0.0,,,,,0,0.0,-46275.0,agosto,setembro,,0.0,0.0,0.0,0.0,0.0,2026-09-27 00:00:00,2026-10-01 00:00:00,00:00:00,37,2026,2026
1,VELD_INTERM,CAIU48380141927518,LA0516695,1355,MENSAL,229028.36,15460.0,280,LOG-IN,Cabotagem,PA/ PA,2026-08-31 00:00:00,BATISTA,Manaus AM,Ribeirão Preto,SP,OKUBO,2026-09-10 00:00:00,09:00:00,2026-09-10 00:00:00,16:03:00,17:44:00,PERFORMANCE,FORA DO HR,01:41:00,02:00:00,PERFORMANCE,CAIU4838014,1927518,2026-09-18 00:00:00,PORTO ORIGEM,2026-09-27 00:00:00,2026-10-01 00:00:00,NAVEGANDO,8,9,4,21,,NÃO PERF.,,,,,,,,,0.0,0.0,,,,,0,0.0,-46275.0,agosto,setembro,,0.0,0.0,0.0,0.0,0.0,2026-09-27 00:00:00,2026-10-01 00:00:00,00:00:00,37,2026,2026
0,VELD_INTERM,CAIU48380141927518,LA0516695,1356,MENSAL,76285.14,5322.0,146,LOG-IN,Cabotagem,PA/ PA,2026-08-31 00:00:00,BATISTA,Manaus AM,Ribeirão Preto,SP,OKUBO,2026-09-10 00:00:00,09:00:00,2026-09-10 00:00:00,16:03:00,17:44:00,PERFORMANCE,FORA DO HR,01:41:00,02:00:00,PERFORMANCE,CAIU4838014,1927518,2026-09-18 00:00:00,PORTO ORIGEM,2026-09-27 00:00:00,2026-10-01 00:00:00,NAVEGANDO,8,9,4,21,,NÃO PERF.,,,,,,,,,0.0,0.0,,,,,0,0.0,-46275.0,agosto,setembro,,0.0,0.0,0.0,0.0,0.0,2026-09-27 00:00:00,2026-10-01 00:00:00,00:00:00,37,2026,2026
0,VELD_INTERM,CAIU48380141927518,LA0516695,1372,MENSAL,50852.48,4475.0,70,LOG-IN,Cabotagem,PA/ PA,2026-08-31 00:00:00,BATISTA,Manaus AM,Ribeirão Preto,SP,OKUBO,2026-09-10 00:00:00,09:00:00,2026-09-10 00:00:00,16:03:00,17:44:00,PERFORMANCE,FORA DO HR,01:41:00,02:00:00,PERFORMANCE,CAIU4838014,1927518,2026-09-18 00:00:00,PORTO ORIGEM,2026-09-27 00:00:00,2026-10-01 00:00:00,NAVEGANDO,8,9,4,21,,NÃO PERF.,,,,,,,,,0.0,0.0,,,,,0,0.0,-46275.0,agosto,setembro,,0.0,0.0,0.0,0.0,0.0,2026-09-27 00:00:00,2026-10-01 00:00:00,00:00:00,37,2026,2026
